id,funding_id,amount,is_settled,is_signed,created_at,updated_at
a18770fd-f4e2-b205-4a5c-33f591024ac2,31cac1c3-dd24-8a19-c8ee-0c563f05e92f,4500000.0,True,True,2025-05-26T08:28:29Z,2025-05-26T08:32:25Z
7b4324d7-2157-67a1-1198-84a5a2f3f473,31cac1c3-dd24-8a19-c8ee-0c563f05e92f,4500000.0,True,True,2025-05-27T15:03:01Z,2025-05-27T06:24:22Z
60254752-67fd-f595-8221-2ecfb449cda3,254a8f6c-d978-9470-6315-85592f490501,333333.33,True,True,2025-12-09T08:20:40Z,2025-12-09T17:43:56Z
b33b2046-5d1c-1e83-0fb5-f465d1b36a61,254a8f6c-d978-9470-6315-85592f490501,333333.33,True,True,2025-12-10T12:44:14Z,2025-12-10T15:51:20Z
21ccca7b-502f-d663-b87d-0435e6f9a442,254a8f6c-d978-9470-6315-85592f490501,333333.34,True,True,2025-12-11T21:29:08Z,2025-12-11T01:24:22Z
f0dfa5da-b191-f0af-f81d-97819153421a,768e2b52-2985-a6e9-d335-b958936b39a9,166666.67,True,True,2026-01-31T08:25:20Z,2026-01-31T19:46:52Z
24e990a2-b3dc-3866-49d8-87dcefaf2b34,768e2b52-2985-a6e9-d335-b958936b39a9,166666.67,True,True,2026-02-01T16:21:18Z,2026-02-01T07:30:45Z
e686c701-83b4-cce2-9af0-f8327f9ab57e,768e2b52-2985-a6e9-d335-b958936b39a9,166666.66,True,True,2026-02-02T11:37:46Z,2026-02-02T04:13:57Z
96948907-f261-50d4-e9ee-85f1aaeb7a0d,154c4e82-03db-c5e2-42fd-f6459dd47a25,300000.0,True,True,2025-06-13T16:14:29Z,2025-06-13T03:21:18Z
35a2ab4b-5e99-73da-5cc3-84dd9d824808,154c4e82-03db-c5e2-42fd-f6459dd47a25,300000.0,True,True,2025-06-14T22:27:51Z,2025-06-14T20:18:11Z
85524894-cc0e-f390-28b7-66653501cc20,e2e88634-e5ea-a1d2-af07-9d5c46b0e875,2280000.0,True,True,2025-10-11T16:17:26Z,2025-10-11T16:24:21Z
cf4ba66e-9e22-ff5f-f347-1cf9f9318320,bdcaca6c-02df-7292-e76f-4149dc7a8a4a,1240000.0,True,True,2025-10-11T09:40:10Z,2025-10-11T22:19:07Z
eb18b2c8-96db-0f06-d00c-8817ff92c47a,4a07b100-9bb8-e6b9-b242-7fac18e06394,480000.0,True,True,2025-10-11T01:59:58Z,2025-10-11T04:11:57Z
9e0f1f37-82e8-0c2d-6c36-234fd6436185,b9dada90-ea48-cc9c-3aa7-f349dcb353a4,360000.0,True,True,2026-07-18T01:08:36Z,2026-07-18T06:51:46Z
e485410a-cf47-bdb9-6cad-93cee708b3a1,ea3366b7-f8c2-92e0-faa0-c8ee520620dc,525000.0,True,True,2026-07-18T14:02:31Z,2026-07-18T00:24:46Z
aecc83ae-a772-1df6-181a-2b7ab2c8b3ba,ea3366b7-f8c2-92e0-faa0-c8ee520620dc,525000.0,True,True,2026-07-19T05:01:54Z,2026-07-19T04:14:16Z
f45f6948-7220-acf6-7212-d117dfaa8a4d,94ff5ffd-e2fe-0e3a-b081-d5698fa8f831,30000.0,True,False,2026-07-18T19:59:22Z,2026-07-18T22:27:31Z
1b67df73-4a6e-9db4-9d1b-0af2c5c81581,94ff5ffd-e2fe-0e3a-b081-d5698fa8f831,30000.0,True,True,2026-07-19T09:24:07Z,2026-07-19T01:32:12Z
2d403739-593e-1a7d-493d-eb6d63c673ce,94ff5ffd-e2fe-0e3a-b081-d5698fa8f831,30000.0,True,True,2026-07-20T22:16:08Z,2026-07-20T10:13:18Z
b540fa8d-5e8b-6c3b-e9d7-2748e7499eb7,805b4c2d-a615-c868-f896-aad3ddf99592,1720000.0,True,True,2026-05-06T15:32:55Z,2026-05-06T16:51:50Z
9dd5a718-41c2-71ac-d254-7bc52b62b20b,83df7ad7-d6e2-a612-a01d-1dc3219888ad,93333.33,True,True,2026-05-06T17:21:39Z,2026-05-06T17:44:38Z
e8b0c418-4cf5-a77e-07a8-32e78a31617e,83df7ad7-d6e2-a612-a01d-1dc3219888ad,93333.33,True,True,2026-05-07T15:31:38Z,2026-05-07T23:23:49Z
332c1280-59a8-5382-d431-74f56da615f3,83df7ad7-d6e2-a612-a01d-1dc3219888ad,93333.34,False,False,2026-05-08T08:04:29Z,2026-05-08T02:52:00Z
d8e49d26-7fe3-806f-26fb-e7d7b9205982,8ecf91f5-9377-6876-6d70-62c8bf1a13ee,1000000.0,True,True,2026-03-06T04:26:44Z,2026-03-06T15:00:58Z
55434dfb-663c-601f-2a90-0e14da3f771a,7a34a9e1-6367-0495-ef1a-11bb7ecf956b,325000.0,True,True,2025-06-21T08:56:56Z,2025-06-21T20:21:55Z
b798f123-9da1-8ccc-ba09-ae42782b8bf2,3bbb3044-c513-e2d4-a21c-01bb176700c2,283333.33,True,True,2025-06-21T00:51:39Z,2025-06-21T18:32:36Z
1303bb18-6c25-5f3f-8fda-02307a8ec002,3bbb3044-c513-e2d4-a21c-01bb176700c2,283333.33,True,True,2025-06-22T01:06:52Z,2025-06-22T16:40:32Z
cb1d9359-ef49-a7ca-9043-4982a45b8faa,3bbb3044-c513-e2d4-a21c-01bb176700c2,283333.34,False,True,2025-06-23T06:03:02Z,2025-06-23T20:31:01Z
20660840-ae48-aed0-89b3-73a3a1fe6243,3e60c31e-b2cd-5d00-d0df-4c714d2a63d5,441666.67,True,True,2025-06-21T07:17:22Z,2025-06-21T00:12:26Z
3bc718dd-516a-b0f3-6350-912a793ce3da,3e60c31e-b2cd-5d00-d0df-4c714d2a63d5,441666.67,True,True,2025-06-22T06:09:52Z,2025-06-22T08:21:10Z
253e6d26-78ce-37a7-c403-867f045dbf2b,3e60c31e-b2cd-5d00-d0df-4c714d2a63d5,441666.66,True,False,2025-06-23T23:40:37Z,2025-06-23T12:03:22Z
44ab97db-bb50-6645-2d4f-e4b55239edb1,0f9312d7-1456-e57f-daf5-e992e0355644,375000.0,True,True,2026-02-06T08:01:41Z,2026-02-06T02:32:28Z
4d84c109-6838-d76c-7e25-eb66e29f007d,9cfa8e3f-ca73-0fe1-12d1-49e4fb4b936c,5000000.0,True,True,2026-04-01T11:15:03Z,2026-04-01T20:49:07Z
1bb0898f-ddb4-b0a6-b836-ea32eb2eaaa6,4d8a1145-7aee-da24-4774-bf2ff94680fb,600000.0,True,True,2026-02-05T13:00:25Z,2026-02-05T09:53:29Z
930bb7d9-8bb3-d585-fb4e-9d02c497c13d,4d8a1145-7aee-da24-4774-bf2ff94680fb,600000.0,True,True,2026-02-06T00:40:11Z,2026-02-06T21:51:35Z
c1344b3a-ab42-3e73-1383-2966306483e7,0d6ed44c-07a5-7a08-be64-d97574d4b725,800000.0,True,False,2026-02-05T02:22:51Z,2026-02-05T18:19:37Z
f3c07b9a-0360-4a4e-790f-26549fd9e367,cc848e48-5edf-c81d-9dae-80f1c74bd7ed,860000.0,True,True,2025-10-24T01:52:18Z,2025-10-24T23:13:03Z
05a383d9-0788-38ff-5d30-6032e21c5ad9,fc2833d1-576b-5e3c-b6a6-556cf26cb93c,120000.0,True,True,2025-10-24T04:23:27Z,2025-10-24T00:15:03Z
101c2662-c5f5-110a-cb8e-6a449c886c53,fc2833d1-576b-5e3c-b6a6-556cf26cb93c,120000.0,True,True,2025-10-25T16:41:49Z,2025-10-25T06:02:15Z
38dfce23-c138-b752-3377-e2b0b650adc8,fc2833d1-576b-5e3c-b6a6-556cf26cb93c,120000.0,True,True,2025-10-26T08:48:46Z,2025-10-26T20:08:10Z
a880fe9c-9437-9cbf-6f36-7545263ae875,44e37e3a-9b6c-5d55-1901-4a20867cc256,390000.0,True,True,2025-10-24T04:29:07Z,2025-10-24T10:33:13Z
43ea7c46-8980-5591-1f7c-d112712c34e2,44e37e3a-9b6c-5d55-1901-4a20867cc256,390000.0,True,True,2025-10-25T23:24:46Z,2025-10-25T15:43:36Z
12758b77-56b0-1a0d-d4fb-54de4ff0f669,70ce3689-a6c8-ab65-7620-3e8ca4b76751,2600000.0,True,True,2025-12-28T14:27:51Z,2025-12-28T12:28:41Z
70b9659a-62b0-32a8-480a-35842ebe003e,225430fb-173c-2249-4d24-7cafeec74e74,7400000.0,False,True,2025-12-28T06:15:17Z,2025-12-28T20:39:32Z
8c946e23-76b9-e984-2412-ffda1ac80381,7ebdce96-8aa1-8523-6c2f-efd8954a79cd,11750000.0,True,False,2026-06-04T01:41:51Z,2026-06-04T09:34:32Z
7a621a03-4876-d7c6-83e6-971b299044a2,7ebdce96-8aa1-8523-6c2f-efd8954a79cd,11750000.0,True,True,2026-06-05T20:25:52Z,2026-06-05T11:55:52Z
10ac0ca8-2050-eeae-e2cb-60f7ed04c5ef,69327c7d-7667-3b93-291f-552a58c18f69,500000.0,True,True,2026-06-04T15:58:01Z,2026-06-04T13:51:10Z
9292ede3-19c5-cb38-fb5d-e93bffea9690,69327c7d-7667-3b93-291f-552a58c18f69,500000.0,True,True,2026-06-05T14:35:19Z,2026-06-05T23:00:08Z
19ff6f6f-a9aa-5706-648a-b5801155c62c,69327c7d-7667-3b93-291f-552a58c18f69,500000.0,True,True,2026-06-06T21:15:33Z,2026-06-06T21:02:45Z
b35ae355-5322-2d85-d802-e489d8601abc,9d3013c9-7716-1c3e-a830-f33160a88f49,680000.0,True,True,2025-04-29T14:35:33Z,2025-04-29T10:51:21Z
5a292ca8-7474-c5a9-fa49-feb0f9726b7f,dd6deaa4-87e2-b4b2-48b6-1dca93632c20,320000.0,True,True,2025-04-29T02:49:42Z,2025-04-29T22:47:44Z
b22a0514-2b9f-c459-2cc8-27ee18844ffd,c57f0076-ed16-5dc6-f7db-4b08d38a9e45,450000.0,True,True,2026-01-31T02:34:10Z,2026-01-31T12:35:59Z
060c70b9-14dd-caf7-2aa4-f08c68c622c2,c57f0076-ed16-5dc6-f7db-4b08d38a9e45,450000.0,True,True,2026-02-01T03:04:11Z,2026-02-01T09:03:49Z
8fbb008f-ed87-3649-b9ff-93be4a4ddabf,af196b01-0f78-5332-b342-acea51c2ca52,270000.0,True,True,2026-01-31T10:30:53Z,2026-01-31T12:16:42Z
83efc5c5-03cb-b781-a926-a2819b62a444,e16698c6-62ab-3c20-089d-283839be7ec1,110000.0,True,True,2026-01-31T12:31:24Z,2026-01-31T01:11:47Z
c205839d-8858-436d-77d9-6064965792e8,e16698c6-62ab-3c20-089d-283839be7ec1,110000.0,True,True,2026-02-01T00:16:31Z,2026-02-01T22:47:12Z
2a4465e8-1c15-d04e-f710-96e5bd51fd22,e16698c6-62ab-3c20-089d-283839be7ec1,110000.0,True,True,2026-02-02T02:47:41Z,2026-02-02T05:47:00Z
1262febf-0eb1-978d-26a7-5649a2c397b3,9b7658f1-ac42-824c-151c-fd2e743eb8bb,500000.0,True,True,2026-05-01T12:19:04Z,2026-05-01T13:33:39Z
4ebc60dc-5303-cdd4-8141-0a4cd802332e,9b7658f1-ac42-824c-151c-fd2e743eb8bb,500000.0,True,True,2026-05-02T19:39:55Z,2026-05-02T00:10:23Z
72a65ce4-a436-2ccb-8576-c4185879bb58,9b7658f1-ac42-824c-151c-fd2e743eb8bb,500000.0,True,True,2026-05-03T21:45:21Z,2026-05-03T02:23:17Z
bdaefb6f-1db7-6fd6-024c-09a9f39ee1d7,eea1e0e3-0792-d6be-e41c-19a04b522e90,520000.0,True,False,2025-04-26T03:11:37Z,2025-04-26T17:30:32Z
767e0e18-24bf-ddd8-334f-ac1d84950835,eea1e0e3-0792-d6be-e41c-19a04b522e90,520000.0,True,True,2025-04-27T05:54:37Z,2025-04-27T04:19:04Z
47f74ac7-1b16-016a-0460-b0a722233bbb,440661ab-0008-511e-82b3-bf9da163fb24,160000.0,True,True,2025-04-26T23:21:44Z,2025-04-26T02:58:07Z
1567ebe8-913f-3530-147c-a45585af20ae,06cb83b5-dccd-2d5f-1a36-e5d95ef6381f,800000.0,True,True,2025-04-26T02:25:12Z,2025-04-26T00:33:25Z
8cf09b85-d171-f77a-d7cb-103e4d064745,baf2bb94-bd69-05ee-5b29-ed0f3fc7763d,1820000.0,True,True,2025-12-30T03:12:11Z,2025-12-30T10:59:14Z
372a313d-4723-7cda-29aa-744700fa7eb8,baf2bb94-bd69-05ee-5b29-ed0f3fc7763d,1820000.0,True,False,2025-12-31T04:58:46Z,2025-12-31T17:13:16Z
a1a08f92-1597-0b39-ef4d-f98564e13525,baf2bb94-bd69-05ee-5b29-ed0f3fc7763d,1820000.0,True,True,2026-01-01T07:42:15Z,2026-01-01T21:17:37Z
4edd0d45-5e56-6f23-caa3-19ae703d8ae4,510547e4-3ecd-d573-97a4-a34c09163ddd,540000.0,True,True,2025-12-30T18:32:50Z,2025-12-30T11:43:18Z
6014e1de-7f27-f2c4-02ad-1ea2e741600e,16f937dc-18f2-7102-39fb-fc6d4c18e614,1250000.0,True,False,2026-07-15T03:10:42Z,2026-07-15T14:23:34Z
0d8421cf-190b-bd75-269c-df584713d1b6,16f937dc-18f2-7102-39fb-fc6d4c18e614,1250000.0,True,True,2026-07-16T05:43:19Z,2026-07-16T00:37:52Z
21c6a75a-8f5d-0f8f-8cb2-d7187adaa1cc,6da7ea8f-e30f-5082-1a3e-e1e9029c6f6d,1500000.0,True,False,2026-06-03T08:20:47Z,2026-06-03T01:53:33Z
68ee9b8e-c992-7629-a988-829af041e997,921f996d-bc92-840d-dbd6-dbd6ecea652c,121666.67,True,True,2025-04-01T12:10:08Z,2025-04-01T09:29:36Z
1e2c5548-1e20-a067-b470-6d7e4afe9ecd,921f996d-bc92-840d-dbd6-dbd6ecea652c,121666.67,True,True,2025-04-02T18:50:03Z,2025-04-02T19:41:22Z
a1535cef-c4ef-5e9d-d545-d1380485a232,921f996d-bc92-840d-dbd6-dbd6ecea652c,121666.66,True,True,2025-04-03T05:18:51Z,2025-04-03T08:36:15Z
2108ae9b-0b55-2e63-2141-1f6aff02ece2,d6d7ae3b-fd9f-a24b-8848-99bda5e14d7b,67500.0,True,True,2025-04-01T15:13:41Z,2025-04-01T20:17:36Z
47dea61d-922b-f87f-2c56-56ace07fbffe,d6d7ae3b-fd9f-a24b-8848-99bda5e14d7b,67500.0,True,True,2025-04-02T09:07:01Z,2025-04-02T02:25:36Z
df52fee1-56a3-8454-0e66-f103196aea9d,b63d4ced-9a4b-67c9-bfb3-dee7cf97b5e1,10000000.0,True,True,2026-04-07T06:13:06Z,2026-04-07T13:25:15Z
4cbe5c45-a2ae-2b9a-6d60-04009a319c2b,0b954d71-f036-3000-a5c8-3dadcd0168ae,2400000.0,True,True,2025-04-28T19:59:53Z,2025-04-28T12:20:10Z
155b49a2-e992-4e9d-8c33-0f77d7997e18,a0bf822d-9c29-0ebe-0b0f-451c4d4617f1,2800000.0,True,True,2025-04-28T20:02:32Z,2025-04-28T07:52:25Z
525784a0-c639-c50d-6c52-c8bc642a92b6,a0bf822d-9c29-0ebe-0b0f-451c4d4617f1,2800000.0,True,True,2025-04-29T15:57:19Z,2025-04-29T23:55:37Z
17589416-744e-e310-865b-5617052fd997,17eec863-8ffd-6236-9afc-5c64a478bc1d,720000.0,True,True,2025-01-09T05:31:41Z,2025-01-09T21:35:37Z
a7e76396-331b-7508-078d-dac320f2efdc,9799e5d2-2cdd-4a1e-4bb6-826ef2f25c4c,288000.0,True,True,2025-01-09T01:28:23Z,2025-01-09T22:26:35Z
a3144d8c-c844-3bd8-e528-5f92e33a31e5,11cea6cf-47bc-0331-76dd-de8130e052ea,144000.0,True,True,2025-01-09T14:00:16Z,2025-01-09T08:14:29Z
a28813e0-602b-33f5-d3ea-14f107d3fcf8,2c17607b-5ca6-ec91-3a45-15db17d2ae9d,648000.0,True,True,2025-01-09T03:57:50Z,2025-01-09T05:51:01Z
a2dc9892-e210-f123-62e7-ce37bee53bd0,1ee40039-7003-a10c-f11e-f33cf52266e8,2833333.33,True,True,2025-03-07T02:03:24Z,2025-03-07T00:03:48Z
9361e704-dfc9-6134-625d-d53641cf308d,1ee40039-7003-a10c-f11e-f33cf52266e8,2833333.33,True,False,2025-03-08T19:33:12Z,2025-03-08T01:26:30Z
0e872fbb-2f87-637b-88bd-6352f1537298,1ee40039-7003-a10c-f11e-f33cf52266e8,2833333.34,True,True,2025-03-09T19:48:15Z,2025-03-09T22:24:59Z
579b8d3c-d550-4c0f-b2d3-3653c14eda53,aa95e5c4-84ef-47e3-c8dd-a2bae717ead3,200000.0,True,True,2025-03-07T10:30:33Z,2025-03-07T01:42:12Z
0843f529-6482-c04c-da3b-905b6e56adb4,a6bdcab9-1d21-8092-692e-5d6919f8c04f,433333.33,True,True,2025-03-07T16:32:50Z,2025-03-07T16:30:59Z
412951b7-65ac-b75f-dff1-2f8e67cd81d2,a6bdcab9-1d21-8092-692e-5d6919f8c04f,433333.33,True,True,2025-03-08T16:15:16Z,2025-03-08T14:09:49Z
ac13673e-e27a-9416-34bc-8ad1cba2a0c4,a6bdcab9-1d21-8092-692e-5d6919f8c04f,433333.34,True,True,2025-03-09T23:11:28Z,2025-03-09T11:17:05Z
cd78865b-8970-560f-b039-400184240a13,bacde2d3-5162-f6f3-4d61-f2c97789bd94,135000.0,True,True,2025-09-08T12:07:03Z,2025-09-08T04:14:32Z
3422f0ed-954c-001d-ea87-b7abc8788ba5,3d9be4d7-3d9d-b0d0-9749-99f590caaa72,240000.0,True,True,2025-09-08T16:44:32Z,2025-09-08T14:32:56Z
ebe1a55d-c0ef-fe72-dc01-3b255f04445a,3a2d67fa-881b-1670-d8f7-44f90abd9f71,1500000.0,True,True,2026-06-12T13:48:00Z,2026-06-12T10:45:22Z
e5d53570-6e1e-88f5-c7b8-1c186ec7bd7e,f86e9e5c-e54d-0f63-55ed-b663f029e67a,12500000.0,True,True,2025-12-16T15:18:45Z,2025-12-16T22:40:31Z
d8f64e64-47c5-8ec8-5bd1-a530ec888bae,fb29e01e-cbcf-029e-8cb2-5bf32154a578,12500000.0,True,True,2025-12-16T12:46:52Z,2025-12-16T17:06:12Z
7c518a99-dad9-1344-fb7c-cecb08e18c65,fb29e01e-cbcf-029e-8cb2-5bf32154a578,12500000.0,True,True,2025-12-17T15:45:02Z,2025-12-17T11:58:03Z
52eb9740-20fd-e6aa-be50-37b4529fcf52,fb29e01e-cbcf-029e-8cb2-5bf32154a578,12500000.0,True,True,2025-12-18T03:26:57Z,2025-12-18T19:41:35Z
85af9677-4307-a596-6e2c-ca0d35c59af0,3d511690-f476-6302-a06e-cb9934dd5093,333333.33,True,True,2026-05-29T06:00:54Z,2026-05-29T21:13:30Z
e4407071-946f-b4e8-8715-26bc8f3e7e3a,3d511690-f476-6302-a06e-cb9934dd5093,333333.33,True,True,2026-05-30T23:42:10Z,2026-05-30T04:01:00Z
857e5349-9908-86b8-9a3d-4d32c2b5d9af,3d511690-f476-6302-a06e-cb9934dd5093,333333.34,True,True,2026-05-31T10:51:39Z,2026-05-31T18:23:45Z
a76d2d69-3805-c506-7eca-20ddf5108aaa,7ff4d57b-4da9-0fcb-d7ad-6ccd12aeae13,10000000.0,True,True,2025-01-01T17:51:11Z,2025-01-01T00:40:58Z
135d146d-3f25-3377-3d4d-302b7584c8bd,b938342f-aebd-df4c-961e-3846d5ea6418,625000.0,True,True,2026-07-11T22:22:01Z,2026-07-11T11:42:45Z
3d574418-0cba-cc34-ad1b-ae0aac1373a0,b938342f-aebd-df4c-961e-3846d5ea6418,625000.0,True,True,2026-07-12T10:25:54Z,2026-07-12T05:32:57Z
685fe1fd-6764-c267-da63-dbec08837689,0b3ce30f-7c7c-e510-b8de-7b8d79c9f588,450000.0,True,True,2026-07-11T01:34:17Z,2026-07-11T09:07:51Z
89c9b56e-9f7e-eb0e-0b2b-eb66e6856e51,0b3ce30f-7c7c-e510-b8de-7b8d79c9f588,450000.0,True,True,2026-07-12T04:18:42Z,2026-07-12T19:33:03Z
a3edd5a2-b092-1f50-2a5e-18b01dab415b,0b3ce30f-7c7c-e510-b8de-7b8d79c9f588,450000.0,True,True,2026-07-13T15:09:56Z,2026-07-13T23:37:17Z
d612d523-5b45-2fa6-a3b2-033525936150,a98a63bf-e08a-03ca-d5f8-04dc5fab25cc,450000.0,True,True,2026-07-11T18:01:52Z,2026-07-11T04:20:00Z
d2c261c4-5274-8ae5-a343-b81e79d4d5fe,a98a63bf-e08a-03ca-d5f8-04dc5fab25cc,450000.0,True,True,2026-07-12T15:40:27Z,2026-07-12T10:12:00Z
54416755-3cd2-bb25-5935-4bde78c3129b,65b0aa02-d5a8-48f8-6707-77daaa1f0dcf,1500000.0,True,False,2026-07-11T12:37:51Z,2026-07-11T21:25:50Z
5b731b0b-987f-6827-d65c-f05dd2465024,72776598-6720-3990-8235-fa9e9f203e69,400000.0,False,True,2025-09-21T10:00:10Z,2025-09-21T11:48:37Z
f842dfc0-74a7-5c42-42ee-70b476a62a2e,701e1226-b229-b519-a481-b7c3ce79a708,2250000.0,True,True,2025-09-21T18:21:48Z,2025-09-21T19:47:38Z
af9f4bb0-43dc-b4d3-362e-5ece7ed30825,4709aa0f-a534-ccef-4f8e-022dd5dd12cc,1175000.0,True,True,2025-09-21T00:28:13Z,2025-09-21T06:51:10Z
b29a393e-29c0-efb0-12c7-75a4ee1d7a42,4709aa0f-a534-ccef-4f8e-022dd5dd12cc,1175000.0,True,True,2025-09-22T02:28:45Z,2025-09-22T21:13:32Z
c0809799-2e34-82bc-328a-1c8618cc9b99,2b81c3dd-3f09-2eb3-0e30-ada92efccf94,566666.67,True,True,2025-11-05T05:43:23Z,2025-11-05T12:09:37Z
77075556-df76-ed63-ec99-5a71609fe5fc,2b81c3dd-3f09-2eb3-0e30-ada92efccf94,566666.67,True,True,2025-11-06T20:18:02Z,2025-11-06T17:27:57Z
d6d8b711-fac9-9241-e019-7f8d81f4e55a,2b81c3dd-3f09-2eb3-0e30-ada92efccf94,566666.66,True,True,2025-11-07T02:18:58Z,2025-11-07T00:49:30Z
fcc1fa6e-4605-bc74-43ff-8730969b94cc,a0067b25-840f-2210-431f-608035fefc92,83333.33,True,True,2025-11-05T14:29:18Z,2025-11-05T15:30:13Z
545d1f0d-1b47-a0a8-c407-bed57587001f,a0067b25-840f-2210-431f-608035fefc92,83333.33,True,True,2025-11-06T02:11:04Z,2025-11-06T01:27:18Z
8a7fd6a4-933b-1ff7-e82d-05a8f08e319e,a0067b25-840f-2210-431f-608035fefc92,83333.34,True,True,2025-11-07T03:46:04Z,2025-11-07T14:46:56Z
a01cbd6b-15b6-311e-e8ee-d2c8bb7b81e2,138f24c9-6f2e-ca55-b273-df2165cd36a2,275000.0,True,True,2025-11-05T04:25:44Z,2025-11-05T17:53:06Z
d9a3fe74-ec8b-b966-0df8-b58f1dafeec0,138f24c9-6f2e-ca55-b273-df2165cd36a2,275000.0,False,True,2025-11-06T03:50:42Z,2025-11-06T14:57:44Z
89c5f861-acce-6b71-2c9f-e1397a38e7a1,dd8efd1a-0536-458a-8474-89aa1864ece0,450000.0,True,True,2025-09-24T22:47:20Z,2025-09-24T21:22:32Z
b5170dec-a7b9-77af-b184-f8751ac0ecf5,8e01bcb5-bdb9-6fa2-1d4b-29151b19b79c,2275000.0,True,True,2025-09-24T08:25:47Z,2025-09-24T06:55:44Z
421b6ec4-4283-d2c6-fd2d-0416725f0444,8e01bcb5-bdb9-6fa2-1d4b-29151b19b79c,2275000.0,True,True,2025-09-25T19:28:17Z,2025-09-25T17:18:48Z
072fb97e-9488-be14-4e38-8bc36f784747,7163fa11-ebdf-6524-e074-11801a50f455,2000000.0,True,True,2026-01-29T02:05:40Z,2026-01-29T00:05:22Z
d00132d8-009f-c513-fd94-c19e0c23834c,fcb48db7-62e7-e902-a6e5-6e6217a511ea,517500.0,True,False,2026-06-01T12:49:36Z,2026-06-01T12:33:16Z
e908f12c-c958-7e3f-26aa-0cda5d701ad5,fcb48db7-62e7-e902-a6e5-6e6217a511ea,517500.0,True,True,2026-06-02T20:55:47Z,2026-06-02T23:10:14Z
6ea03023-69c7-6109-1549-9a7cfad65f2b,fc9a1309-ea51-608c-2115-c9623bb76057,465000.0,True,True,2026-06-01T10:10:53Z,2026-06-01T17:28:30Z
524673ab-e51a-3c3d-4433-a3b9d2c0d042,94a40252-6967-8afd-6a97-fb83d64b2d11,1200000.0,True,True,2026-07-01T14:54:30Z,2026-07-01T07:06:50Z
f78a9184-1d88-0e38-8258-1042fbe19101,3cd62b31-8ffe-ae82-3dfe-5849a6903a4c,50000000.0,True,True,2025-02-07T22:40:56Z,2025-02-07T08:29:14Z
47f3dad3-75da-9334-932a-96fcd59d8bbb,a64f1b34-9b81-cc88-6d86-d876fa235395,19600000.0,True,True,2026-06-24T07:36:06Z,2026-06-24T17:45:55Z
72f9c773-4796-252d-b6dc-7586b0582398,9cd1bf5b-5f96-ba5a-439f-e7a50b3b011c,20400000.0,True,True,2026-06-24T01:44:43Z,2026-06-24T02:20:22Z
66f6181c-ab0f-161b-ec60-96206cfa68ff,58254e82-a1e9-bc19-9981-bc07ab94eaa9,1150000.0,True,True,2025-06-15T07:42:10Z,2025-06-15T21:11:12Z
1f09b93d-e799-e74e-95fa-f790469ae841,58254e82-a1e9-bc19-9981-bc07ab94eaa9,1150000.0,True,True,2025-06-16T08:02:53Z,2025-06-16T22:11:08Z
74bc77b0-41cc-c075-06bf-f1c7becb6f67,927cb44a-8580-598f-761a-fc6d8fee0b9a,7700000.0,True,True,2025-06-15T15:09:18Z,2025-06-15T20:33:55Z
ff1fe81c-d2d2-b04a-b61e-21a653a577fa,c3ef6540-eb0a-de34-6bc5-81abc92682c9,2366666.67,True,True,2025-07-17T08:01:27Z,2025-07-17T17:59:14Z
284197ce-4f75-42ce-2e32-f8a20ff91ad0,c3ef6540-eb0a-de34-6bc5-81abc92682c9,2366666.67,True,True,2025-07-18T09:51:33Z,2025-07-18T10:16:19Z
217e7c2e-1c11-ab96-cda2-ef9a422c1fe1,c3ef6540-eb0a-de34-6bc5-81abc92682c9,2366666.66,False,True,2025-07-19T17:10:44Z,2025-07-19T05:05:30Z
04d37f11-5f7d-92a5-e119-1729913e19c6,3789ae41-de5b-b68e-4177-a2a5bcb85efc,2900000.0,True,True,2025-07-17T05:29:33Z,2025-07-17T22:59:01Z
d4f38add-110d-0fd1-9ff6-24a16f1ebce1,570bcdb5-caef-e3cf-ce47-4c2557bc6cb4,450000.0,True,True,2025-04-12T06:53:50Z,2025-04-12T07:23:41Z
08d55fc6-6d36-33be-7fe9-128f5715015a,570bcdb5-caef-e3cf-ce47-4c2557bc6cb4,450000.0,True,True,2025-04-13T12:35:19Z,2025-04-13T20:34:36Z
9c2938b5-5c26-6b8a-22aa-50caef103ad6,16f5c09b-499f-6fa1-02af-1b6de526e7b0,550000.0,True,True,2025-04-12T11:58:52Z,2025-04-12T06:51:52Z
9c0fd9a3-ed13-18e3-0e8d-279a6f3a9c23,16f5c09b-499f-6fa1-02af-1b6de526e7b0,550000.0,True,True,2025-04-13T09:17:58Z,2025-04-13T17:25:42Z
7a7b823a-7fba-16c9-602c-785134c7a25c,500681dd-5139-3493-83ed-d441e0de8e7c,1620000.0,True,True,2025-01-26T18:04:04Z,2025-01-26T21:58:26Z
465cca17-b391-4eba-0066-548d962607f9,b81cc448-95e3-e1d0-10ef-874c17e78cd0,220000.0,True,True,2025-01-26T01:21:49Z,2025-01-26T15:39:24Z
bc413b20-1f3d-c47e-96d5-af72a592f1db,8d74e03b-0434-c94f-6929-89afdaee8d64,80000.0,True,True,2025-01-26T09:11:37Z,2025-01-26T06:48:59Z
d4c7a7b5-f3d9-398f-3638-1aac108b63af,8d74e03b-0434-c94f-6929-89afdaee8d64,80000.0,True,True,2025-01-27T12:58:19Z,2025-01-27T14:22:31Z
c80196b1-9c8c-7ac3-2cc5-7a117280ec1b,a49c887f-f598-ff87-1c32-4e596caf79c5,44000000.0,True,True,2026-06-22T01:52:02Z,2026-06-22T00:20:53Z
ba395223-0173-7351-0de5-a06ce6d18706,846f90f4-2fdc-a128-dc5d-f98474c11321,3000000.0,True,True,2026-06-22T16:13:21Z,2026-06-22T13:27:30Z
5c79b52a-043d-0cdc-2774-2382b8b884c8,846f90f4-2fdc-a128-dc5d-f98474c11321,3000000.0,True,True,2026-06-23T06:00:53Z,2026-06-23T05:34:48Z
68829d00-fb57-72ec-b6cc-feaf810d8b88,04933d8f-20ae-7cd0-48e6-78a21a99e8b5,5250000.0,True,True,2026-06-07T14:35:51Z,2026-06-07T03:40:44Z
46b2801b-c783-7901-9a4d-5679f0c4d8a2,04933d8f-20ae-7cd0-48e6-78a21a99e8b5,5250000.0,True,True,2026-06-08T11:36:37Z,2026-06-08T23:26:56Z
c9c5bf97-61d1-e2d1-4406-aefc800da6e8,0d30a7cb-7791-a2e0-1391-ce077d918058,7250000.0,True,True,2026-06-07T22:22:08Z,2026-06-07T07:23:12Z
31fee441-38fe-f94e-68f8-9dd3cd3f8c5b,0d30a7cb-7791-a2e0-1391-ce077d918058,7250000.0,True,True,2026-06-08T15:30:49Z,2026-06-08T04:59:07Z
111f234d-3aa4-51e6-97bd-e5456061de6c,8a8e0b76-e903-2f7c-861c-b83ee8e7e18c,167500.0,True,True,2025-09-08T05:34:13Z,2025-09-08T13:15:50Z
3a030be0-0884-94b5-f83b-3e6929191bbc,8a8e0b76-e903-2f7c-861c-b83ee8e7e18c,167500.0,True,True,2025-09-09T13:58:02Z,2025-09-09T05:00:00Z
02d582ff-3221-7c06-daee-aa24097b1130,6aba77fd-450b-b7db-f412-6b88c80046be,65000.0,True,True,2025-09-08T11:34:23Z,2025-09-08T17:15:31Z
79efcdd2-2096-6df9-42b3-6bf946cfbb09,9c9564ba-a12f-adb9-48d2-7b743ca6b351,33333.33,True,True,2025-09-08T22:24:56Z,2025-09-08T12:21:52Z
1620f139-4da3-b8fa-f41f-22b4bcf900bf,9c9564ba-a12f-adb9-48d2-7b743ca6b351,33333.33,True,False,2025-09-09T20:42:46Z,2025-09-09T09:55:56Z
e8440e0c-d99f-7167-4707-455459f7abb2,9c9564ba-a12f-adb9-48d2-7b743ca6b351,33333.34,True,True,2025-09-10T06:34:42Z,2025-09-10T19:01:20Z
1676efb0-7860-73f5-6d17-986e7bdce7dc,baea4d87-0b8d-7631-9218-9b98175a935b,6500000.0,True,True,2025-05-31T14:10:51Z,2025-05-31T06:52:56Z
34ffbead-9b1a-9da8-fbbc-9dd307af754a,c446f41c-7485-1112-4c6b-82ee4649e453,43500000.0,True,True,2025-05-31T10:05:40Z,2025-05-31T05:00:47Z
c47bf5b9-ad97-1d46-7e4f-3cb7361630f1,3081d936-f201-fe38-1930-0fcdd4187533,1200000.0,True,True,2026-06-27T07:03:22Z,2026-06-27T17:50:40Z
ceee6ca1-5744-bf14-aaf0-27fe00630eff,3081d936-f201-fe38-1930-0fcdd4187533,1200000.0,True,False,2026-06-28T01:16:26Z,2026-06-28T05:17:10Z
d6b832d0-0ba0-f5c6-48dc-d7666970e243,3081d936-f201-fe38-1930-0fcdd4187533,1200000.0,True,True,2026-06-29T15:56:41Z,2026-06-29T19:11:44Z
f24d87b6-ff0d-e3ee-0622-6874765424d8,02f1d37f-f0ac-12d0-9e57-ce9afaa5f3fe,800000.0,False,True,2026-06-27T00:28:57Z,2026-06-27T15:55:03Z
e8a30098-eadb-ffbb-34d2-ca99bbeee2e9,c2220f83-2bb1-e239-2c10-906d1ef4b799,1333333.33,True,True,2026-06-27T02:38:51Z,2026-06-27T02:32:55Z
3ec89c46-30c5-b70f-2fb1-ed0a2972959d,c2220f83-2bb1-e239-2c10-906d1ef4b799,1333333.33,True,True,2026-06-28T21:19:17Z,2026-06-28T14:10:07Z
2b827b11-d389-133c-b4d8-a6f702588db7,c2220f83-2bb1-e239-2c10-906d1ef4b799,1333333.34,False,True,2026-06-29T12:06:14Z,2026-06-29T02:49:48Z
236bf261-0871-2ea2-fa5a-e8f1ea436f8d,aabeddf9-f086-21c9-bea5-1a6b18ab4280,1600000.0,True,True,2026-06-27T11:59:21Z,2026-06-27T12:02:31Z
8befac7d-adce-0764-2477-8105db0583f6,3a3ab59f-5af0-a7bc-1306-20267a31f51a,170000.0,True,True,2025-06-06T06:00:45Z,2025-06-06T14:40:51Z
ba238b49-cb5c-e564-9d8c-ac369a74633a,9cc6dc96-aadb-76e7-54dd-4c2d21ad4501,276666.67,True,True,2025-06-06T21:27:40Z,2025-06-06T12:44:10Z
24ae9a7a-ac0a-7d53-0292-9a7c231d063c,9cc6dc96-aadb-76e7-54dd-4c2d21ad4501,276666.67,True,True,2025-06-07T11:59:34Z,2025-06-07T16:57:06Z
92405b1e-c6eb-6e68-2b31-6600871cb7df,9cc6dc96-aadb-76e7-54dd-4c2d21ad4501,276666.66,True,True,2025-06-08T13:52:17Z,2025-06-08T14:11:21Z
95ff04fc-bbe2-3ab3-2c58-22c89ac51ac8,bfea99e8-ef32-94a7-7888-a59c48f56bc1,125000.0,True,True,2026-06-13T17:37:39Z,2026-06-13T19:26:33Z
298a0163-37d2-5d44-bc00-d10c6c95e73f,2af50eea-58d0-a7ed-f083-979f72c9e59b,1187500.0,True,True,2026-06-13T08:08:38Z,2026-06-13T22:48:53Z
4bd55193-983a-4c68-c1e0-8010d1736b00,2af50eea-58d0-a7ed-f083-979f72c9e59b,1187500.0,True,True,2026-06-14T04:14:38Z,2026-06-14T06:42:14Z
b45b2c64-778c-572a-d8cb-747b078179ac,ea1ed757-af20-a894-4e0e-f9f24429dc51,250000.0,True,True,2025-04-11T23:13:21Z,2025-04-11T13:25:15Z
7c25817b-4514-fb16-0c81-126aaabfd6cb,8fc69b74-6733-eb2e-a502-937764944cac,633333.33,True,True,2025-04-11T22:12:30Z,2025-04-11T07:00:33Z
8fb89bb8-b205-c262-27b2-85f1c6ba93c0,8fc69b74-6733-eb2e-a502-937764944cac,633333.33,True,True,2025-04-12T15:40:26Z,2025-04-12T09:30:55Z
f7e7769a-0a8c-e4cc-8fef-f394fedf76d7,8fc69b74-6733-eb2e-a502-937764944cac,633333.34,True,True,2025-04-13T10:20:22Z,2025-04-13T22:44:10Z
b2d62f55-63cc-130b-52c6-5d2ae1496624,8c39c18a-86fd-125c-7fc0-9b976f57d73d,2850000.0,True,True,2025-04-11T23:38:55Z,2025-04-11T02:45:27Z
a5478b2f-d638-14b7-4e6d-29ccb51c4535,deaccbbb-bdc8-1bbe-4fac-4a8195f0ea3a,333333.33,True,True,2025-01-07T13:59:52Z,2025-01-07T14:03:33Z
88613b3e-2807-9898-c194-9c9bc86850cc,deaccbbb-bdc8-1bbe-4fac-4a8195f0ea3a,333333.33,True,True,2025-01-08T14:40:02Z,2025-01-08T23:32:51Z
615ee0b9-0f30-98d7-0a22-e1874a5c6fbd,deaccbbb-bdc8-1bbe-4fac-4a8195f0ea3a,333333.34,True,True,2025-01-09T21:51:13Z,2025-01-09T20:39:01Z
8867337e-046e-2081-e8eb-d3d2b7a37daa,3bc02d05-ea5c-34e2-c9fa-c808f9d46421,1650000.0,True,False,2026-05-17T14:15:49Z,2026-05-17T23:36:37Z
a2afee94-ae0c-1ff8-e7b1-fdcc5ff29e4b,52ed64d7-afc3-214f-5a97-cbebcb1c872e,1116666.67,True,True,2026-05-17T09:02:41Z,2026-05-17T17:37:11Z
d39edfe3-70c1-fa66-97d4-e273081ed81f,52ed64d7-afc3-214f-5a97-cbebcb1c872e,1116666.67,True,True,2026-05-18T04:28:09Z,2026-05-18T20:16:31Z
69e72e8b-70d3-75a2-bae3-62c5638b6bfb,52ed64d7-afc3-214f-5a97-cbebcb1c872e,1116666.66,True,True,2026-05-19T04:06:04Z,2026-05-19T09:47:41Z
4ef3984a-30f6-2ef3-fb8d-8ef2bac6a9f2,04717429-d5e7-d63d-5abf-d11c528e6f18,22500000.0,False,True,2026-06-07T04:38:46Z,2026-06-07T19:52:08Z
a5566517-9392-f3af-5f54-5557a1d42d94,06f1915f-03c1-b829-fc9e-9ff03594c9d4,250000.0,True,True,2025-11-12T02:17:17Z,2025-11-12T03:39:53Z
592e8e4c-4e00-3323-cfc3-fb8051bd1ec8,06f1915f-03c1-b829-fc9e-9ff03594c9d4,250000.0,True,True,2025-11-13T19:36:27Z,2025-11-13T06:05:54Z
540f7357-6cb4-c52b-6970-051ada148a1a,4ce87db6-da26-edb1-95fc-e7cfd8afb5cb,5800000.0,True,True,2025-02-14T17:47:38Z,2025-02-14T10:13:09Z
daee5329-ec46-d9b7-38f4-31cdcca4d862,b9c6a32b-7ab0-dbe1-d817-b95b0412af6d,1400000.0,True,True,2025-02-14T03:55:47Z,2025-02-14T13:14:44Z
09627f00-a7a9-2a02-d563-d97beda3416e,ec811e46-6c36-7a3e-abfe-5d8858069fcd,1400000.0,True,True,2025-02-14T15:59:01Z,2025-02-14T03:41:56Z
d89b2a92-d3e6-3476-a4bc-eeedb807f74a,ec811e46-6c36-7a3e-abfe-5d8858069fcd,1400000.0,True,True,2025-02-15T00:54:56Z,2025-02-15T11:45:05Z
72c8a0b0-caeb-6434-b781-f6a7536f2339,130730c9-b30a-75d4-31d2-a2b743dcb66c,112500.0,False,True,2025-04-13T18:23:00Z,2025-04-13T14:08:25Z
9e1ba393-a966-e664-77e4-41bc183784b7,26668e33-f452-e074-b413-4bb82e1eb2b9,137500.0,True,True,2025-04-13T17:13:10Z,2025-04-13T11:44:35Z
f4fb86f1-4ada-25b0-f90a-e295b5addc9e,7e9552e8-2003-6650-9fc7-440d1038e9a1,355000.0,True,True,2025-09-07T13:51:31Z,2025-09-07T17:37:19Z
7c063756-ad46-a3e8-86ca-94f4dac3c15f,7e9552e8-2003-6650-9fc7-440d1038e9a1,355000.0,True,True,2025-09-08T05:33:31Z,2025-09-08T03:27:18Z
3d60d239-702f-119a-f7a0-bb95b401f38b,534f8def-52d9-b5b6-745e-623694064069,96666.67,True,True,2025-09-07T20:30:47Z,2025-09-07T12:45:09Z
59a80b04-44f3-2981-128d-02d58ed0d168,534f8def-52d9-b5b6-745e-623694064069,96666.67,True,True,2025-09-08T02:41:50Z,2025-09-08T17:24:27Z
151b415f-b4bd-286a-b08f-1f4b1de3229f,534f8def-52d9-b5b6-745e-623694064069,96666.66,True,True,2025-09-09T14:39:49Z,2025-09-09T11:02:55Z
62b93316-3d9e-994e-dcc2-39d99dceb12f,d22ff3c6-0601-2b53-b3c0-2e3800fa2d35,1500000.0,True,True,2025-12-14T20:18:59Z,2025-12-14T01:33:50Z
b4e80c2f-dc32-77cf-1263-9757154daa1c,0b0ea013-acbc-afe5-1d9f-30b8ec2c3d0c,4250000.0,True,True,2025-12-30T08:59:36Z,2025-12-30T16:45:22Z
7c149ddb-08b2-c642-18bc-b62b4534a749,0b0ea013-acbc-afe5-1d9f-30b8ec2c3d0c,4250000.0,True,True,2025-12-31T16:14:51Z,2025-12-31T13:51:25Z
e556e94a-eaf7-d06b-91a7-843f008ddc89,f776f3fc-866b-f45f-157f-a01cc929ebd4,500000.0,True,True,2025-12-30T05:01:48Z,2025-12-30T23:12:03Z
bda1e21e-a768-94b0-3592-69860261a97b,f776f3fc-866b-f45f-157f-a01cc929ebd4,500000.0,True,True,2025-12-31T07:32:00Z,2025-12-31T17:35:58Z
4e38b936-ef38-9a8d-807c-8d897adbc898,f776f3fc-866b-f45f-157f-a01cc929ebd4,500000.0,True,True,2026-01-01T15:28:10Z,2026-01-01T19:37:52Z
57d1250d-82f0-7a68-b608-c370c7fe64c6,b59ce8cb-5b9a-c865-16fc-21d63750abe5,366666.67,True,True,2025-08-08T11:37:20Z,2025-08-08T07:35:15Z
77121453-5141-cb9e-fa27-a9b8ce534a01,b59ce8cb-5b9a-c865-16fc-21d63750abe5,366666.67,True,True,2025-08-09T21:51:19Z,2025-08-09T16:01:12Z
6157e667-5852-ac47-8177-aa71d0ad5f68,b59ce8cb-5b9a-c865-16fc-21d63750abe5,366666.66,True,True,2025-08-10T13:56:44Z,2025-08-10T14:25:32Z
ca090d13-d4d7-abde-be38-83fe5b06f797,04b99fc4-add6-dfb8-7ba8-65bbcdc88142,1600000.0,True,True,2025-08-08T10:43:02Z,2025-08-08T15:06:09Z
d086119c-d529-d978-62ae-426bcc1feb0b,968a3329-0d2e-abfc-be65-b7bb5876daf1,500000.0,True,True,2025-08-08T11:52:51Z,2025-08-08T04:36:40Z
ad87817f-088f-bb71-7a1c-1368703b58ab,68fdced4-8007-8218-183d-c2927eaa8c90,6800000.0,False,True,2025-08-08T09:58:05Z,2025-08-08T21:23:19Z
8e7fac73-70fb-41f0-d1c0-9f43592334c9,85bf54d2-31e8-b0c7-3c0b-01b0ba4e7c63,156000.0,True,True,2025-01-11T23:04:37Z,2025-01-11T19:34:01Z
7a22d168-8859-8e3d-ae31-4d66986ea7c5,70655b4b-3600-ffe3-e37e-d36463c309b0,900000.0,False,True,2025-01-11T15:06:23Z,2025-01-11T19:11:09Z
552f6f98-6362-1e7c-fad0-2f204f549333,8425232b-e69e-f51a-a2b6-00bd9b0786ef,144000.0,True,True,2025-01-11T06:43:47Z,2025-01-11T17:17:12Z
43d367c8-a21e-9953-5968-1998a9673556,01ffaf17-8ed3-06f8-1b11-2834d704d4dd,153333.33,True,True,2026-03-26T02:34:56Z,2026-03-26T01:32:32Z
ee7f890a-a3da-1023-e690-a47e5438c22e,01ffaf17-8ed3-06f8-1b11-2834d704d4dd,153333.33,True,True,2026-03-27T00:51:38Z,2026-03-27T12:47:16Z
6dde0f1e-b0eb-b5b4-55f9-5580ca814910,01ffaf17-8ed3-06f8-1b11-2834d704d4dd,153333.34,True,True,2026-03-28T01:20:27Z,2026-03-28T01:31:21Z
27076a6a-dfee-84bb-3411-70c3cc784256,30166736-6340-04f2-54d9-2287cd04f144,1540000.0,True,True,2026-03-26T11:51:19Z,2026-03-26T18:04:04Z
76999b61-cf6c-45cc-b108-6951d4b0d4ba,92b1410c-5525-3800-2a13-77b3d61b9a67,350000.0,True,True,2026-05-15T13:58:37Z,2026-05-15T11:08:10Z
813707f1-ae2b-06a3-1b43-9bf6d4a17336,7c218fa7-9d9b-54a3-222e-4f1b8a2170da,4650000.0,True,True,2026-05-15T13:35:30Z,2026-05-15T18:37:13Z
61390dbd-4a48-d5a7-c67f-c6a2a4ada9ed,af1beaee-e209-a387-c260-cb6780922d01,185000.0,True,False,2025-04-29T15:14:44Z,2025-04-29T06:18:54Z
21cf3b44-0bb9-025c-5004-ea2902406dcf,af1beaee-e209-a387-c260-cb6780922d01,185000.0,True,True,2025-04-30T05:30:52Z,2025-04-30T11:11:58Z
ed34e68e-b8d2-2494-3122-9b5dc92c7b5f,d0ff3df7-a6f4-5109-3538-46cd4cff0a5d,130000.0,True,True,2025-04-29T14:58:30Z,2025-04-29T16:29:57Z
98b8a776-644b-8b12-7184-3f7ad13c4c49,19dcae28-c431-2685-5f8d-a1d468b342cd,300000.0,True,True,2025-05-26T15:23:33Z,2025-05-26T22:05:52Z
05b1931a-e86e-cc7a-8df8-46c61bfd4517,19dcae28-c431-2685-5f8d-a1d468b342cd,300000.0,True,True,2025-05-27T01:30:31Z,2025-05-27T10:18:39Z
f6f2e1bd-8743-fdc6-022a-ae1a39c7d837,688c5e96-a9bf-b1eb-b0f0-2767f3c35eae,200000.0,True,True,2025-05-26T02:09:09Z,2025-05-26T12:58:28Z
686a42fd-12ae-3143-a7fc-eb97f874e811,1d603e5b-d1af-30dc-5b69-2eed5d63fdd2,400000.0,True,True,2025-05-26T07:07:59Z,2025-05-26T09:03:48Z
8dfac1f6-52a8-cc00-bd95-8378b5c585e4,1d603e5b-d1af-30dc-5b69-2eed5d63fdd2,400000.0,True,True,2025-05-27T14:34:04Z,2025-05-27T07:36:22Z
b8d278b1-90ca-17d3-1d7e-332dd38234b3,1d603e5b-d1af-30dc-5b69-2eed5d63fdd2,400000.0,True,True,2025-05-28T03:38:41Z,2025-05-28T20:36:32Z
6ff3ff05-784b-397d-258f-6dd5ef481826,46f44334-0603-0518-044a-040d0c9c867b,1650000.0,True,True,2026-05-28T05:34:58Z,2026-05-28T03:39:27Z
4dc2ff0c-71da-f40c-3759-05a135d2e04d,46f44334-0603-0518-044a-040d0c9c867b,1650000.0,True,True,2026-05-29T23:18:08Z,2026-05-29T18:49:31Z
7a8e2656-c0c4-a030-894a-3c54161f4803,46f44334-0603-0518-044a-040d0c9c867b,1650000.0,True,True,2026-05-30T06:54:28Z,2026-05-30T11:00:23Z
1767eea6-98a6-116e-878f-1a1bd3fc4a89,41f86f8d-9eb0-3f4d-cb71-d671ad859793,3600000.0,True,True,2026-05-28T23:10:20Z,2026-05-28T22:37:21Z
4282be1a-5969-924a-7316-ef33f22520fa,1e288750-aa1c-ae12-625b-c4102de28682,8325000.0,True,True,2026-05-28T19:23:08Z,2026-05-28T13:00:33Z
e35482b3-9b27-3a46-7478-103dec0d1801,09640a9c-efbf-6a29-2bbe-cf99181fc3d5,1875000.0,True,True,2026-05-28T13:34:27Z,2026-05-28T09:25:52Z
c32c2eda-686d-ee53-4e89-ecbc3d78bc0a,09640a9c-efbf-6a29-2bbe-cf99181fc3d5,1875000.0,True,True,2026-05-29T02:04:49Z,2026-05-29T17:56:24Z
4e1490cf-43ec-776c-2057-4dbcb5f55265,09640a9c-efbf-6a29-2bbe-cf99181fc3d5,1875000.0,True,True,2026-05-30T11:25:26Z,2026-05-30T09:25:04Z
58087027-806f-f20f-75bf-4cb127e25530,2b95e3bf-aeb7-8ddd-8333-421eae9893ce,801000.0,True,True,2025-08-01T01:44:10Z,2025-08-01T04:12:10Z
f1593722-c984-1fa5-d590-6336dd3c949c,2a3e5e9e-96c6-0466-0b20-1420b0e05791,49500.0,True,True,2025-08-01T08:35:25Z,2025-08-01T09:57:49Z
ecfc8f2d-6cf2-fb92-5001-7df85fd65f8c,2a3e5e9e-96c6-0466-0b20-1420b0e05791,49500.0,True,True,2025-08-02T13:33:32Z,2025-08-02T18:22:27Z
cc76df5c-7304-ee4a-f4f6-4ffcfb9901ef,d2a5b63c-2573-a9e2-e8b0-4a4b57b577d6,2100000.0,True,True,2026-02-22T16:17:20Z,2026-02-22T20:57:36Z
027a1c5d-69b9-c02a-b4db-cd6f32344b11,6cb8dc01-de48-fd04-d630-95334bb5f075,2900000.0,True,True,2026-02-22T05:34:06Z,2026-02-22T04:31:16Z
04310e76-d175-cef1-364d-c3deaeaf9018,b27d0c1a-c321-f497-1e24-9db6a4d8503d,250000.0,True,True,2026-06-07T18:06:04Z,2026-06-07T08:49:21Z
b92d5a33-7df9-52e7-371e-2e5d2815533a,b27d0c1a-c321-f497-1e24-9db6a4d8503d,250000.0,True,True,2026-06-08T03:34:24Z,2026-06-08T12:27:26Z
6e8734df-8cc7-a01e-6844-e59c09a986c1,ab3992b9-f6f7-e56b-46ed-c609d35a57c4,320000.0,True,True,2025-12-26T09:03:11Z,2025-12-26T17:43:11Z
f7b66b91-d1fe-75f5-788f-386b19ff64ac,300f7417-c652-fdb0-ddc2-337010725e42,450000.0,True,True,2025-12-26T10:51:46Z,2025-12-26T16:17:39Z
41781e98-07c2-3673-dc28-1bfcd05c22a2,a0495802-753c-4bb4-47a1-287d210efc42,76666.67,True,True,2025-12-26T10:04:12Z,2025-12-26T07:01:30Z
fbc7efa0-86cd-a55a-7560-5fa3df209037,a0495802-753c-4bb4-47a1-287d210efc42,76666.67,True,True,2025-12-27T22:58:27Z,2025-12-27T00:43:55Z
c8e9b7c0-2001-2f47-44cf-479b5caf82da,a0495802-753c-4bb4-47a1-287d210efc42,76666.66,True,True,2025-12-28T11:12:20Z,2025-12-28T00:40:22Z
8fe1beff-9fb6-9765-5c1c-b34717b3c8eb,9102fd38-b9f9-44ad-4e94-3be4cefde877,250000.0,True,True,2025-03-16T17:29:38Z,2025-03-16T15:12:10Z
237d66b9-8651-5e84-f67b-c26fd9af6ff7,e4fd0c4d-0e31-093b-d257-7f14a0bbaa55,1233333.33,True,True,2025-03-16T06:57:59Z,2025-03-16T11:22:23Z
bca389c1-ffec-1b15-0be4-8f807fc3ae98,e4fd0c4d-0e31-093b-d257-7f14a0bbaa55,1233333.33,True,True,2025-03-17T08:27:39Z,2025-03-17T22:33:34Z
e735572e-f6bb-bbdf-a47f-d5d21bbb6600,e4fd0c4d-0e31-093b-d257-7f14a0bbaa55,1233333.34,True,True,2025-03-18T09:01:04Z,2025-03-18T06:21:32Z
ed231b2f-e871-e763-3bef-d616292baf3f,4b8ad4a0-c016-fa44-4a13-337f47640402,1050000.0,True,True,2025-03-16T04:27:27Z,2025-03-16T15:06:26Z
77006cd3-9043-c6f8-5436-a3116cac4773,ee827a87-040c-9c2b-b97b-cd57febbb415,2500000.0,True,True,2025-01-09T22:37:25Z,2025-01-09T06:02:22Z
93e14e24-d398-7a9d-7245-044854bf3737,01ea7b6c-5a0d-3ef4-fd77-0764cd94272b,1290000.0,True,True,2025-08-30T13:28:21Z,2025-08-30T07:23:35Z
f5f90cfa-0f92-0886-dc27-6867c0fe3811,de4acd7c-d7b9-977d-2347-e52a21b2e5f9,210000.0,False,True,2025-08-30T00:37:53Z,2025-08-30T09:13:24Z
d1a910d3-475a-aa04-0aad-f4609616850f,6049910b-fdd2-66e5-57a6-c8f7d819f8b3,1360000.0,True,True,2025-02-18T21:23:24Z,2025-02-18T01:27:36Z
873794ab-9109-901d-bc9f-01b3fb53d2bf,e799f2b1-ebd1-212d-e8e6-1260c3cebc90,120000.0,True,True,2025-02-18T03:03:29Z,2025-02-18T22:09:51Z
a21fa7a6-30ea-db75-b914-ad823c39883c,326d6604-f837-f8b4-bf3a-75b2e5b89af9,520000.0,True,True,2025-02-18T22:20:51Z,2025-02-18T18:15:26Z
88214e28-c6a6-8611-e13a-7417e4997469,8e75ae6b-f514-ecc6-418b-5b0903e6c8f7,464000.0,True,True,2025-06-14T15:30:30Z,2025-06-14T05:18:33Z
e490fdbd-c313-9f1b-4a08-ff4fe1e4dda5,71e2eac8-0880-82ed-c06c-5d9a64175855,1136000.0,True,True,2025-06-14T22:43:50Z,2025-06-14T01:20:09Z
ef57e3ff-476d-db9b-c5fe-187a5575090d,cbb8d3b4-dc93-58f8-b0b3-5916861d9513,166666.67,True,True,2026-07-20T01:03:19Z,2026-07-20T07:29:02Z
729683b6-6375-73f7-512e-de48ef13d029,cbb8d3b4-dc93-58f8-b0b3-5916861d9513,166666.67,True,True,2026-07-21T10:34:25Z,2026-07-21T08:37:52Z
045de788-7200-bde5-02d1-836cf8947ef0,cbb8d3b4-dc93-58f8-b0b3-5916861d9513,166666.66,True,True,2026-07-22T09:50:44Z,2026-07-22T11:39:31Z
9691f96a-40a2-460c-b212-13fc1bffaabb,107f9722-21c0-8733-12ec-b1792a842c54,750000.0,True,True,2026-02-03T16:55:34Z,2026-02-03T07:50:39Z
a2cb0ec1-c009-4cc4-3c4d-113950ba6ba4,3a4209fb-f3f9-caa8-755c-63c915b97c0b,105000.0,True,True,2026-02-03T17:40:02Z,2026-02-03T06:42:46Z
07c61071-a0d1-185e-270b-d1e9653c532b,a5394a7e-909e-e643-096b-8641d8d62fd9,210000.0,True,True,2026-02-03T21:05:58Z,2026-02-03T14:42:37Z
90470209-b346-4a58-3d9a-9436ae044a87,992cb769-0276-5d8e-81c9-ac3028f078c2,435000.0,True,True,2026-02-03T09:19:14Z,2026-02-03T13:53:19Z
75c5e421-f7a6-0323-7ad3-b5da25f20b2b,fbcf9051-ad11-dbae-540b-0ee982415464,25000000.0,True,True,2026-05-22T05:47:52Z,2026-05-22T14:53:25Z
74476f48-81ea-9a4b-e0e9-34f2aab2cde2,ca719154-0785-c28e-4eae-d02edeb04052,39000000.0,True,False,2026-02-22T15:24:43Z,2026-02-22T17:07:23Z
7e95b096-cbbc-cb4e-d4f0-1f3dd386645f,efbff183-67a7-4269-6fd6-4c709d7f39f5,3666666.67,True,True,2026-02-22T13:21:24Z,2026-02-22T16:42:45Z
c25ce85a-8fad-7135-9422-725858d0414e,efbff183-67a7-4269-6fd6-4c709d7f39f5,3666666.67,True,True,2026-02-23T14:57:28Z,2026-02-23T03:58:52Z
43d4db64-7277-6e7b-0566-e59280ba418a,efbff183-67a7-4269-6fd6-4c709d7f39f5,3666666.66,True,True,2026-02-24T11:12:59Z,2026-02-24T00:53:18Z
2dbc1d3b-3423-6640-08ae-a4add783492a,bd58f166-5978-3371-9013-634e626b7adc,300000.0,True,True,2025-10-26T23:03:11Z,2025-10-26T09:14:28Z
2afe3b2b-703c-d550-3ed7-55be992c9c55,bd58f166-5978-3371-9013-634e626b7adc,300000.0,True,True,2025-10-27T12:13:24Z,2025-10-27T00:30:37Z
fdf80c99-ed0e-79b0-e88f-28753ffde309,8c42de3f-6dae-dd49-e0c6-0805d52241cf,25000000.0,False,True,2026-04-10T21:26:55Z,2026-04-10T05:16:26Z
c8418e49-2fe9-2d79-d010-3a40e4d8afa8,993d0c1a-2c43-7afe-8e91-b0b6fc384d44,400500.0,True,True,2025-07-28T17:02:38Z,2025-07-28T20:21:10Z
0a77bc7d-7ba4-27a6-eba8-39dff3c8d934,993d0c1a-2c43-7afe-8e91-b0b6fc384d44,400500.0,True,True,2025-07-29T15:30:20Z,2025-07-29T13:30:04Z
4ea0eefe-477c-9f82-2847-1b8d130656f5,993d0c1a-2c43-7afe-8e91-b0b6fc384d44,400500.0,True,True,2025-07-30T17:20:19Z,2025-07-30T09:26:38Z
0223d5aa-2c3b-9d74-20f9-b943a11fe5b3,cc904c3c-2d03-638d-24c5-068988271d35,148500.0,False,True,2025-07-28T10:53:55Z,2025-07-28T22:09:22Z
513e07d5-8dfe-933e-4700-4f664b99f79d,a123f5b4-ca14-3c01-923b-48fdce14d46b,1000000.0,True,True,2026-05-29T10:10:12Z,2026-05-29T11:00:27Z
9e28d2d3-fe31-cedf-17bb-556555cc418e,a123f5b4-ca14-3c01-923b-48fdce14d46b,1000000.0,True,True,2026-05-30T12:10:48Z,2026-05-30T00:01:09Z
527e7286-e28f-3ff9-c118-7d291ec02926,4d34b163-7ec5-aefd-374a-826e4a3fd9b7,666666.67,True,True,2025-09-19T22:45:02Z,2025-09-19T16:44:42Z
511b18fc-ce94-f5ca-4c2f-8cbff9ff16f8,4d34b163-7ec5-aefd-374a-826e4a3fd9b7,666666.67,True,True,2025-09-20T10:47:03Z,2025-09-20T09:55:42Z
29327405-6f0c-b983-5dd4-102ca4e5c1c8,4d34b163-7ec5-aefd-374a-826e4a3fd9b7,666666.66,True,True,2025-09-21T08:48:21Z,2025-09-21T17:34:36Z
25712182-965e-e7d3-faab-64629ad53da8,5758337e-2585-5c14-2568-bb33f6c344dc,162000.0,True,True,2026-07-04T07:33:18Z,2026-07-04T18:06:26Z
ffd26e54-e37a-3a14-c020-3468d1cf7157,5758337e-2585-5c14-2568-bb33f6c344dc,162000.0,True,True,2026-07-05T05:59:32Z,2026-07-05T15:06:36Z
33afcdcb-5c36-d5c6-0bc9-0cee760faeba,5758337e-2585-5c14-2568-bb33f6c344dc,162000.0,True,True,2026-07-06T07:19:24Z,2026-07-06T07:13:30Z
864c362d-d20b-ada0-ad83-211823711667,779b76b3-31d1-ed7c-5043-0ab75ae75d19,9000.0,True,True,2026-07-04T01:16:21Z,2026-07-04T01:43:29Z
41576893-6388-d56b-182e-e47ba9dc6713,057515d4-bbce-2fac-a297-c6f842daee62,117000.0,True,True,2026-07-04T06:42:13Z,2026-07-04T02:44:11Z
c747f2d8-1a85-e1f7-519e-a1cac57310c1,02563644-8c8a-2f6b-1b69-80fd8e104889,96000.0,True,True,2026-07-04T09:46:02Z,2026-07-04T23:18:01Z
b75732e9-7f08-f554-a436-52ef49452481,02563644-8c8a-2f6b-1b69-80fd8e104889,96000.0,True,True,2026-07-05T03:41:05Z,2026-07-05T13:47:55Z
77777c6d-3ff8-54b8-da25-6cd671cae355,02563644-8c8a-2f6b-1b69-80fd8e104889,96000.0,True,True,2026-07-06T08:52:46Z,2026-07-06T05:05:23Z
f3a77277-9c2e-16ac-65c7-f17e9249d741,89e23c7f-74bf-bb8c-8da0-00a8db1ed288,437500.0,True,True,2026-06-28T20:50:59Z,2026-06-28T22:13:14Z
ef120c4a-b8d6-3064-63b2-ac557dcb53d9,89e23c7f-74bf-bb8c-8da0-00a8db1ed288,437500.0,True,True,2026-06-29T10:11:59Z,2026-06-29T23:57:31Z
9e32d30d-a02d-de73-a5b3-466bbcee8b1a,c7321c58-7235-fda7-60a6-fb0dc95c5dbf,1150000.0,False,True,2026-06-28T21:38:38Z,2026-06-28T13:43:48Z
87e48959-9d1e-2684-7d34-03b06e61e6af,5566c377-5f68-fa92-8855-6eda10b6e505,475000.0,True,True,2026-06-28T14:38:42Z,2026-06-28T15:39:29Z
06f896e4-e9c1-4d96-6629-4c480d81f424,16881e59-30c4-3642-aba5-8648d1e79804,8437500.0,True,True,2025-09-12T06:02:56Z,2025-09-12T11:13:00Z
121c200d-870d-9e20-5732-3de9e0e3e135,16881e59-30c4-3642-aba5-8648d1e79804,8437500.0,True,True,2025-09-13T21:42:50Z,2025-09-13T07:15:49Z
66689fb3-b23b-3388-163c-da76bf22e3df,f7acee1f-5752-a6fe-082d-bc8bc690e700,20625000.0,True,True,2025-09-12T22:24:35Z,2025-09-12T07:43:59Z
9a715d8d-9a1e-aa3f-435b-df74310aa141,f36586a0-5cf5-62c9-513a-92bd8aff7f32,101250.0,True,True,2025-11-19T05:20:06Z,2025-11-19T16:40:13Z
37c4863c-4442-e864-3a8b-e92c1ba43680,b3c3cc7e-306a-6942-ed51-741a1c0978fd,273750.0,True,True,2025-11-19T21:55:41Z,2025-11-19T21:00:52Z
b0c0aab8-8492-0ce4-204e-34ebc0443c16,3d9c76e4-fb55-8b6d-65f0-8cc80bc4a350,2000000.0,True,True,2025-01-28T06:38:14Z,2025-01-28T07:56:42Z
f7b82b49-0240-13e6-d31e-d6602b62425f,6ed5d8c2-c113-59a7-30d6-e0716301c953,125000.0,True,True,2025-08-05T14:12:56Z,2025-08-05T23:59:12Z
70bcf3a7-f15d-d3fb-4136-d3a07eae666f,6ed5d8c2-c113-59a7-30d6-e0716301c953,125000.0,True,True,2025-08-06T10:33:44Z,2025-08-06T18:22:06Z
4ced80d1-197d-6b18-a163-bed7c9b49335,6ed5d8c2-c113-59a7-30d6-e0716301c953,125000.0,False,True,2025-08-07T07:41:19Z,2025-08-07T13:15:23Z
69f85720-a052-e478-d3f3-5accf8b9ce8c,e1e16fb8-2a75-50f3-2c29-e752694f6ae9,200000.0,True,True,2025-08-05T13:29:48Z,2025-08-05T00:30:25Z
00912c35-3326-efe1-b5bb-83d6c0342c5e,e1e16fb8-2a75-50f3-2c29-e752694f6ae9,200000.0,True,True,2025-08-06T02:49:43Z,2025-08-06T05:35:18Z
24feceed-c417-3607-1c60-8aa2b940a48e,e1e16fb8-2a75-50f3-2c29-e752694f6ae9,200000.0,False,True,2025-08-07T04:51:48Z,2025-08-07T01:17:30Z
40503ac3-04c6-bd22-61fa-f9165f916a44,88762a57-0718-aa7d-517a-d4e1ac28b5bf,1525000.0,False,True,2025-08-05T21:14:28Z,2025-08-05T11:57:10Z
c5b7defd-0aca-45ad-8754-35d29967b5b9,2073145d-697e-1570-7cc9-e87e652e5a39,170000.0,True,True,2025-06-10T18:05:04Z,2025-06-10T06:26:52Z
b2b6cf96-e599-74ff-6f9f-b6449f5ea05c,2073145d-697e-1570-7cc9-e87e652e5a39,170000.0,True,True,2025-06-11T10:45:39Z,2025-06-11T17:17:35Z
c0373bd1-27eb-9693-67d0-a9b812cbcc33,8b59d08c-356a-aa3b-abc4-b4ce727e4aa5,40000.0,True,True,2025-06-10T21:23:41Z,2025-06-10T01:55:14Z
e4958150-6807-98ec-cda6-a14ba1bceeaf,468ef692-dac1-b639-b574-dc7c356ff3fd,11666.67,True,True,2025-06-10T17:18:15Z,2025-06-10T21:39:20Z
0b0400c6-986f-2b2b-a7bf-7978a63d11b2,468ef692-dac1-b639-b574-dc7c356ff3fd,11666.67,True,True,2025-06-11T10:13:51Z,2025-06-11T21:58:15Z
6e5e0029-baa7-bd1b-070c-52c362ba4ad1,468ef692-dac1-b639-b574-dc7c356ff3fd,11666.66,True,True,2025-06-12T04:55:22Z,2025-06-12T07:44:23Z
bb97626f-6d72-7238-7ef5-78d665e4061c,bf7b92fe-065b-3318-1cff-f9e93904ac66,85000.0,True,True,2025-06-10T17:04:08Z,2025-06-10T00:47:17Z
9f95adbb-87cc-e97b-7c5c-05bafefe8a51,38b46dd1-a3a8-b70d-dc2a-dc217162b355,1100000.0,True,True,2025-01-13T09:37:05Z,2025-01-13T17:57:07Z
d32e1074-18d2-fe09-7d05-f9b30e4e68d5,8073135c-bc8c-7007-aa2d-6f9eaac14f22,425000.0,True,True,2025-01-13T00:44:58Z,2025-01-13T04:00:53Z
454b0b40-2ad2-851f-2a61-9476f2d0379e,8073135c-bc8c-7007-aa2d-6f9eaac14f22,425000.0,True,True,2025-01-14T23:09:18Z,2025-01-14T16:55:10Z
c79a7459-7f01-f07a-38c5-0755a014a287,5af261e5-acae-e174-8888-8a8e60151704,1500000.0,True,True,2025-01-13T03:36:52Z,2025-01-13T19:08:26Z
e73ba9c2-9d2d-57ab-272c-1f73490b8aea,406bbf2b-159f-63bc-88c2-ddbd3b89daa8,775000.0,True,True,2025-01-13T09:24:41Z,2025-01-13T10:30:39Z
dba5852c-6c90-3e5f-5b7a-38f27d34bb58,406bbf2b-159f-63bc-88c2-ddbd3b89daa8,775000.0,True,True,2025-01-14T11:46:47Z,2025-01-14T06:37:39Z
0049ccbd-9146-8f11-e60d-d7ae9e1fcd84,ed566e97-02e4-a8f4-048c-5345fc968adc,77500.0,True,True,2025-03-18T19:13:57Z,2025-03-18T21:50:53Z
9e418596-a727-858a-9299-a3eb64c2aec3,188e0687-e42a-5eca-5df5-8a4029546d3f,172500.0,True,True,2025-03-18T04:02:28Z,2025-03-18T09:47:18Z
9f454a44-cbd0-3382-36fe-b9b087465e18,bd02a755-9cbd-1550-227a-bb0eb0105eea,12500000.0,True,True,2026-01-08T07:23:11Z,2026-01-08T21:43:00Z
8d75129c-abe2-4b1b-b19b-ca2d4633d309,e56f7274-326b-f855-1995-6c80abb8502c,3333333.33,True,True,2025-08-03T21:17:09Z,2025-08-03T21:03:48Z
ffe5f239-6059-d409-b063-334fb461b53a,e56f7274-326b-f855-1995-6c80abb8502c,3333333.33,True,True,2025-08-04T01:45:26Z,2025-08-04T23:38:20Z
cbbeb191-f5e1-8709-bedf-60f42c8917b1,e56f7274-326b-f855-1995-6c80abb8502c,3333333.34,True,True,2025-08-05T00:54:07Z,2025-08-05T10:07:48Z
67ad2b69-2e3b-097b-f4ef-61e043254bf4,991219ae-acf6-76b2-3ea2-564290f37395,306000.0,True,True,2026-05-29T17:53:58Z,2026-05-29T18:00:48Z
25e0176b-2c9d-9434-ac16-1812b06084e6,8f105044-77a4-b51e-6b92-8de77503e326,74000.0,True,True,2026-05-29T11:24:45Z,2026-05-29T19:43:35Z
0215992d-6821-b217-7cf3-408f3c0f2b3c,8f105044-77a4-b51e-6b92-8de77503e326,74000.0,True,True,2026-05-30T18:25:29Z,2026-05-30T21:18:21Z
05bd3764-bcdc-f0b6-bd07-c350c6790b9c,8f105044-77a4-b51e-6b92-8de77503e326,74000.0,True,True,2026-05-31T13:05:29Z,2026-05-31T18:56:24Z
f3fa6885-45b3-1a66-c15c-6ede1aa8a84f,ac4bfa79-9913-bbcf-9002-7e7b2981c6df,72000.0,True,True,2026-05-29T05:33:56Z,2026-05-29T13:23:59Z
4cfe21ef-6637-51ea-5c19-f54f2de4426b,d4e05085-bff9-7c28-66c7-1da1ca8b4308,250666.67,True,True,2025-08-25T19:55:05Z,2025-08-25T05:20:24Z
5457f3e4-2bf9-66f8-614b-136b0fba3f08,d4e05085-bff9-7c28-66c7-1da1ca8b4308,250666.67,True,True,2025-08-26T20:56:57Z,2025-08-26T06:38:56Z
85562840-e639-3b55-656a-229f264ec5eb,d4e05085-bff9-7c28-66c7-1da1ca8b4308,250666.66,False,True,2025-08-27T08:54:29Z,2025-08-27T13:42:11Z
364c865c-f507-df3f-8788-2ff25ae29ce3,0435667b-5c4c-9832-0d2b-1dfc84959dd9,48000.0,True,True,2025-08-25T22:53:26Z,2025-08-25T06:55:08Z
015650ae-f10a-d05e-9241-8439e3032277,5182acc8-38c4-a376-debf-73223e328a42,837000.0,True,True,2025-05-05T13:10:32Z,2025-05-05T03:10:58Z
61e57267-2e96-4f12-fc62-66de32402250,fd4e2966-bb7c-0761-18d0-d8589538256e,171000.0,True,True,2025-05-05T01:53:46Z,2025-05-05T10:08:33Z
6de34562-d0da-31ad-4542-5f3f4767f5a3,fd4e2966-bb7c-0761-18d0-d8589538256e,171000.0,True,True,2025-05-06T18:28:40Z,2025-05-06T20:21:40Z
e9d872fb-5538-f107-838b-feaeccccf008,fd4e2966-bb7c-0761-18d0-d8589538256e,171000.0,False,True,2025-05-07T09:57:06Z,2025-05-07T17:04:55Z
cd666a04-35da-a76a-548b-3e3541e69455,10232bf4-f840-7112-c5df-ba2da563fee0,3066666.67,True,True,2025-04-18T06:44:58Z,2025-04-18T09:30:03Z
b71b0c7a-5f81-0dba-21ab-076c1e755f3e,10232bf4-f840-7112-c5df-ba2da563fee0,3066666.67,True,True,2025-04-19T21:41:15Z,2025-04-19T16:34:49Z
0dcfaafa-0f5d-d7f3-bf12-e68029056ca8,10232bf4-f840-7112-c5df-ba2da563fee0,3066666.66,True,True,2025-04-20T15:28:55Z,2025-04-20T09:43:40Z
cb0b7960-9ca5-cc25-8dd3-fd7806bad250,00caf33f-51c0-bb32-f6af-50b9e85d5bfe,266666.67,True,True,2025-04-18T22:09:29Z,2025-04-18T00:24:50Z
d43b5676-5035-45e6-6d9e-97972daaa024,00caf33f-51c0-bb32-f6af-50b9e85d5bfe,266666.67,True,True,2025-04-19T08:02:22Z,2025-04-19T17:57:18Z
73ae7688-cd48-4b6f-9adc-13fef8e07b56,00caf33f-51c0-bb32-f6af-50b9e85d5bfe,266666.66,True,True,2025-04-20T17:05:54Z,2025-04-20T01:21:28Z
86c5ab62-907c-45d7-07f0-21b1b5838561,fa813435-222a-e19e-df13-941b9880d2ed,203333.33,True,True,2026-04-30T09:28:35Z,2026-04-30T00:11:56Z
536f72a7-3c13-3f7d-46da-a2b7d2c4a991,fa813435-222a-e19e-df13-941b9880d2ed,203333.33,True,True,2026-05-01T18:14:38Z,2026-05-01T14:59:17Z
0c1b37d6-a2e8-a120-b747-1f66848150ec,fa813435-222a-e19e-df13-941b9880d2ed,203333.34,True,True,2026-05-02T00:53:34Z,2026-05-02T18:41:52Z
4c6084e9-6867-0748-54a4-9d0f48792b36,a34e4d7c-e083-30b3-5edf-419748353b02,40000.0,True,True,2026-04-30T03:46:58Z,2026-04-30T19:05:15Z
e510c077-e63b-4ba9-f434-4d2821e364a7,a34e4d7c-e083-30b3-5edf-419748353b02,40000.0,True,True,2026-05-01T16:06:51Z,2026-05-01T09:10:19Z
0ddff171-caf3-e375-7e85-c7f2b7d09824,31bc52f4-d005-cbe7-7265-921318a88504,310000.0,True,True,2026-04-30T13:43:57Z,2026-04-30T12:45:40Z
73b97039-5892-024a-fa8e-87d2de27ac6e,39dd6c6d-469a-2caf-53bd-3edfaf2e3a0b,405000.0,True,True,2025-08-01T06:44:53Z,2025-08-01T13:55:01Z
4ad4a036-2350-8e08-2897-53133fa5e79b,39dd6c6d-469a-2caf-53bd-3edfaf2e3a0b,405000.0,True,False,2025-08-02T03:53:24Z,2025-08-02T01:50:06Z
2e29989d-f0b9-df02-8baa-defd13ee2438,8ea58955-0aaa-fbda-271a-8eebe22b49a2,30000.0,True,True,2025-08-01T14:32:29Z,2025-08-01T01:07:43Z
feee591a-8284-b2d8-537f-ab50b3d0b1aa,8ea58955-0aaa-fbda-271a-8eebe22b49a2,30000.0,True,True,2025-08-02T10:06:02Z,2025-08-02T01:19:57Z
53c584fd-567a-ff1f-c677-d14f8319d742,8ea58955-0aaa-fbda-271a-8eebe22b49a2,30000.0,True,True,2025-08-03T06:25:40Z,2025-08-03T20:59:57Z
9f563575-037b-744a-9082-9811a823f8f5,99516b54-3893-aca9-e612-1f3a3d7272fb,50000000.0,True,True,2025-09-19T22:41:54Z,2025-09-19T10:00:07Z
47451440-4ffc-bed9-7cba-f71cae9b70d1,1ea2d0a9-412d-0ded-60b7-16004c1708a5,390000.0,True,True,2026-01-01T19:18:45Z,2026-01-01T10:03:18Z
589e9216-b001-5afe-3533-b02a2471646f,1ea2d0a9-412d-0ded-60b7-16004c1708a5,390000.0,True,True,2026-01-02T17:54:28Z,2026-01-02T08:07:25Z
d590c325-5767-1101-c418-022f37bebfef,a3bef14e-3cc3-5332-eefe-e69ce3c25d65,1980000.0,True,True,2026-01-01T20:54:58Z,2026-01-01T19:43:09Z
0ded714d-e867-33a4-4dd5-b43b5924c1d6,8731749a-c6f5-d0ff-e130-4faac64aed35,240000.0,True,True,2026-01-01T19:01:29Z,2026-01-01T20:41:18Z
b4ebe9a5-acbd-ca84-870d-3d2dd9b543eb,93234156-389e-d7b8-74ba-0fe64dc8c855,324000.0,True,True,2025-09-05T17:13:20Z,2025-09-05T09:14:25Z
60c96548-97ff-1c5d-a463-0c1604ca6097,a54b96f5-6f66-517c-1b6a-13394f0105b1,92000.0,True,True,2025-09-05T23:52:02Z,2025-09-05T16:41:09Z
2931107d-0a0a-a12b-7171-dc746e8cec78,a54b96f5-6f66-517c-1b6a-13394f0105b1,92000.0,True,True,2025-09-06T22:11:36Z,2025-09-06T14:20:25Z
6d11b383-4b71-1821-0b35-2488ff534d6a,a54b96f5-6f66-517c-1b6a-13394f0105b1,92000.0,True,True,2025-09-07T22:25:40Z,2025-09-07T21:57:03Z
4bd35ca2-4d73-abfa-d527-44da694300e8,c1c41e15-301b-d179-8943-c92d638d83bf,416666.67,True,True,2026-02-12T00:43:57Z,2026-02-12T11:53:23Z
32bfcf50-ee4d-9254-f42f-fdc3dc5f08fc,c1c41e15-301b-d179-8943-c92d638d83bf,416666.67,True,True,2026-02-13T14:30:51Z,2026-02-13T21:17:41Z
69d93d3e-778f-3a32-1fbb-7b24edcc5af4,c1c41e15-301b-d179-8943-c92d638d83bf,416666.66,False,True,2026-02-14T12:34:32Z,2026-02-14T13:21:25Z
e9cc2ba8-fb3e-fbcb-2e35-1b75d1651622,1b214797-bfc0-f310-f975-119903dadbde,14500000.0,True,True,2026-02-12T11:44:19Z,2026-02-12T22:22:18Z
6324d9c3-51e3-84c3-5c2f-07779e3d818e,1cdf714a-1304-4cab-d4dc-5d0a7210aed8,4625000.0,True,True,2026-02-12T09:42:45Z,2026-02-12T06:19:51Z
28dc07cc-fc19-5830-d29a-c7c674c9440c,1cdf714a-1304-4cab-d4dc-5d0a7210aed8,4625000.0,True,True,2026-02-13T21:57:46Z,2026-02-13T04:54:18Z
9774d397-0746-50ae-b1f8-872ea1e76005,55f96b44-92d7-8b69-bfbd-f97ffcb8559e,162000.0,True,True,2026-05-03T19:54:32Z,2026-05-03T07:12:57Z
a2ae0685-0ff1-dcbb-25e6-b9bfb16736d8,8d8d36db-d7f5-4d31-99aa-9c626f38975d,954000.0,True,True,2026-05-03T18:52:28Z,2026-05-03T03:43:57Z
9dacaf35-f5a9-5bc6-9cf4-87bead2c96ef,ab0dd7d6-b5fe-b463-ef4c-12b43287c08c,153000.0,True,True,2026-05-03T00:42:55Z,2026-05-03T19:59:27Z
103aca39-c81f-cc06-9738-a477cf61a4f3,ab0dd7d6-b5fe-b463-ef4c-12b43287c08c,153000.0,True,True,2026-05-04T21:01:55Z,2026-05-04T03:58:58Z
83f3f240-78f1-5a37-8a11-7c4a42087bdc,23fba424-bd49-d2b0-a343-1c3132a841cf,378000.0,True,True,2026-05-03T22:58:05Z,2026-05-03T04:37:53Z
eb87faa8-aa0f-a6db-1e35-22ab55f72950,f5c66619-1dda-65ec-2b1b-eea4517c567e,833333.33,True,True,2026-07-24T07:10:43Z,2026-07-24T13:06:21Z
f9252ac0-a71f-a159-0504-34500acecda2,f5c66619-1dda-65ec-2b1b-eea4517c567e,833333.33,True,True,2026-07-25T17:05:17Z,2026-07-25T03:15:08Z
11ddadc2-5592-640d-a468-ae391c8975fa,f5c66619-1dda-65ec-2b1b-eea4517c567e,833333.34,True,True,2026-07-26T00:51:19Z,2026-07-26T10:02:47Z
82fcefac-d71e-ddd3-045e-8bd1c82349e9,7ab37d30-0e0d-6109-b8ce-ef364b4247d7,6000000.0,True,True,2025-11-05T00:21:53Z,2025-11-05T12:00:08Z
d4751ac0-60c7-277b-7dd1-abc75a24367e,fcf5048e-30ed-e6fc-2083-5ee5b49bc979,320000.0,True,True,2026-02-18T10:12:53Z,2026-02-18T00:34:32Z
acb6a090-3014-2d8b-345f-9477f552be17,fcf5048e-30ed-e6fc-2083-5ee5b49bc979,320000.0,True,True,2026-02-19T11:25:28Z,2026-02-19T13:24:16Z
27ed1efe-2995-0424-0a7c-c7f4efbffa38,fcf5048e-30ed-e6fc-2083-5ee5b49bc979,320000.0,True,True,2026-02-20T16:20:03Z,2026-02-20T15:29:32Z
a43cd381-f833-d154-e6bd-d23ac4e627cb,ea22d787-64c1-cb6f-2a0c-e0c4a19f0c54,440000.0,False,True,2026-02-18T18:38:40Z,2026-02-18T16:36:55Z
62875da8-0c50-4f98-f6e8-605af423f58b,306fb19c-3d56-9074-c21f-ed6f4e64f743,140000.0,True,True,2026-02-18T00:29:31Z,2026-02-18T13:17:23Z
811a9d5c-a6bc-6f46-1fd3-9042ca87700d,3b4dd439-a5fe-af12-6a7d-3f316d467ca3,230000.0,True,True,2026-02-18T21:08:16Z,2026-02-18T23:00:24Z
fc3fab83-7fd0-cc84-c1a9-63053e3976d1,3b4dd439-a5fe-af12-6a7d-3f316d467ca3,230000.0,True,True,2026-02-19T15:04:14Z,2026-02-19T23:18:48Z
abef72ea-269f-c5af-7f86-63a005ba8ec4,d093ca79-5ec0-1104-64e9-bc7e126f1818,1000000.0,False,True,2026-07-22T10:30:31Z,2026-07-22T12:07:45Z
3ba56705-06b7-20f6-a83e-c056a1ad8926,bbd19356-1199-9eb2-a81c-4d6d1cd3b1c4,152000.0,True,True,2025-08-07T15:11:35Z,2025-08-07T14:38:24Z
9dd04a04-16c5-4a9c-56d2-d70061210e07,bbd19356-1199-9eb2-a81c-4d6d1cd3b1c4,152000.0,True,True,2025-08-08T22:07:47Z,2025-08-08T10:06:08Z
6dfd27a6-cd6a-0f79-fccb-3f5e61a823ab,b5c81cff-cd75-0fef-af8c-6d54bbb96227,32000.0,True,True,2025-08-07T08:23:56Z,2025-08-07T06:22:48Z
c4b67418-c1e8-e1f2-cdf0-4e391c20fcb3,d477b2b0-ecf5-2475-c1b2-53399a6449dd,64000.0,True,True,2025-08-07T10:24:00Z,2025-08-07T01:03:02Z
fa3a8bb4-db60-d2d2-a560-9994925968c1,c9a99aba-d52e-dcc2-5420-9fd53c55935c,1000000.0,True,True,2025-07-24T20:16:35Z,2025-07-24T09:34:17Z
ccb9d0b9-3808-21ce-733b-0ea1134099d1,b7176c51-d1e1-aa20-1f31-b650f3b16fca,340000.0,True,True,2026-06-20T16:10:37Z,2026-06-20T08:22:25Z
64fd40c1-bdc7-8a23-3ba3-72404963dcdb,4de288bc-aff2-7069-5a14-74d048261de7,306666.67,True,True,2026-06-20T07:13:05Z,2026-06-20T15:40:44Z
8286622e-19a8-9f67-2b58-68423bfdc89d,4de288bc-aff2-7069-5a14-74d048261de7,306666.67,True,True,2026-06-21T04:20:19Z,2026-06-21T11:28:28Z
7e6e09c9-7a27-3fca-4e94-34b6c5520c7f,4de288bc-aff2-7069-5a14-74d048261de7,306666.66,True,True,2026-06-22T03:59:32Z,2026-06-22T22:03:05Z
21e8fd3a-e731-8fd4-df70-46c8de72604e,4a13237c-1624-f9ce-ee4c-2a45788df664,33333.33,True,True,2026-06-20T20:18:56Z,2026-06-20T14:16:10Z
5df43e69-0932-9d29-8ba4-dd5be3a37e0a,4a13237c-1624-f9ce-ee4c-2a45788df664,33333.33,True,True,2026-06-21T20:12:26Z,2026-06-21T01:16:27Z
c5188c4b-6e1d-2582-e67f-c493642fbf46,4a13237c-1624-f9ce-ee4c-2a45788df664,33333.34,True,True,2026-06-22T21:48:25Z,2026-06-22T09:29:17Z
cac3d23b-9c81-650f-0055-eed19b34fd83,7cadf2e0-8313-a125-8199-c724d0281175,320000.0,True,True,2026-06-20T11:16:31Z,2026-06-20T01:06:38Z
6cc5df54-8137-b719-7492-1bc509e25d9b,7cadf2e0-8313-a125-8199-c724d0281175,320000.0,True,True,2026-06-21T10:45:49Z,2026-06-21T23:55:04Z
1e93b3cd-41a5-6105-6adb-972875d3afb1,6c71d53d-486e-e6cd-bdb8-a23d356a3e2b,1560000.0,True,True,2026-02-20T00:46:09Z,2026-02-20T17:00:17Z
984c9c0c-5179-675e-a604-d37e2ccf103d,fdd776ff-64b4-5bf6-09ee-a4495a84f4d1,440000.0,True,True,2026-02-20T09:20:40Z,2026-02-20T18:32:34Z
e13ccef6-acf9-1bb6-cfb3-fdaf91d4bd91,6fbb0b02-8f54-6cf0-32cb-e9f038bbb576,255000.0,False,True,2025-11-13T07:43:58Z,2025-11-13T02:54:55Z
d758ce5d-99cd-764a-5ea2-ff7250fd8982,54cc99c4-ec52-e9b2-9509-fb1452882c01,210000.0,True,True,2025-11-13T08:19:19Z,2025-11-13T14:18:41Z
4d667ae6-9674-26cc-9152-0bf0bb8f4b35,61a796e4-0a9c-00b0-ee84-3d11f9c07c85,215000.0,True,True,2025-11-13T15:07:17Z,2025-11-13T22:40:25Z
1b5ec6c9-941c-3e50-fd71-9f38b2c126a3,61a796e4-0a9c-00b0-ee84-3d11f9c07c85,215000.0,True,True,2025-11-14T09:27:18Z,2025-11-14T04:10:43Z
efa42667-d67f-5815-da30-0c91837026bf,61a796e4-0a9c-00b0-ee84-3d11f9c07c85,215000.0,True,True,2025-11-15T17:23:13Z,2025-11-15T07:10:46Z
e22dd5ea-cb9e-5cb7-fcb5-29beeaa9c884,a803b93c-e136-d564-5c3b-2786f86c29ca,390000.0,True,True,2025-11-13T13:14:23Z,2025-11-13T07:42:23Z
18c6f6a6-dde7-3e7f-913c-69f940493c32,df65ac77-c91a-a639-274f-230d64060823,16750000.0,True,True,2025-05-31T20:55:07Z,2025-05-31T02:48:33Z
9aaf4eec-83d3-b520-f777-0aea10122d2f,608a46ad-d10c-569c-6e84-e70a4f8f23a3,1916666.67,True,True,2025-05-31T02:55:55Z,2025-05-31T00:48:25Z
eb220494-4e82-c345-7ad0-f035970a3265,608a46ad-d10c-569c-6e84-e70a4f8f23a3,1916666.67,True,True,2025-06-01T10:37:22Z,2025-06-01T07:02:20Z
4ec423e8-ea82-4c22-0632-a4e916381742,608a46ad-d10c-569c-6e84-e70a4f8f23a3,1916666.66,True,True,2025-06-02T14:32:39Z,2025-06-02T08:52:43Z
62b7099e-57b1-f1c4-5937-a17617798b21,466a671b-8f46-1339-2ba1-7b6806036389,1250000.0,True,True,2025-05-31T19:34:52Z,2025-05-31T01:18:09Z
c156b71f-ede9-c756-a906-07cc64cc91f9,466a671b-8f46-1339-2ba1-7b6806036389,1250000.0,True,True,2025-06-01T23:42:28Z,2025-06-01T12:24:48Z
e843b410-0084-3674-7e9c-e364c63f9db1,adb23985-42f3-351b-c695-d2078433bc0a,765000.0,True,True,2025-08-11T04:29:15Z,2025-08-11T07:45:46Z
8872c877-689c-13d4-0af4-93d594879512,adb23985-42f3-351b-c695-d2078433bc0a,765000.0,True,True,2025-08-12T09:02:49Z,2025-08-12T01:27:52Z
b209d94b-5086-6d5d-51bb-12091cf6559a,adb23985-42f3-351b-c695-d2078433bc0a,765000.0,True,True,2025-08-13T14:08:44Z,2025-08-13T05:12:14Z
5255150f-62c9-f8ac-5fcf-059630e0553a,28578641-8c5d-9126-1096-1d5561f4e1c0,45000.0,True,True,2025-08-11T21:40:51Z,2025-08-11T04:38:39Z
44d10bfc-7fb3-60f1-6021-d9769f89d1ce,28578641-8c5d-9126-1096-1d5561f4e1c0,45000.0,True,False,2025-08-12T22:20:28Z,2025-08-12T11:10:26Z
175ce2b4-cb8e-d24c-4d25-f1d6e07d5d30,28578641-8c5d-9126-1096-1d5561f4e1c0,45000.0,True,True,2025-08-13T20:44:22Z,2025-08-13T04:02:39Z
8ec95abc-f222-aa3b-fe13-1d4fbc2759f1,906b4a45-1f50-57fa-d5c3-5f1cdb479cba,607500.0,True,True,2025-08-11T08:07:55Z,2025-08-11T22:22:09Z
a9034ee0-b9b4-5a47-365b-194050054f19,906b4a45-1f50-57fa-d5c3-5f1cdb479cba,607500.0,True,True,2025-08-12T11:27:57Z,2025-08-12T19:19:44Z
62be4c38-9dcc-870b-6a8f-7aae62ac2ca6,3c574ddd-1fcf-80a3-5b6d-cb8c3a87941b,285000.0,True,True,2025-08-11T01:25:05Z,2025-08-11T14:45:40Z
e565ce90-5e6b-7cd7-55c2-c605298ef48b,3c574ddd-1fcf-80a3-5b6d-cb8c3a87941b,285000.0,True,True,2025-08-12T00:19:05Z,2025-08-12T15:22:38Z
1762bb0a-4124-5c04-af03-d839234f1422,3c574ddd-1fcf-80a3-5b6d-cb8c3a87941b,285000.0,True,True,2025-08-13T02:46:32Z,2025-08-13T06:30:56Z
b9c4fea3-a3b9-82b8-c766-7dff507710c2,229d40b7-c462-ce56-c1f2-a096fb73a532,3100000.0,True,True,2025-05-31T22:38:39Z,2025-05-31T05:13:28Z
6fb359b0-5d7b-5873-dc1f-26f2d26119d8,84146bcb-5891-3595-97c2-3067a7973525,1900000.0,True,True,2025-05-31T11:05:36Z,2025-05-31T11:03:06Z
2470f922-4dae-40c9-bce0-39ecf21e7d76,e7841916-fd27-3924-d6ba-6e53446906ba,5000000.0,True,True,2025-05-31T13:38:16Z,2025-05-31T00:55:49Z
2763bc6b-97cf-6078-7ecf-d2520f8fcd33,c2541af1-3fbe-80ff-884b-46fbe48359c5,235000.0,True,True,2026-02-05T10:28:26Z,2026-02-05T17:59:17Z
e5bc55c9-5f0c-9f8d-e63b-037a50609020,c2541af1-3fbe-80ff-884b-46fbe48359c5,235000.0,True,True,2026-02-06T12:25:25Z,2026-02-06T02:55:46Z
7d846252-44c3-8042-5e68-f79f816b2421,bea79d44-3f37-f29c-e921-7d787c625373,176666.67,True,True,2026-02-05T18:29:21Z,2026-02-05T05:23:18Z
3e1efd85-af27-02c3-b8fb-c616d2ed7506,bea79d44-3f37-f29c-e921-7d787c625373,176666.67,True,True,2026-02-06T08:21:14Z,2026-02-06T01:19:24Z
1aeacee9-1c26-42c4-f9ac-7cc52fc74fee,bea79d44-3f37-f29c-e921-7d787c625373,176666.66,False,True,2026-02-07T22:54:30Z,2026-02-07T04:25:15Z
54e66da3-02c4-b0d1-5fa0-1728346242ce,ecc60997-81a8-cc40-1515-f3bfb0b689a7,25000000.0,True,True,2026-05-04T11:45:52Z,2026-05-04T04:40:44Z
0c93e0ab-766e-b8d3-fc1b-e856614bbf95,3651b9d0-ebf1-ebca-869b-0fbf6c8335f2,833333.33,True,True,2025-01-15T02:57:25Z,2025-01-15T21:08:45Z
a0e8dcdc-5aa2-9ccb-bf8f-9bfbb5cd5919,3651b9d0-ebf1-ebca-869b-0fbf6c8335f2,833333.33,True,True,2025-01-16T15:30:51Z,2025-01-16T00:03:43Z
24bb545a-d108-c150-c8b2-457ab2939e5c,3651b9d0-ebf1-ebca-869b-0fbf6c8335f2,833333.34,True,True,2025-01-17T00:29:10Z,2025-01-17T14:46:04Z
a5a570a3-d37a-d6e7-cc17-39a33e57f2c9,ca55a23a-4705-7f31-05fa-ad161a9def5f,1650000.0,True,True,2025-07-27T00:00:06Z,2025-07-27T02:27:31Z
91b0ee38-8435-ab4a-3cbc-e9c72de4d8a7,25fd7ee8-47c6-9184-b8f5-a020d595b971,850000.0,True,True,2025-07-27T14:53:52Z,2025-07-27T03:06:30Z
3dee0e99-bcb4-9b3b-8ce2-a96b85ceeae7,e3ba5f6e-ee58-4295-bb4f-0c50d4695bc2,2000000.0,True,True,2025-06-15T02:37:42Z,2025-06-15T17:17:12Z
78d85e3e-0417-e07d-b04e-cd0bbaca8b10,82850668-03f9-ad5c-a55a-b8b63ee3c5e7,2250000.0,True,True,2025-08-01T10:51:25Z,2025-08-01T01:12:28Z
d3269d48-37a3-4fd0-fc2c-654b1d899b70,82850668-03f9-ad5c-a55a-b8b63ee3c5e7,2250000.0,True,True,2025-08-02T13:41:23Z,2025-08-02T03:41:44Z
acb6b21b-7fac-3d64-8a16-d870fc09fab3,9ef6d072-d274-ce54-8ac9-659d90b99db5,750000.0,True,True,2025-11-30T19:27:49Z,2025-11-30T08:55:25Z
e57a0f11-1812-00bf-a789-e50710f09205,558fc083-3628-f0df-253c-7eec6cd72fb5,1250000.0,True,True,2026-02-03T15:43:12Z,2026-02-03T14:52:31Z
4a2cb3f7-8503-01b8-3d79-c39d18ffefee,dfa90322-8131-a296-a076-74b164503a81,1000000.0,True,True,2026-02-03T22:40:20Z,2026-02-03T03:21:23Z
cc9dea07-47ac-7b9f-9506-e28e7110c2ce,dfa90322-8131-a296-a076-74b164503a81,1000000.0,True,True,2026-02-04T17:39:30Z,2026-02-04T21:18:47Z
dd7c5eab-d29c-8051-779c-fe32387e3c18,dfa90322-8131-a296-a076-74b164503a81,1000000.0,True,True,2026-02-05T13:26:02Z,2026-02-05T02:55:20Z
d3e7b604-efd5-fc02-1ef7-bb0297e678e9,9a262b26-ade5-eaf2-7e50-f95aefc44a5a,16750000.0,True,True,2026-02-03T00:19:57Z,2026-02-03T04:38:56Z
e2572cd9-911d-2728-cce7-10efdef85996,11cda425-d67b-e497-5e22-effb216d83cf,4000000.0,True,True,2026-02-03T05:29:32Z,2026-02-03T03:25:30Z
f1981340-d992-d5e2-48a0-d8874adc461f,ac572979-5f6c-322d-a4e4-68342a5362c3,2500000.0,True,True,2026-02-25T14:52:36Z,2026-02-25T21:48:46Z
00955042-a7a8-9708-a3de-a707c04e79d5,01779085-9a54-96cf-6bef-7ae948d99c82,350000.0,True,True,2025-02-25T06:29:02Z,2025-02-25T09:47:17Z
a28a84c5-df28-81ea-c9fb-b2d73b7b17a7,274ec47f-496a-625d-c2d0-42fc6622683b,608333.33,True,True,2025-02-25T10:14:50Z,2025-02-25T10:30:06Z
eeb51009-9c6b-e3f0-1660-bd11f29dfb4f,274ec47f-496a-625d-c2d0-42fc6622683b,608333.33,True,True,2025-02-26T06:07:50Z,2025-02-26T00:25:20Z
e0408041-913d-7efa-b525-b951c1c48392,274ec47f-496a-625d-c2d0-42fc6622683b,608333.34,False,True,2025-02-27T00:47:00Z,2025-02-27T15:42:18Z
b5f5c5a3-1e35-5d62-1026-899ba1bb0ea4,7cca2523-da98-3415-1bdb-f37615241939,25000.0,True,True,2025-02-25T07:16:08Z,2025-02-25T11:54:56Z
d595bfac-8dec-8ddd-c625-6c660ef66adf,7cca2523-da98-3415-1bdb-f37615241939,25000.0,True,True,2025-02-26T07:28:20Z,2025-02-26T23:56:13Z
be9db79f-79cf-0532-6523-dc13b777b4fc,bde07c83-eb25-24cd-d248-ab182f8c9285,137500.0,True,True,2025-02-25T05:19:20Z,2025-02-25T10:14:17Z
29be50e8-a7f5-cb85-b516-149d72c18970,bde07c83-eb25-24cd-d248-ab182f8c9285,137500.0,True,True,2025-02-26T21:56:45Z,2025-02-26T22:33:06Z
18154476-36ea-ca0e-cda4-4110f1250281,f3db0df5-bac7-b6c8-5c32-7057fb74f652,162000.0,True,True,2026-04-26T09:25:02Z,2026-04-26T23:48:32Z
414110fc-f238-c606-ea89-79765b4a3971,5a6fc86b-4167-b187-8a5a-c76f8673105e,445500.0,True,True,2026-04-26T19:24:29Z,2026-04-26T06:54:30Z
a1b6159a-b662-da33-1b28-494b494e8aea,5a6fc86b-4167-b187-8a5a-c76f8673105e,445500.0,True,True,2026-04-27T06:12:12Z,2026-04-27T07:04:03Z
26c41683-8968-908a-4874-8cc1200a815b,0860ade9-8164-2eb0-0112-fdb97a7257f2,297000.0,True,True,2026-04-26T14:38:59Z,2026-04-26T14:14:46Z
43287caa-a989-0788-2d44-ef193afc6f66,6973a7f5-b442-e506-dd8b-acd56b511b76,5000000.0,True,True,2025-11-10T14:31:24Z,2025-11-10T01:51:06Z
003983b2-d4c8-de88-85e7-2adce18b6f48,637ef0a0-d386-42c4-05b9-8880752f7730,1000000.0,True,True,2025-11-30T09:03:13Z,2025-11-30T04:07:43Z
9bdfd3e2-48c7-dc10-bfd6-beee5ca03557,637ef0a0-d386-42c4-05b9-8880752f7730,1000000.0,True,True,2025-12-01T14:59:46Z,2025-12-01T11:51:31Z
b4fef71a-8835-b62f-b392-18b1505d48d1,ceab0392-4d0e-677a-d1f5-27863dad21fb,520000.0,True,True,2025-02-08T21:29:37Z,2025-02-08T02:10:25Z
2cb902c8-2d91-9404-6fbe-d7585eb87202,057fc460-aa6a-9d6e-90f5-ef2b6d515493,93333.33,True,True,2025-02-08T08:59:58Z,2025-02-08T17:46:30Z
1dffe885-57a7-864b-5937-a67ef001702b,057fc460-aa6a-9d6e-90f5-ef2b6d515493,93333.33,True,True,2025-02-09T01:56:02Z,2025-02-09T14:49:52Z
71a5b422-81e4-9886-353e-c96e261e6fbc,057fc460-aa6a-9d6e-90f5-ef2b6d515493,93333.34,True,True,2025-02-10T21:52:36Z,2025-02-10T00:51:10Z
d1a32ec9-97c9-8576-988b-136a55d4c9d8,a432fb00-7bb8-e6c4-e309-e497eb13cee1,1200000.0,True,True,2025-02-08T14:24:01Z,2025-02-08T14:32:11Z
adec2cae-e193-4575-a610-75acb4be1277,45a8e77f-5674-7c63-956c-d2e94b9f74db,862500.0,True,True,2025-09-08T05:21:08Z,2025-09-08T03:30:19Z
a598d7fb-0e47-9017-218c-f3743e6c44d0,45a8e77f-5674-7c63-956c-d2e94b9f74db,862500.0,True,True,2025-09-09T13:35:42Z,2025-09-09T22:40:18Z
843342de-e47e-485d-a120-7e7ac9ea5d4d,137b306f-c45c-2cb7-e86b-30418f90395b,775000.0,True,True,2025-09-08T22:09:03Z,2025-09-08T23:02:22Z
0a1e1840-3725-9b15-eff1-ec98f230dcf6,681e8d7b-7d28-af56-0f6e-17d59b12ed81,2900000.0,True,True,2025-09-27T15:53:52Z,2025-09-27T03:36:19Z
934480eb-1ec2-d561-f27e-2195071d57aa,24f87ce1-470e-6702-b43a-79178c5395e5,1050000.0,True,True,2025-09-27T07:03:45Z,2025-09-27T21:58:21Z
fc0cca8b-4282-b029-284b-29524aaac878,24f87ce1-470e-6702-b43a-79178c5395e5,1050000.0,True,True,2025-09-28T08:04:43Z,2025-09-28T01:45:55Z
fc78c188-e3be-41cd-c1bb-67c34fd43fb9,9defb589-565a-90d6-0f15-492300c9d799,666666.67,True,True,2025-09-17T14:01:37Z,2025-09-17T08:18:20Z
35dcf1f3-8ff6-219c-ea20-6c9230c17ff0,9defb589-565a-90d6-0f15-492300c9d799,666666.67,True,True,2025-09-18T14:16:44Z,2025-09-18T07:47:16Z
78b4ed4f-c579-314f-e300-7b952acc31c6,9defb589-565a-90d6-0f15-492300c9d799,666666.66,True,True,2025-09-19T09:15:45Z,2025-09-19T22:17:01Z
d9fef202-beac-e6c8-08b8-28823d63cc87,5400b047-f659-5fc8-ef5c-39ea0374606d,333333.33,True,True,2026-07-12T18:42:51Z,2026-07-12T08:27:14Z
877c459b-b308-40bf-017e-798c1dff6cf7,5400b047-f659-5fc8-ef5c-39ea0374606d,333333.33,True,True,2026-07-13T03:40:11Z,2026-07-13T14:12:42Z
26e6f832-c607-c16a-d209-1cbfb8399141,5400b047-f659-5fc8-ef5c-39ea0374606d,333333.34,True,True,2026-07-14T03:30:05Z,2026-07-14T16:24:50Z
31a4219d-34a6-3bfb-3e38-fb40b7e98832,fed7a9a3-d98b-eaba-f2cc-38e347226718,67500.0,True,True,2026-01-07T19:34:41Z,2026-01-07T23:13:53Z
ee64ec29-8da2-0132-235e-2fd96aca4711,3b55a12f-41c4-1f61-99e1-ad0016d8714f,132500.0,True,True,2026-01-07T14:34:19Z,2026-01-07T00:50:27Z
75db57de-7a60-91ba-41b4-406b418f2d14,3b55a12f-41c4-1f61-99e1-ad0016d8714f,132500.0,True,True,2026-01-08T17:24:38Z,2026-01-08T12:43:28Z
9e85484e-40b3-9c06-706b-842033cb27fc,3b55a12f-41c4-1f61-99e1-ad0016d8714f,132500.0,False,True,2026-01-09T11:09:17Z,2026-01-09T11:02:37Z
f4378ad9-cec5-2293-45c5-4f1a9fa2d95b,9ca2c477-04d3-0bf2-c5fe-28f4d72f02f2,285000.0,True,True,2026-01-07T16:37:23Z,2026-01-07T15:12:51Z
ac871493-01a3-c222-355a-550c2528d220,94f26531-4ec0-416f-d13d-f855b8a13f36,333333.33,True,True,2025-03-11T12:27:11Z,2025-03-11T06:54:51Z
8020eee8-f1a9-897a-f401-95a95214ab49,94f26531-4ec0-416f-d13d-f855b8a13f36,333333.33,True,True,2025-03-12T12:45:43Z,2025-03-12T20:41:31Z
902eb923-bab5-7a8b-a63d-b70bc37a1949,94f26531-4ec0-416f-d13d-f855b8a13f36,333333.34,True,True,2025-03-13T10:33:24Z,2025-03-13T20:26:37Z
6c5ff734-4a11-2708-e074-56c72038892c,32e58fec-5b18-c3a3-2698-7dc6b1527c0a,1000000.0,True,True,2026-05-05T01:59:22Z,2026-05-05T22:50:51Z
7befda59-89e9-8b2e-6180-b659beda1230,32e58fec-5b18-c3a3-2698-7dc6b1527c0a,1000000.0,True,True,2026-05-06T08:17:03Z,2026-05-06T16:49:04Z
de0019ce-c23f-8439-becd-6df00965ad16,cc045965-896a-bc7a-dac2-3ddffc1b7f66,1100000.0,True,True,2025-03-24T21:52:26Z,2025-03-24T18:59:03Z
758521a9-cc0e-5177-ab30-99444d6dd698,cc045965-896a-bc7a-dac2-3ddffc1b7f66,1100000.0,True,True,2025-03-25T18:09:45Z,2025-03-25T16:23:17Z
85ad3eda-096e-b472-3833-4b7d91cb3955,f1bf0c25-bc2d-c102-87a0-57fc1b7b1992,1533333.33,True,True,2025-03-24T04:45:04Z,2025-03-24T10:38:11Z
8436a257-5e67-b1df-850b-44c38a867465,f1bf0c25-bc2d-c102-87a0-57fc1b7b1992,1533333.33,True,True,2025-03-25T11:35:29Z,2025-03-25T08:06:58Z
ee060ad2-f92a-06de-b745-ed12a7af582c,f1bf0c25-bc2d-c102-87a0-57fc1b7b1992,1533333.34,True,True,2025-03-26T16:34:24Z,2025-03-26T21:51:21Z
c859ade9-b79a-5217-0b89-781608ff4e5d,d9be26dd-65c8-9258-f6b7-a36aa3859244,200000.0,True,True,2025-03-24T22:03:20Z,2025-03-24T11:50:03Z
a34e3c5f-1bcc-298b-cf73-ad0da11618e9,9b3f4141-a193-e29d-630d-5bd7856e68d1,3000000.0,True,True,2025-03-24T03:56:17Z,2025-03-24T17:24:16Z
571abec0-acfe-3d5d-415c-1f9a97c122a1,c697a905-8d71-3333-c52d-5b2930f01135,283333.33,True,True,2026-05-25T06:36:35Z,2026-05-25T21:22:52Z
ab7a84c7-a17f-86ea-a5b8-640bfcfd0c74,c697a905-8d71-3333-c52d-5b2930f01135,283333.33,True,True,2026-05-26T22:54:28Z,2026-05-26T11:51:35Z
cdbd94b7-ea7b-6307-c0e5-f14707fac392,c697a905-8d71-3333-c52d-5b2930f01135,283333.34,True,True,2026-05-27T23:11:27Z,2026-05-27T22:07:31Z
88ad55d8-3664-3934-23c3-ce43fbca2eed,b230319b-8b54-e423-a68a-6e1fad98ef2d,75000.0,True,True,2026-05-25T20:15:07Z,2026-05-25T15:44:08Z
65ba4f95-b85b-0c09-1cba-b62b0fe5d4be,b230319b-8b54-e423-a68a-6e1fad98ef2d,75000.0,True,True,2026-05-26T01:52:57Z,2026-05-26T20:54:33Z
ca42f63a-04b9-e218-f9a4-0389918ef2e4,c3fc8434-8286-1359-1717-7b766aa2d74c,170000.0,True,True,2025-01-18T18:13:06Z,2025-01-18T19:50:30Z
52e078de-a32c-4357-a4ec-1d7ae092a508,08b06911-1044-7346-677d-27444cc4e67c,165000.0,True,True,2025-01-18T07:14:43Z,2025-01-18T16:37:42Z
d0816232-f01c-c7c5-76ba-4fab756c638e,08b06911-1044-7346-677d-27444cc4e67c,165000.0,True,True,2025-01-19T09:04:53Z,2025-01-19T18:44:53Z
e675b2e6-20b9-2b8e-6dbe-d14fd229bf99,2c52a1ea-49b5-d97c-b44b-3605af740f99,550000.0,True,True,2025-06-14T13:31:23Z,2025-06-14T20:23:51Z
1d22000b-3166-49a7-3b63-482dd8814191,2c52a1ea-49b5-d97c-b44b-3605af740f99,550000.0,True,True,2025-06-15T17:53:43Z,2025-06-15T18:51:54Z
dd07d290-cfab-1656-543b-1c8ce148d125,2c52a1ea-49b5-d97c-b44b-3605af740f99,550000.0,True,True,2025-06-16T12:08:50Z,2025-06-16T13:35:41Z
04217435-9b8e-e226-44f9-099b4a03bc56,1fba3255-e35e-261b-0d4b-fb883b248f97,2100000.0,True,True,2025-06-14T23:25:01Z,2025-06-14T12:08:10Z
08ad7b96-e2c4-df78-2029-61f91c47ab20,c71b719f-8afa-5ef3-2a1d-24a9ff03f91a,380000.0,True,True,2025-06-29T09:52:33Z,2025-06-29T01:38:47Z
11908873-8829-2e3e-1672-ffc0e8bf5fc1,c71b719f-8afa-5ef3-2a1d-24a9ff03f91a,380000.0,True,True,2025-06-30T06:13:36Z,2025-06-30T17:33:31Z
a7459427-b328-3113-7a1f-897390e879c4,c71b719f-8afa-5ef3-2a1d-24a9ff03f91a,380000.0,True,True,2025-07-01T14:18:08Z,2025-07-01T15:22:44Z
79255d58-881f-f03c-632b-0d7648e19d63,99da111d-bb06-90cc-06cb-e6aa695372d6,180000.0,True,True,2025-06-29T13:57:06Z,2025-06-29T16:49:43Z
9b7f82f2-f282-4a40-199a-6d9f27477c40,99da111d-bb06-90cc-06cb-e6aa695372d6,180000.0,True,True,2025-06-30T02:04:10Z,2025-06-30T05:05:21Z
67916204-6cd8-b8dd-4161-89a8bfcc410c,eea59d62-d397-2d60-df9f-062dec58314a,205000.0,True,True,2026-03-05T11:36:09Z,2026-03-05T05:24:04Z
f741ae6f-5e87-e84c-5553-d8016aad698a,ee588b60-a36b-2aa8-1318-360e15809b1e,15000.0,True,True,2026-03-05T02:21:07Z,2026-03-05T09:16:33Z
87ea2cbd-7b92-4cbf-9d90-500d9e6891eb,ee588b60-a36b-2aa8-1318-360e15809b1e,15000.0,True,True,2026-03-06T10:37:10Z,2026-03-06T18:21:59Z
aefd396f-53f2-7429-c50c-06a5af5dce47,ee588b60-a36b-2aa8-1318-360e15809b1e,15000.0,True,True,2026-03-07T22:51:40Z,2026-03-07T02:48:31Z
c721036d-934e-47ff-613b-0496abacd390,317a1807-e85a-0756-21db-efe77e40ae2f,185000.0,True,True,2026-03-05T22:12:17Z,2026-03-05T20:02:26Z
ce0f4813-b216-a989-c8a2-8a8cb30f19ba,7625377a-3c77-7178-7265-edbfea301f2d,65000.0,True,True,2026-03-05T20:32:30Z,2026-03-05T08:58:28Z
266dd97a-8fe7-ae4a-52d4-288f82bc1743,bb32f922-7755-a04f-94e3-69143f192786,142500.0,True,True,2025-10-14T13:54:07Z,2025-10-14T17:37:42Z
0e7a0fa8-a927-3d12-d55e-e4960ac75e7a,bb32f922-7755-a04f-94e3-69143f192786,142500.0,False,True,2025-10-15T16:29:59Z,2025-10-15T11:37:17Z
b4d12cc0-327d-fed7-1912-ee6e25aad8b0,8e235b0b-d91d-a0d7-45ba-288c563d7cd6,215000.0,True,True,2025-10-14T16:52:56Z,2025-10-14T11:16:20Z
7e873c47-9537-9156-09b8-88cb28cdc09e,8bbd07df-df3f-5018-70bc-d004ffba62ee,2000000.0,True,True,2025-07-02T02:40:55Z,2025-07-02T11:56:07Z
c26ffe6b-cafb-14d0-b8cf-9db25c340d81,73807c95-2561-33b9-e4e4-15d15614fc42,88333.33,True,True,2026-03-07T03:24:27Z,2026-03-07T15:50:47Z
75a388b6-3965-4019-aa26-a5ecaa6327ec,73807c95-2561-33b9-e4e4-15d15614fc42,88333.33,True,False,2026-03-08T00:55:04Z,2026-03-08T03:21:22Z
4420e4f7-ace2-12fb-af60-4345feb7ca03,73807c95-2561-33b9-e4e4-15d15614fc42,88333.34,True,True,2026-03-09T23:58:23Z,2026-03-09T00:24:22Z
2788bc31-f214-b13a-048e-0d0ef459a7d4,5ca16b0f-db21-c638-a1b2-b6771a2b378f,235000.0,True,True,2026-03-07T08:48:41Z,2026-03-07T09:36:24Z
7c649bd6-1f32-b3e1-509e-2c454bb084e1,44220137-bb81-61e8-aa44-be91e087c6b3,23000000.0,True,True,2026-05-05T21:11:36Z,2026-05-05T10:46:06Z
2642cc4d-d6ef-1e20-a094-458201307c5d,2cb962ab-e958-d2cc-1119-9f296563016d,2000000.0,True,True,2026-05-05T15:08:54Z,2026-05-05T15:19:59Z
7aa761c3-bb21-04ba-df77-374cf9ee2814,f9dbae84-7c98-6d9b-10ff-6a8a33a2906c,18000000.0,True,True,2025-11-16T22:11:55Z,2025-11-16T06:23:01Z
08b0f256-2007-7e34-3c44-222e98bb1345,3a14f289-78fd-aee5-c45f-3960434eee54,2250000.0,True,True,2025-11-16T04:46:57Z,2025-11-16T08:10:48Z
bef812a1-e92e-c318-764a-73c65bc2183c,3a14f289-78fd-aee5-c45f-3960434eee54,2250000.0,True,True,2025-11-17T13:19:09Z,2025-11-17T18:19:16Z
df5d6027-cf06-1fe1-9be8-738876860180,37465b20-107e-24cb-7089-75c97285fd16,12000000.0,True,True,2025-11-16T11:05:47Z,2025-11-16T15:37:53Z
87106161-4491-4869-5852-0076c644aaee,401d5263-744f-5cbe-ea61-7df55a2a6950,15500000.0,True,False,2025-11-16T07:12:56Z,2025-11-16T05:22:33Z
d3089152-d7f2-b041-d2a8-b3f8a87b9131,fb53c509-cf73-2b1f-f7ee-2a2b27a8c1c2,2500000.0,True,True,2025-06-27T08:11:51Z,2025-06-27T20:01:05Z
3154daf6-4027-0216-737e-bf8e59694c26,fb53c509-cf73-2b1f-f7ee-2a2b27a8c1c2,2500000.0,True,True,2025-06-28T06:27:35Z,2025-06-28T22:53:19Z
9ababe3e-7ad0-1ab6-d2e5-2ca9db1930ee,724e366a-ff5b-dffd-75b0-3fa452c70adc,1125000.0,True,True,2025-07-31T10:57:17Z,2025-07-31T08:19:53Z
43e23f37-8700-1abf-db17-d1dc593192d3,724e366a-ff5b-dffd-75b0-3fa452c70adc,1125000.0,True,True,2025-08-01T23:05:30Z,2025-08-01T11:54:26Z
4f55d31c-cdff-4835-23b8-527d59a467af,4c36e0bd-78ca-29b8-c415-8d8804a2e76c,250000.0,True,True,2025-07-31T23:58:14Z,2025-07-31T21:35:11Z
7f288ff1-6cb3-b121-e496-490c73f11a2f,d2a172b7-58e4-cfe4-ea49-3ab9d2fa930a,1840000.0,True,True,2025-05-21T03:01:02Z,2025-05-21T09:38:39Z
3c8a288e-45f4-ff5e-7890-efc27bfb77f9,d2a172b7-58e4-cfe4-ea49-3ab9d2fa930a,1840000.0,True,True,2025-05-22T09:14:21Z,2025-05-22T07:17:12Z
7fa90418-c21a-1783-1008-578a8425c571,3c6b6400-47db-a0ef-6b59-7f90db30ded0,560000.0,True,True,2025-05-21T16:22:12Z,2025-05-21T10:22:16Z
0fa0420f-1839-110c-b578-deb5ffdec588,ba4a6904-c4ec-4baf-03b9-6409f7bc7b44,2560000.0,True,True,2025-05-21T05:48:16Z,2025-05-21T19:36:11Z
3bd37a8d-1f6c-2407-5ff3-1f8dc3d9ee0a,82dc6456-7926-82be-a73d-71e228936c0b,600000.0,True,True,2025-05-21T03:48:59Z,2025-05-21T03:41:13Z
8f483990-7f0d-5867-d8cc-c435e5a0d880,82dc6456-7926-82be-a73d-71e228936c0b,600000.0,True,True,2025-05-22T15:46:02Z,2025-05-22T01:54:50Z
706323ba-70ca-8231-21ce-35d4de62b32b,c4ac9db5-cf6f-b874-0eb0-027fe32a5093,185000.0,True,True,2025-01-09T06:10:49Z,2025-01-09T18:35:07Z
5df7f951-7de9-c94d-f26e-ce9197b17e0a,c4ac9db5-cf6f-b874-0eb0-027fe32a5093,185000.0,True,True,2025-01-10T00:26:30Z,2025-01-10T18:27:11Z
a0dfb570-adf6-9047-58ea-39fbcc36cc55,c4ac9db5-cf6f-b874-0eb0-027fe32a5093,185000.0,True,True,2025-01-11T13:42:15Z,2025-01-11T20:24:12Z
f806b3a8-c595-915e-d783-dd0761605998,1273eb58-4220-705a-7e4b-6a90b0d4b02f,472500.0,True,True,2025-01-09T16:31:02Z,2025-01-09T19:10:33Z
a0176f7b-ec94-15e3-d89d-cf26ad17a12f,1273eb58-4220-705a-7e4b-6a90b0d4b02f,472500.0,True,True,2025-01-10T04:55:13Z,2025-01-10T00:48:56Z
c6b1e601-15d9-a971-1bd1-90c82367c72f,2911643e-1937-e8e2-eeeb-c7a4cae903d0,2850000.0,True,True,2025-04-08T17:54:37Z,2025-04-08T23:15:57Z
3ac2d10d-d198-84cb-15f0-17c915d4600b,2911643e-1937-e8e2-eeeb-c7a4cae903d0,2850000.0,True,True,2025-04-09T15:26:57Z,2025-04-09T22:56:24Z
7af059da-642c-d1c1-5df0-dfcbc5d16906,d3b890ba-5beb-133c-d6da-5afbc29f6bab,600000.0,True,True,2025-04-08T16:58:08Z,2025-04-08T06:55:51Z
fa58eac7-670c-cf1c-ff23-4d5f8603a20c,d3b890ba-5beb-133c-d6da-5afbc29f6bab,600000.0,True,True,2025-04-09T04:05:55Z,2025-04-09T02:36:14Z
a1f3c736-a484-141a-f72d-e5daad0948d3,d3b890ba-5beb-133c-d6da-5afbc29f6bab,600000.0,True,True,2025-04-10T02:46:16Z,2025-04-10T09:18:49Z
b023f0c8-44ee-9c94-79bb-d140bc066b3d,e8b2a4a6-ddc6-e991-662f-73c98a2957f5,10750000.0,True,True,2025-11-26T18:48:02Z,2025-11-26T20:10:11Z
3d731ec5-ff7a-377a-4e6a-a6c99e094bb7,e8b2a4a6-ddc6-e991-662f-73c98a2957f5,10750000.0,True,True,2025-11-27T18:51:36Z,2025-11-27T23:52:11Z
1d7cd5b1-298c-5e42-1868-391c008cd51c,63535f77-556b-3159-789c-75076f5df8c2,1000000.0,True,True,2025-11-26T19:30:06Z,2025-11-26T12:06:28Z
3a201f49-9241-ca4e-a87d-a03dc5be8101,63535f77-556b-3159-789c-75076f5df8c2,1000000.0,True,True,2025-11-27T19:12:39Z,2025-11-27T21:06:13Z
b070008d-0424-a5ea-9d07-e9f9dac6a081,63535f77-556b-3159-789c-75076f5df8c2,1000000.0,True,True,2025-11-28T16:30:48Z,2025-11-28T00:23:08Z
7ff467ea-61d5-f3fb-cca3-d9a26e351297,98be4b61-6380-15a5-e7cb-9366d83eac1b,25500000.0,True,True,2025-11-26T22:07:31Z,2025-11-26T13:16:57Z
0a8073e4-59b5-113b-3290-c176415eb676,84c5edc5-7f38-22aa-0dc5-884533f55a19,2070000.0,True,True,2025-08-01T19:37:00Z,2025-08-01T14:00:59Z
24f9720a-0711-8bd5-467d-fc24de0d612a,84c5edc5-7f38-22aa-0dc5-884533f55a19,2070000.0,True,True,2025-08-02T13:55:12Z,2025-08-02T04:39:13Z
ed121d25-601f-04bb-8827-d5865b8b20e6,e10152f7-f10e-9ce2-c6ec-197026641ab0,360000.0,True,False,2025-08-01T19:15:28Z,2025-08-01T11:34:00Z
0701ce7d-2881-e376-7ac1-412b0a4b3945,8e8545a2-982c-38ab-bcd1-56a85835c049,1750000.0,True,False,2026-07-26T20:55:21Z,2026-07-26T02:31:39Z
caf520a2-f453-c09e-819a-936580d49399,8e8545a2-982c-38ab-bcd1-56a85835c049,1750000.0,False,True,2026-07-27T14:42:50Z,2026-07-27T22:23:31Z
67cde89a-3c2a-de8a-15dc-1c7ad3f46c06,9ce435fb-79aa-9f67-a850-c7b3d16c7bf6,3250000.0,True,True,2026-07-26T14:21:33Z,2026-07-26T23:53:01Z
a018ba46-9bfe-d972-beff-57140871a9cf,9ce435fb-79aa-9f67-a850-c7b3d16c7bf6,3250000.0,True,True,2026-07-27T10:59:46Z,2026-07-27T15:34:52Z
f6ee0a34-c12f-2450-89ae-8aa53957b778,3ba26366-042f-4744-6efe-21f032464476,3750000.0,True,True,2026-05-15T13:52:08Z,2026-05-15T10:01:45Z
e953c336-fa0c-9e94-c30e-5217c66ea6af,2c1f19d0-da9b-0a3b-7ddc-b3636fd00c4d,1550000.0,False,True,2026-05-26T18:17:51Z,2026-05-26T01:45:48Z
a9bc7c2a-c9bd-b896-7489-593205d5ee23,37752dc4-c75d-f8e8-4ffd-5f4b44f5ada4,3450000.0,True,True,2026-05-26T08:44:53Z,2026-05-26T02:22:40Z
ac3cd002-40a3-0548-c400-9e4e208b67d8,b15ced7d-a1c1-2ae0-e044-c0b3aafb6975,360000.0,True,True,2025-06-23T16:12:29Z,2025-06-23T19:47:37Z
f701575d-7e9e-f183-8882-102595b7cd5f,2603a784-9f29-a492-1f3c-5d1349bfbab8,546666.67,True,True,2025-06-23T13:58:12Z,2025-06-23T03:33:49Z
8e25c66d-01c7-66e2-7530-77b20584b7fc,2603a784-9f29-a492-1f3c-5d1349bfbab8,546666.67,True,True,2025-06-24T20:41:06Z,2025-06-24T13:54:24Z
78cba5cb-ef60-39e1-7f53-f47d4798d2fb,2603a784-9f29-a492-1f3c-5d1349bfbab8,546666.66,True,True,2025-06-25T21:30:12Z,2025-06-25T23:52:08Z
a0c59f72-bb60-8f2d-9630-f0ff9bc9327e,0997bd15-7b24-c67e-89fe-baa0f1c3f88f,2500000.0,True,True,2025-09-30T20:33:16Z,2025-09-30T02:52:55Z
312ca7e4-cb8d-0211-9ff8-4d4d4135640e,0997bd15-7b24-c67e-89fe-baa0f1c3f88f,2500000.0,True,True,2025-10-01T10:16:57Z,2025-10-01T15:16:44Z
88f74f3c-d071-7bcc-beb6-b76513a61394,0997bd15-7b24-c67e-89fe-baa0f1c3f88f,2500000.0,True,True,2025-10-02T06:21:12Z,2025-10-02T22:18:22Z
c9b2d489-227d-f4d3-ba1f-e37e8455cb7e,728fcb85-98b6-1934-6a17-f508012f40cb,12000000.0,True,True,2025-09-30T14:29:18Z,2025-09-30T22:40:41Z
90b0e9f2-05f2-d472-a789-7f5e6ff287e9,50731585-a15a-67d1-b1ce-0f29f8b71c1d,250000.0,True,True,2025-09-30T14:24:58Z,2025-09-30T22:37:48Z
b5345009-b8d8-f620-0a19-46886e6b9ae5,85a52341-cd55-0ff4-41c2-78cd6de2f6a2,5250000.0,True,True,2025-09-30T04:37:39Z,2025-09-30T09:51:05Z
906e9ea8-343d-c87c-a4d5-6c80e4c479a3,2b0a7fba-8a75-de51-578b-6c7d05d4d3f9,47000000.0,True,True,2026-04-29T19:21:23Z,2026-04-29T18:19:16Z
7f61620b-2617-8dea-f6ad-678e06c8a14e,ab0f2430-ea95-675f-bdf4-df8dde7de861,3000000.0,True,True,2026-04-29T11:35:28Z,2026-04-29T03:19:52Z
e0a290b9-da0c-c075-3b36-a0e71865b152,c0ba63c7-569e-6965-69e7-3177e1b2e45f,58333.33,True,True,2025-04-24T16:08:56Z,2025-04-24T07:02:40Z
5b9d4f8e-7d0a-8272-d96c-0c5d23a1a051,c0ba63c7-569e-6965-69e7-3177e1b2e45f,58333.33,True,True,2025-04-25T17:51:21Z,2025-04-25T10:31:24Z
42da96a3-e1aa-cf56-f9f0-191e0568b08b,c0ba63c7-569e-6965-69e7-3177e1b2e45f,58333.34,True,True,2025-04-26T13:16:10Z,2025-04-26T09:56:52Z
318b2d55-1ad8-eb7e-26b3-e29bbe1cec82,ccf1f6f2-4cf0-043f-fa3f-ffe6d6436da4,175000.0,True,True,2025-04-24T18:42:57Z,2025-04-24T00:29:32Z
843b65fd-2f69-2ffa-bb53-9e06f4ed6ddb,9099bd32-59d8-3912-af0b-3ee9e49266e8,625000.0,True,True,2025-04-24T03:05:35Z,2025-04-24T20:14:11Z
ec171ef1-5508-c547-eff6-7839ef1ce066,17ad3066-ca68-fc8c-a3db-7d657c3cbf7e,508333.33,True,True,2025-04-24T08:59:29Z,2025-04-24T14:14:34Z
b5d087a8-a943-249c-0e05-f5910aaff946,17ad3066-ca68-fc8c-a3db-7d657c3cbf7e,508333.33,True,False,2025-04-25T03:43:30Z,2025-04-25T20:02:26Z
71e2e4e7-51d2-5f7d-11b7-6ad79d4ae6e1,17ad3066-ca68-fc8c-a3db-7d657c3cbf7e,508333.34,True,False,2025-04-26T08:28:41Z,2025-04-26T04:34:32Z
bc282f13-3cb6-e7b9-9b42-1d1500d156f6,e00a6ef2-af66-fa03-35df-05bd0b5f7cf7,120000.0,False,True,2025-12-13T15:34:35Z,2025-12-13T21:39:48Z
dc871c31-5a10-239c-4874-80721f613863,d3bcb20e-5dfb-2aa2-987f-d790c95cfb54,135000.0,True,True,2025-12-13T07:50:10Z,2025-12-13T03:41:36Z
ee37705f-1839-2de1-6ffb-5295860e9554,d3bcb20e-5dfb-2aa2-987f-d790c95cfb54,135000.0,True,True,2025-12-14T19:37:20Z,2025-12-14T10:36:02Z
cb14ed1e-7c9f-784f-e7a5-8fd82605e013,ad761e52-a0cb-5fd1-42ce-e9e7dc930bdc,80000.0,True,True,2025-12-13T00:22:25Z,2025-12-13T00:38:29Z
55009dad-17f6-72d4-008b-c60519b9e6eb,ad761e52-a0cb-5fd1-42ce-e9e7dc930bdc,80000.0,True,True,2025-12-14T16:31:49Z,2025-12-14T02:08:33Z
4790d0d8-fd05-6dd3-b699-5de4d0f0d526,df2652f9-8b80-54f7-a05d-ab548d427d90,150000.0,True,True,2025-12-13T15:13:16Z,2025-12-13T22:44:50Z
9e3f0b27-7d41-f5f7-cac3-d6cf19d97d4c,df2652f9-8b80-54f7-a05d-ab548d427d90,150000.0,True,True,2025-12-14T20:38:16Z,2025-12-14T01:02:57Z
c6e36099-9341-590e-e7aa-15d00f670b06,df2652f9-8b80-54f7-a05d-ab548d427d90,150000.0,False,True,2025-12-15T21:54:23Z,2025-12-15T01:10:24Z
8cc73ecb-cf13-47d2-4440-1cbc012ae4d1,94190955-9187-6eab-3d85-a5d7cd59cf42,300000.0,True,True,2026-01-18T01:40:43Z,2026-01-18T02:12:26Z
49374088-aae5-dc9a-ec7a-c15072914b13,94190955-9187-6eab-3d85-a5d7cd59cf42,300000.0,True,True,2026-01-19T21:29:55Z,2026-01-19T06:47:57Z
54ec0617-5e8d-5e33-8cdd-17ef7bf15820,94190955-9187-6eab-3d85-a5d7cd59cf42,300000.0,True,True,2026-01-20T00:27:33Z,2026-01-20T04:49:18Z
fac00091-f1bc-13ab-eecc-2d5db2671073,908ac0b7-aba1-f37f-1dee-92e00e0339e2,504000.0,True,True,2025-05-11T20:24:09Z,2025-05-11T18:18:48Z
33c5c7ee-5a36-d2e5-0eed-a197c6b13af6,581743e5-1fed-0970-3120-60763f54bcb2,9000.0,True,True,2025-05-11T14:49:17Z,2025-05-11T16:35:47Z
a83b0d5c-9a49-99b5-9ecf-f6ef847b8f4e,eb9a424a-d9cb-ff40-534a-c6bc0e4db55e,193500.0,True,True,2025-05-11T12:31:15Z,2025-05-11T13:42:16Z
b370a54f-703b-462b-61c1-346aa38c09cb,eb9a424a-d9cb-ff40-534a-c6bc0e4db55e,193500.0,True,True,2025-05-12T12:28:09Z,2025-05-12T05:05:35Z
f3467dff-e78d-eb89-deaf-785fe5f200aa,ef1977a7-6ab0-b056-7bb1-784d7ea098cd,320000.0,True,True,2025-02-18T15:20:11Z,2025-02-18T03:28:26Z
19f26441-59a2-9ed4-ba3d-2bb2c3770e99,a3f4ff35-1338-84a6-e223-3683fe14befd,260000.0,True,True,2025-02-18T02:05:49Z,2025-02-18T18:39:58Z
2395633a-2250-1f7d-7cde-277f58059d18,a3f4ff35-1338-84a6-e223-3683fe14befd,260000.0,True,True,2025-02-19T09:54:10Z,2025-02-19T06:10:19Z
db07b577-90b8-167a-e581-cfe653bc4b44,99ca6a7a-fce0-e6e3-fdaf-d51be812e6c4,1160000.0,True,True,2025-02-18T17:19:31Z,2025-02-18T09:29:09Z
cb23d4d1-7df4-775f-0f4c-d8ee35b55a7b,3cd27083-e3ce-ccdd-0565-03068199e1b4,1750000.0,True,False,2026-04-28T13:06:14Z,2026-04-28T06:39:19Z
a1d84244-bfe3-e735-987d-371405ee11e0,3cd27083-e3ce-ccdd-0565-03068199e1b4,1750000.0,True,True,2026-04-29T22:47:59Z,2026-04-29T03:31:27Z
67b4025c-22cb-53b9-1720-f78709c62dfb,91140518-1876-7d3e-bea7-f52e80974b94,1200000.0,True,True,2026-04-28T15:29:20Z,2026-04-28T15:59:57Z
495b1acb-351e-b0f1-9db8-00d16cac26c4,e1fcb154-57cf-7085-1785-03e19b7684bd,150000.0,True,True,2026-04-28T10:01:30Z,2026-04-28T02:30:54Z
437b5110-214a-8dc5-ca63-900054c687be,e1fcb154-57cf-7085-1785-03e19b7684bd,150000.0,True,True,2026-04-29T02:36:29Z,2026-04-29T10:20:04Z
edbd6823-e08a-567c-fd60-979464c00879,c621aebb-056f-8538-90e3-a509591deff2,8212500.0,True,True,2025-07-27T12:55:41Z,2025-07-27T20:53:06Z
1b180048-bc70-8055-d5fe-3af7c9453253,c621aebb-056f-8538-90e3-a509591deff2,8212500.0,True,True,2025-07-28T05:43:59Z,2025-07-28T13:44:54Z
87763fb0-2a2e-2486-0fff-a215971fe347,e07bc584-38aa-bf4d-19d9-f9448a8b8cc6,3037500.0,True,True,2025-07-27T04:27:24Z,2025-07-27T21:01:53Z
6c3f42d8-05b9-0563-75fb-739fee3016fd,e07bc584-38aa-bf4d-19d9-f9448a8b8cc6,3037500.0,True,True,2025-07-28T03:06:21Z,2025-07-28T23:51:00Z
836bbab5-156f-f7d0-5e9a-c1eddc7f6556,3b3cffd4-65f2-cdc6-9693-995b1b913c62,460000.0,True,True,2025-07-14T12:28:55Z,2025-07-14T17:07:01Z
fe814bda-e508-285c-39f8-bc19fe6d5ebf,bf62e364-4674-44b8-19ef-44056e08ff81,530000.0,True,True,2025-07-14T18:59:39Z,2025-07-14T12:10:37Z
0d9f99cf-10a0-b545-6ba4-eb08b100500c,bf62e364-4674-44b8-19ef-44056e08ff81,530000.0,True,True,2025-07-15T08:55:15Z,2025-07-15T16:44:34Z
ede1a29d-9b50-e712-f22d-b00fbe1b13b1,9efe713b-fde7-2ac4-dae7-0a5a7fbbe8c1,60000.0,True,True,2025-07-14T21:31:00Z,2025-07-14T01:13:35Z
6001a3c3-4843-2e71-e2e6-c19ff0966df1,9efe713b-fde7-2ac4-dae7-0a5a7fbbe8c1,60000.0,True,True,2025-07-15T05:54:41Z,2025-07-15T05:05:42Z
41399683-dc58-bcb0-203d-233cc94390bb,9efe713b-fde7-2ac4-dae7-0a5a7fbbe8c1,60000.0,True,True,2025-07-16T06:07:07Z,2025-07-16T11:26:29Z
335eaccf-f1ed-8b7c-9fef-01f53d9e5225,ab11281a-89cc-a826-6c6e-a0a3fd1c722d,100000.0,True,True,2025-07-14T20:15:44Z,2025-07-14T09:37:34Z
976fad11-9ef9-26d5-0021-c1e3037aac43,ab11281a-89cc-a826-6c6e-a0a3fd1c722d,100000.0,True,True,2025-07-15T18:19:41Z,2025-07-15T11:41:55Z
db3850c5-9b32-4d3c-dcc4-fa1d5c1c85b8,ab11281a-89cc-a826-6c6e-a0a3fd1c722d,100000.0,True,True,2025-07-16T13:32:16Z,2025-07-16T13:04:57Z
7e990fad-04cd-17e4-e6b9-7a8b3c97e5da,9cd9a936-cfb4-ced4-9ed8-c1df9d8c979a,3333333.33,True,True,2025-07-06T10:17:36Z,2025-07-06T07:59:25Z
d46cbd31-c1e4-9d0a-6a51-6b26530a0d31,9cd9a936-cfb4-ced4-9ed8-c1df9d8c979a,3333333.33,True,True,2025-07-07T07:33:13Z,2025-07-07T21:15:47Z
0cba8a5d-769c-aa67-f705-bd84d7f8d62b,9cd9a936-cfb4-ced4-9ed8-c1df9d8c979a,3333333.34,True,True,2025-07-08T14:18:35Z,2025-07-08T13:59:52Z
4daea93b-1389-061d-8e88-219acc0bcdae,42edc92c-4244-28c3-b362-9ad62b30d479,1300000.0,True,True,2025-04-08T10:11:54Z,2025-04-08T17:55:31Z
9d48f81d-cc5b-6fa6-0471-98ac822767a3,1cbbbde4-11b0-6a4a-9729-56a903594920,750000.0,True,True,2025-04-08T19:37:52Z,2025-04-08T21:27:43Z
743408f7-a644-2e13-aa92-109e188a940c,1cbbbde4-11b0-6a4a-9729-56a903594920,750000.0,True,True,2025-04-09T20:40:48Z,2025-04-09T14:30:21Z
5428e31d-a20c-a2aa-4219-b1485b7f614a,90dd6328-167f-3ba4-aafa-bddbec597aec,1100000.0,True,True,2025-04-08T21:28:38Z,2025-04-08T17:44:51Z
a62e9d7b-a49a-08f7-232a-4a2f61a87378,9853c981-87eb-863a-18f6-632e7517d135,2033333.33,True,True,2025-04-08T03:22:42Z,2025-04-08T23:03:43Z
2464c515-3aa9-3986-a5b1-a74fac8c936c,9853c981-87eb-863a-18f6-632e7517d135,2033333.33,True,True,2025-04-09T15:18:47Z,2025-04-09T22:18:05Z
0c319e75-091e-91e3-01e1-2d10d13e8cf7,9853c981-87eb-863a-18f6-632e7517d135,2033333.34,True,True,2025-04-10T08:00:40Z,2025-04-10T16:14:27Z
d7b2c8b0-93b1-7885-f399-0ffc00ec75f0,f422adef-9c10-a62a-ece8-b24821af6425,500000.0,True,False,2025-11-21T19:58:42Z,2025-11-21T05:02:31Z
e3fa2c9e-34a4-f06d-92f0-be94159d7ad2,25acc26a-9541-d171-eb5b-5a14e4560d36,800000.0,True,True,2025-11-21T15:23:07Z,2025-11-21T14:58:05Z
334e08ae-b5ed-3b29-7886-c477e6c0a319,cd90f1db-9af1-b55a-7d79-71f0af55f01e,8100000.0,True,True,2025-11-21T14:23:00Z,2025-11-21T06:28:54Z
14548bc6-263b-c866-14e3-ff1e7ab7f7d4,fa91a09d-10b1-daeb-a807-8836c4084128,200000.0,True,True,2025-11-21T11:16:36Z,2025-11-21T12:55:19Z
523015a7-b9a3-3fce-6bf8-054563651a63,fa91a09d-10b1-daeb-a807-8836c4084128,200000.0,True,True,2025-11-22T17:07:45Z,2025-11-22T04:11:09Z
61a3b6c2-eeec-777e-cbd5-378ff31c23c8,fa91a09d-10b1-daeb-a807-8836c4084128,200000.0,True,True,2025-11-23T17:41:37Z,2025-11-23T13:17:53Z
f879a056-e8da-0300-3a96-35a7f787a913,7a3f12aa-dc71-bdc4-e684-2190c9c7a2d0,145000.0,True,True,2026-05-28T18:00:53Z,2026-05-28T05:18:49Z
40aefcf0-8cd7-47d4-c6a7-6e2d04a58faa,7a3f12aa-dc71-bdc4-e684-2190c9c7a2d0,145000.0,False,True,2026-05-29T09:56:34Z,2026-05-29T10:39:49Z
35eb7b7b-350d-b662-6e50-cd62e6070d65,6db1ddf1-d632-7183-0e5f-96cf1b6c4a74,165000.0,True,True,2026-05-28T10:27:35Z,2026-05-28T03:48:21Z
bc639b32-bcc8-253d-e3a0-08b711422671,6db1ddf1-d632-7183-0e5f-96cf1b6c4a74,165000.0,True,False,2026-05-29T02:09:51Z,2026-05-29T14:39:07Z
b29577e1-1c9c-bfa9-8c93-ec410228f0b9,06a1d0be-4f88-d90c-cc4f-ef008c74a3c4,126666.67,True,True,2026-05-28T03:13:23Z,2026-05-28T11:59:42Z
b74277d0-0ab3-3dc1-b5cd-8a94801a57d8,06a1d0be-4f88-d90c-cc4f-ef008c74a3c4,126666.67,True,True,2026-05-29T15:46:28Z,2026-05-29T04:04:45Z
95363653-a59b-f582-5640-e6c2125d73e4,06a1d0be-4f88-d90c-cc4f-ef008c74a3c4,126666.66,True,True,2026-05-30T16:31:47Z,2026-05-30T20:25:08Z
0e735be1-93cc-d9ef-016e-1d2d2f46520d,469710cc-a652-96e3-2531-149bad0b7351,750000.0,True,True,2025-08-02T14:34:05Z,2025-08-02T14:20:03Z
f891afc5-af17-2337-3d88-760ace93f22a,469710cc-a652-96e3-2531-149bad0b7351,750000.0,True,True,2025-08-03T14:10:45Z,2025-08-03T04:14:03Z
8e097d92-2298-e1b9-3e59-d3d74393c649,8aeac01d-f487-af0b-61b2-cf5207963641,140625.0,True,True,2025-03-23T05:39:09Z,2025-03-23T07:38:11Z
a26ba5be-b953-676b-bf19-72142e443962,8aeac01d-f487-af0b-61b2-cf5207963641,140625.0,True,True,2025-03-24T20:05:31Z,2025-03-24T16:31:42Z
da702354-3ef9-0d77-b9e3-c2a919172672,68265f65-9639-04ca-c87a-cb857a8939f1,45000.0,True,True,2025-03-23T23:09:54Z,2025-03-23T09:08:55Z
12644a80-8538-e8d6-1bb9-0ac024688350,1c4c83d0-8784-960a-3102-f058c0311877,652500.0,True,True,2025-03-23T08:57:23Z,2025-03-23T22:08:23Z
199b397a-cccc-494b-b9c8-c50ab8c9f483,8c615709-5dba-a78c-e83c-95085bc910e0,73125.0,True,True,2025-03-23T20:08:16Z,2025-03-23T14:46:27Z
6aec782e-a584-c09e-2321-ee06a11a50a0,8c615709-5dba-a78c-e83c-95085bc910e0,73125.0,False,True,2025-03-24T20:46:56Z,2025-03-24T23:46:47Z
0098c5d2-5711-2469-c97d-c09b473ed375,2f71f4f4-c5b4-1fb8-e3e0-0eb5a76ca321,225000.0,True,True,2025-03-17T08:28:33Z,2025-03-17T08:29:16Z
af4b17cb-1d7e-42b1-4af8-2b3a312aa035,2f71f4f4-c5b4-1fb8-e3e0-0eb5a76ca321,225000.0,True,True,2025-03-18T18:12:12Z,2025-03-18T11:09:36Z
147ee1da-77ef-e554-53f1-d9982387931b,81a11368-4b60-b475-6e45-10c1cf0f2a37,600000.0,True,True,2025-03-17T07:30:22Z,2025-03-17T17:47:08Z
2814cbb7-022f-3a1b-e989-5999a41f5b4e,81a11368-4b60-b475-6e45-10c1cf0f2a37,600000.0,False,True,2025-03-18T11:22:05Z,2025-03-18T08:55:23Z
ae70e0d3-5846-c254-511b-94846a010026,23e1b027-4bf1-f431-9a5d-637c2e15af6f,616666.67,True,True,2025-03-17T14:56:04Z,2025-03-17T13:47:37Z
7f573954-6b4a-c814-bd5d-27ca86692662,23e1b027-4bf1-f431-9a5d-637c2e15af6f,616666.67,True,True,2025-03-18T13:35:35Z,2025-03-18T04:33:41Z
1411a966-0679-a6b1-6d18-8f48756f7d1e,23e1b027-4bf1-f431-9a5d-637c2e15af6f,616666.66,True,True,2025-03-19T11:57:21Z,2025-03-19T07:26:23Z
f94c2d53-cecb-d829-ee38-4adcb112e2b7,1f8b7b30-6913-0841-59a2-61b1b1785f80,1500000.0,False,True,2025-03-17T13:57:10Z,2025-03-17T10:16:28Z
3a5e765b-eec7-dd11-d64a-bbb902799f5f,53581176-b7bd-9a1f-393d-35d309a0b2e5,5000000.0,False,True,2025-01-03T04:05:29Z,2025-01-03T18:30:31Z
3bc06007-b148-a821-ccce-d0aea57f251a,32a77a8c-24fd-420a-2f0d-c8ffdd8cc557,14750000.0,True,True,2025-06-05T14:53:06Z,2025-06-05T03:08:10Z
01d2615b-6fe7-d336-5ad0-268e426b3eff,49b350db-8524-bbc5-6b91-69d616a0fb30,3416666.67,True,True,2025-06-05T14:49:09Z,2025-06-05T03:15:41Z
488013c7-21d6-8ed0-f03a-05b6feb3a9c1,49b350db-8524-bbc5-6b91-69d616a0fb30,3416666.67,True,True,2025-06-06T08:05:26Z,2025-06-06T13:06:48Z
c5b30919-0324-3fa7-9bee-6a0c7afad897,49b350db-8524-bbc5-6b91-69d616a0fb30,3416666.66,True,False,2025-06-07T03:50:20Z,2025-06-07T23:07:41Z
3314c759-6287-4810-37d3-98821aecc4c1,7257d800-4bd6-aab6-773c-8bdc06d7aa5b,1000000.0,True,True,2026-03-04T08:56:25Z,2026-03-04T02:44:18Z
13f3a5e8-b458-62b4-6bfa-00e44b915e1b,66b2863c-c38e-9323-1bc4-5a03aa1dace8,900000.0,True,True,2026-07-26T02:16:02Z,2026-07-26T20:04:00Z
0aca1c32-c095-7df7-835d-2eaf76c366c6,396f93e2-6dbd-b04b-1ae9-726f7f37754d,20000.0,True,True,2026-07-26T04:01:36Z,2026-07-26T20:28:22Z
9967fca7-4879-7802-fafc-d01d954a7ccc,396f93e2-6dbd-b04b-1ae9-726f7f37754d,20000.0,True,True,2026-07-27T21:22:15Z,2026-07-27T00:08:20Z
77ccd7fc-d473-7daa-cd09-4381a9b2d8e3,396f93e2-6dbd-b04b-1ae9-726f7f37754d,20000.0,False,True,2026-07-28T14:30:08Z,2026-07-28T13:14:27Z
f67effd9-4c7c-6f10-fb8b-a22a4dfee40d,d29ad3ad-e692-6ac2-75ca-fdb8e7f6958b,286666.67,True,True,2026-07-26T05:09:48Z,2026-07-26T15:57:20Z
d930455d-d563-444b-6760-65b62c3426df,d29ad3ad-e692-6ac2-75ca-fdb8e7f6958b,286666.67,True,True,2026-07-27T04:52:19Z,2026-07-27T07:03:44Z
66ec0de0-3778-8ad6-c2f4-0d4e6dd4ec49,d29ad3ad-e692-6ac2-75ca-fdb8e7f6958b,286666.66,True,True,2026-07-28T05:44:11Z,2026-07-28T06:52:05Z
1aecf082-3eda-8cf2-0f2b-31121111aad7,8f769a08-90fa-094f-3191-b4605e89b392,60000.0,True,True,2026-07-26T20:29:28Z,2026-07-26T12:13:59Z
a170fb0e-d2e7-35e5-4d9b-d1b6280511db,8f769a08-90fa-094f-3191-b4605e89b392,60000.0,True,True,2026-07-27T15:39:29Z,2026-07-27T02:45:18Z
837facbd-ff4c-436b-b384-360aa7c16e79,8f769a08-90fa-094f-3191-b4605e89b392,60000.0,False,True,2026-07-28T11:10:54Z,2026-07-28T08:37:12Z
54b21774-b014-bf9d-22cd-f36b0ce43e6c,438a42bb-168f-30c1-a234-a360e5f11d2d,1000000.0,True,True,2026-03-31T06:25:42Z,2026-03-31T04:46:02Z
0a6306ff-3b4e-264d-89c1-9526dcabc80e,438a42bb-168f-30c1-a234-a360e5f11d2d,1000000.0,True,True,2026-04-01T06:56:54Z,2026-04-01T19:18:43Z
93b4a50f-78c6-8101-ca3d-9208be4a51b2,955f593b-4aa1-33f2-0d82-8e909ec0f38a,1500000.0,True,True,2025-11-29T06:31:24Z,2025-11-29T15:32:03Z
b4fd631a-b54d-6f79-bb3f-3f3e731f4549,050d1ae6-4e9d-1b22-6992-bf7e8a125bf8,3333333.33,True,True,2025-06-17T22:14:39Z,2025-06-17T06:28:18Z
7a678210-def4-4a70-72a6-51d21eada2fe,050d1ae6-4e9d-1b22-6992-bf7e8a125bf8,3333333.33,True,True,2025-06-18T00:52:34Z,2025-06-18T22:39:09Z
43d54315-b65a-49e3-98fd-b49d584fd3d4,050d1ae6-4e9d-1b22-6992-bf7e8a125bf8,3333333.34,True,True,2025-06-19T00:57:31Z,2025-06-19T04:34:17Z
c4e78194-8b57-ded5-3841-79e7aed1dc1a,f5b5fca5-c071-f2cb-6aef-5f010518f930,250000.0,True,True,2025-11-25T11:03:22Z,2025-11-25T01:51:59Z
26869a5b-8f2d-e8af-58a5-b9f87c14c470,649474c6-eb6b-0e1b-ebae-67b325478082,2250000.0,True,True,2025-11-25T07:26:03Z,2025-11-25T17:28:23Z
37dcfcf0-7000-aa3d-5bdb-4ece29535ed0,725c7d73-8ec0-231f-d447-e22a117651f7,395000.0,True,True,2026-07-30T12:30:30Z,2026-07-30T18:27:07Z
aaa2a9a9-1c71-bdd2-486d-82cd8dff49b5,45903ee9-3cdd-9998-9d30-ce405bd1a376,105000.0,False,True,2026-07-30T22:08:43Z,2026-07-30T18:44:12Z
350c4a77-40f5-ed85-bc0d-778fb57b665a,69b30607-ab94-4225-e049-a1c84152574d,682500.0,True,True,2026-03-16T20:31:21Z,2026-03-16T22:17:24Z
ea54bf43-8c57-39a8-0662-b1eb470bd818,69b30607-ab94-4225-e049-a1c84152574d,682500.0,True,True,2026-03-17T15:05:20Z,2026-03-17T12:02:27Z
d0ccd774-cd1c-9056-4012-a867d17ae6ab,c85f94e6-6e6a-bdb6-29fd-389b39c0cde9,135000.0,True,True,2026-03-16T15:22:11Z,2026-03-16T07:23:09Z
1689c92c-53e2-0b93-4515-6628cef1329e,6e88d06a-0c29-3ca5-2f6d-f687b2306729,210000.0,True,True,2025-07-14T10:28:50Z,2025-07-14T18:49:08Z
98ff3dfd-ab09-5294-b6d2-7db6a0742089,6e88d06a-0c29-3ca5-2f6d-f687b2306729,210000.0,True,True,2025-07-15T14:17:19Z,2025-07-15T21:17:18Z
af4e9184-f595-68bd-143e-84bfb7535792,6e88d06a-0c29-3ca5-2f6d-f687b2306729,210000.0,True,True,2025-07-16T12:37:39Z,2025-07-16T21:01:05Z
8f62600f-bbb1-4325-de4c-1eac6e4cca3c,5d3886a9-2dd5-9d69-5bc4-8641ed4a6a5b,370000.0,True,True,2025-07-14T13:12:48Z,2025-07-14T12:19:31Z
2af88bd4-b655-443c-9edd-f95c5ee7c368,c8a5deba-2d4e-3a46-0c8f-0f2f26223b1c,666666.67,True,True,2025-12-11T17:32:08Z,2025-12-11T02:07:13Z
fb28ae82-12cf-c058-bc26-fa2bc380144d,c8a5deba-2d4e-3a46-0c8f-0f2f26223b1c,666666.67,True,True,2025-12-12T02:53:51Z,2025-12-12T15:02:04Z
8d4ce243-5ecf-01fe-8ef2-ba529cbe0751,c8a5deba-2d4e-3a46-0c8f-0f2f26223b1c,666666.66,True,True,2025-12-13T23:58:23Z,2025-12-13T19:30:02Z
49a5f9fc-f885-3929-579b-73dbc6fc423b,54fbd074-63c7-7177-ee82-27562f819a99,245000.0,True,True,2026-06-05T18:31:01Z,2026-06-05T16:33:54Z
f43fa819-2bdd-052e-465a-21d2b8d8a73e,54fbd074-63c7-7177-ee82-27562f819a99,245000.0,True,True,2026-06-06T21:46:38Z,2026-06-06T20:10:56Z
39335232-c9d2-a2fe-e894-37fef94e48e2,60625cad-e2c4-e148-c962-ea3a9315ec96,60000.0,True,True,2026-06-05T20:35:12Z,2026-06-05T12:04:51Z
a2ba48f9-1a87-3722-afc3-16379333d1b4,60625cad-e2c4-e148-c962-ea3a9315ec96,60000.0,True,True,2026-06-06T00:49:24Z,2026-06-06T19:08:59Z
651bc99e-e0d8-6594-1b25-3eac8562adef,60625cad-e2c4-e148-c962-ea3a9315ec96,60000.0,True,True,2026-06-07T08:23:12Z,2026-06-07T14:27:01Z
c2a172dc-c0b2-a831-1764-20cf09041a2e,989cf2cb-6777-7255-4ad5-c2547a27486c,165000.0,True,True,2026-06-05T15:59:20Z,2026-06-05T11:11:56Z
20c37753-ba70-60cf-c2a8-4010d8cc9a04,989cf2cb-6777-7255-4ad5-c2547a27486c,165000.0,False,False,2026-06-06T15:22:37Z,2026-06-06T19:34:46Z
f4e0b0e7-701e-90d3-dd5c-569d4c5bc8b0,a7991fde-8e52-a7c4-4e91-5ceb6c388218,440000.0,True,True,2025-11-20T18:30:20Z,2025-11-20T07:41:05Z
47754008-8180-4072-413d-bad118552ada,d42169de-a296-32c3-db77-13709a54e72a,190000.0,True,True,2025-11-20T18:14:23Z,2025-11-20T17:09:05Z
c757d9a1-ef31-de3d-6ecf-b50ee283e139,d42169de-a296-32c3-db77-13709a54e72a,190000.0,True,True,2025-11-21T02:51:15Z,2025-11-21T14:15:58Z
e388967e-e60f-a48e-104f-79442ea282d9,967c8417-0350-9593-a06c-f6654a430b84,60000.0,True,True,2025-11-20T16:58:04Z,2025-11-20T16:09:50Z
c4d1da18-dd39-5205-a4de-733c82306bd2,967c8417-0350-9593-a06c-f6654a430b84,60000.0,True,True,2025-11-21T05:38:32Z,2025-11-21T01:12:44Z
0324df21-7d0c-9c85-e7b4-731a600776d6,967c8417-0350-9593-a06c-f6654a430b84,60000.0,False,True,2025-11-22T23:55:39Z,2025-11-22T22:56:03Z
f26b7a9b-d1ef-96f9-f023-a96a4bb53f13,acea8228-c403-3654-a628-8222272ef7ca,333333.33,True,True,2025-06-04T21:21:13Z,2025-06-04T08:28:36Z
d62ca7ec-1069-4134-6005-68867e228484,acea8228-c403-3654-a628-8222272ef7ca,333333.33,True,True,2025-06-05T01:51:34Z,2025-06-05T07:59:46Z
13772989-d90d-4146-5b2f-a7b63d2103c4,acea8228-c403-3654-a628-8222272ef7ca,333333.34,True,True,2025-06-06T20:29:36Z,2025-06-06T15:23:45Z
4ea598f8-880e-4ac3-e5b7-581c39b43228,4c2d5193-98de-372c-0dbe-619a2044f34d,5000000.0,True,True,2025-11-04T23:55:40Z,2025-11-04T17:37:17Z
4fe9aaa2-151d-1ac7-0168-c0314b80cb0b,4c2d5193-98de-372c-0dbe-619a2044f34d,5000000.0,True,True,2025-11-05T05:13:14Z,2025-11-05T06:40:13Z
953a7bf0-d9a8-e22f-290e-8ec852a44839,753717c6-2a6d-8b36-d722-9d27364b7ab9,175500.0,True,True,2026-02-25T02:29:34Z,2026-02-25T21:19:57Z
8e2fed14-3983-f4bc-4433-8c32654c2538,753717c6-2a6d-8b36-d722-9d27364b7ab9,175500.0,True,True,2026-02-26T20:13:56Z,2026-02-26T04:09:56Z
2491730a-a664-40a3-4d59-5bbd546ef4d6,297e482e-c163-9f28-784b-b238ac5bf2bc,324000.0,True,True,2026-02-25T04:45:21Z,2026-02-25T22:10:56Z
810923a3-05ac-f3d2-8872-cc26a32078e5,cf9b0808-0b95-5932-0eec-30f0775223ac,675000.0,True,True,2026-02-25T00:10:46Z,2026-02-25T07:53:30Z
3d5eec9b-8530-0c66-76d4-a42a49e05d63,d1e34235-f83c-1fc1-69ca-bb3d5d894821,64000.0,True,True,2026-07-03T00:44:07Z,2026-07-03T15:01:57Z
43331623-f552-3463-343b-0b9dc44fa08b,d1e34235-f83c-1fc1-69ca-bb3d5d894821,64000.0,True,True,2026-07-04T02:42:04Z,2026-07-04T18:31:43Z
c657a853-1b95-ffe3-f92c-4d413ad4be23,bb92503f-3644-d261-0f3f-383d3efddc89,592000.0,True,True,2026-07-03T02:47:21Z,2026-07-03T20:53:02Z
04db8962-ca7d-3e02-7874-e667a1671192,bb92503f-3644-d261-0f3f-383d3efddc89,592000.0,True,True,2026-07-04T03:33:41Z,2026-07-04T19:56:07Z
f1cc8ea8-0a96-4a85-cdb5-db87c79d759c,c7cce85f-8a84-b023-077e-29b215301171,144000.0,True,True,2026-07-03T07:54:56Z,2026-07-03T00:57:14Z
0ed21211-6403-d27d-658a-ad276aa43ef8,c7cce85f-8a84-b023-077e-29b215301171,144000.0,True,False,2026-07-04T20:45:10Z,2026-07-04T06:07:02Z
5f29afe9-7a54-627a-3186-5a793ef2e886,01d9843a-2f33-0ee3-b279-e8dc10233a77,820000.0,True,True,2025-01-22T06:17:34Z,2025-01-22T13:10:05Z
b2b25a9c-ad40-546a-9598-b4fbca6e59da,d19a073e-ae7b-7777-1888-7598dc4d8eb1,60000.0,True,True,2025-01-22T15:59:09Z,2025-01-22T08:18:37Z
d63e25eb-99b3-dd01-6f19-1b5b7c8a5067,d19a073e-ae7b-7777-1888-7598dc4d8eb1,60000.0,True,True,2025-01-23T15:40:56Z,2025-01-23T10:30:01Z
b6560783-9917-4b77-ecd3-cb0f73d5eef4,d19a073e-ae7b-7777-1888-7598dc4d8eb1,60000.0,True,True,2025-01-24T04:43:19Z,2025-01-24T21:09:32Z
4e140b08-db81-0785-faa3-5d76b6b47b17,5438e63c-e64a-8680-7808-120cef6302db,1245000.0,True,True,2025-02-15T19:47:44Z,2025-02-15T21:00:41Z
09279bd8-cdc1-d6dc-cb84-ff4eb4d5abed,ba529ef1-de54-a540-b7b7-2c95339a3b8d,85000.0,True,True,2025-02-15T01:57:22Z,2025-02-15T19:30:18Z
e78285dc-5fc1-ade8-005a-fac9a75316f3,ba529ef1-de54-a540-b7b7-2c95339a3b8d,85000.0,True,True,2025-02-16T22:49:02Z,2025-02-16T10:01:49Z
d8be289a-e949-8adf-dcf2-7f6826c659d9,ba529ef1-de54-a540-b7b7-2c95339a3b8d,85000.0,True,True,2025-02-17T13:11:15Z,2025-02-17T07:33:26Z
8e823f48-1f02-7869-5ebd-5d160999278d,3522bbf1-5b0a-d1b6-74fe-33e60c5c67fd,3300000.0,True,True,2025-12-17T10:24:30Z,2025-12-17T06:01:43Z
0beb94aa-1a52-74d3-060a-a118c316ebfe,d05f4542-d354-d106-8f2b-a158578e1441,1433333.33,True,True,2025-12-17T15:51:25Z,2025-12-17T17:31:45Z
da5f0769-1b00-e722-8f97-2e5e39fa46a5,d05f4542-d354-d106-8f2b-a158578e1441,1433333.33,True,True,2025-12-18T00:16:58Z,2025-12-18T06:47:21Z
e17c31eb-e181-0b07-6420-2df86b69f465,d05f4542-d354-d106-8f2b-a158578e1441,1433333.34,True,True,2025-12-19T06:53:22Z,2025-12-19T08:18:24Z
24eba32a-2bc8-f1f7-c4a3-e78cd15a9499,5ac3192f-aeab-d73c-89a6-8a9a26db4268,1200000.0,True,True,2025-12-17T01:11:43Z,2025-12-17T14:46:07Z
01ff7f01-5b25-d50e-4f34-11ecf63483f1,5ac3192f-aeab-d73c-89a6-8a9a26db4268,1200000.0,True,True,2025-12-18T07:43:50Z,2025-12-18T21:30:53Z
e1d0b86a-ff50-39cb-435e-77c6dcb8b09b,28aadd92-26e4-1e07-570b-82eac48b2045,400000.0,True,True,2025-12-04T17:44:10Z,2025-12-04T15:43:49Z
d81ab25c-a0bc-8624-82b6-eb0d7341aa92,ce90459c-58d8-c0b7-f9e9-cd88b95cf8e2,400000.0,True,True,2025-12-04T05:46:25Z,2025-12-04T11:37:51Z
6e8fbb3d-30b0-4cfd-6fa9-54a4e9c12966,4e4f4e2b-87f5-e476-9fe5-dda39f28459d,983333.33,True,True,2025-12-04T11:26:12Z,2025-12-04T18:33:50Z
bda496d1-0601-884e-99d6-7ab8791fdf0b,4e4f4e2b-87f5-e476-9fe5-dda39f28459d,983333.33,True,True,2025-12-05T04:13:19Z,2025-12-05T12:15:10Z
34815034-b183-2053-a3b3-b132d4dbcbfd,4e4f4e2b-87f5-e476-9fe5-dda39f28459d,983333.34,True,True,2025-12-06T17:22:24Z,2025-12-06T16:20:14Z
32c98776-3679-9039-e17b-427b2a6a0eab,48674385-17ca-87bc-5472-e1b096150eb3,1250000.0,True,True,2025-12-04T18:08:40Z,2025-12-04T18:27:20Z
cbbf4c11-2d25-31be-573c-17ad8ae08f42,af90b4a6-0f2d-e1ee-041c-cad2fb1ab908,63333.33,True,True,2025-06-26T14:02:49Z,2025-06-26T21:24:51Z
fb1c9576-ffe4-98b1-cad2-a4e4bd192da5,af90b4a6-0f2d-e1ee-041c-cad2fb1ab908,63333.33,True,True,2025-06-27T12:53:00Z,2025-06-27T03:44:36Z
f6065811-f4b8-3adc-afeb-12b712aa6221,af90b4a6-0f2d-e1ee-041c-cad2fb1ab908,63333.34,True,True,2025-06-28T15:10:28Z,2025-06-28T10:29:57Z
0f320022-5eb2-14eb-bd6e-0c365431d1d9,12bc7f4e-34b2-a607-3e0c-a91efae04481,155000.0,True,True,2025-06-26T01:39:17Z,2025-06-26T01:29:39Z
a4179485-505b-96c0-4dd6-01f03f86c33e,12bc7f4e-34b2-a607-3e0c-a91efae04481,155000.0,True,True,2025-06-27T22:13:04Z,2025-06-27T19:54:40Z
0d476790-1aac-9276-33f0-a86d6cc9dfd2,2821cd93-c6de-d670-dc8a-370af8a5cc03,750000.0,True,True,2026-05-22T13:37:50Z,2026-05-22T02:46:24Z
d65c6c47-1b88-842f-a5c0-735f42e6044a,2821cd93-c6de-d670-dc8a-370af8a5cc03,750000.0,True,True,2026-05-23T06:02:36Z,2026-05-23T12:11:15Z
b03766e3-8e2c-9c8c-3864-f451e3c6bf78,46ca0985-abc9-a48a-7aa9-dd23608bd770,1365000.0,True,True,2025-06-01T17:39:58Z,2025-06-01T15:45:11Z
3e7f720c-4b67-0bbe-37c0-e459d985acc0,683bf2b7-079f-7c6b-6097-f45f970f3cef,67500.0,True,False,2025-06-01T17:57:19Z,2025-06-01T20:29:42Z
8e32908b-638c-25de-c956-06dd6335011f,683bf2b7-079f-7c6b-6097-f45f970f3cef,67500.0,True,False,2025-06-02T01:58:20Z,2025-06-02T14:01:08Z
804471c7-a5f2-bb22-1835-923ef5bdd13b,fc5f4794-fd25-d7a0-a3fa-9d64c656ef9c,920000.0,True,True,2026-03-19T13:18:32Z,2026-03-19T19:28:39Z
7741a523-80ff-f260-0fe1-809b6a2f3ce1,fc5f4794-fd25-d7a0-a3fa-9d64c656ef9c,920000.0,True,True,2026-03-20T05:03:51Z,2026-03-20T15:54:44Z
8fa97f3c-3974-6581-a2b4-4648aeb7c3d1,d254247b-be4e-f2d3-2a2f-067bd007fc10,160000.0,True,True,2026-03-19T11:10:29Z,2026-03-19T10:49:21Z
06cb4843-088e-4820-4a6f-e5bc4931bbbb,587e3efd-6ef8-e7fb-835f-805d10fd8bd4,378000.0,True,True,2026-05-22T11:03:43Z,2026-05-22T04:59:17Z
209570f9-35bd-ba63-de4f-86cec0b565f2,62654c17-2415-e58f-370c-99bc1f11ed2c,103500.0,True,True,2026-05-22T01:07:15Z,2026-05-22T20:49:36Z
eba22093-b884-9583-3904-5af0a6cc7c12,62654c17-2415-e58f-370c-99bc1f11ed2c,103500.0,True,True,2026-05-23T10:25:02Z,2026-05-23T14:41:19Z
0d860ac8-5e70-0002-d4ec-d180f7f1d006,62654c17-2415-e58f-370c-99bc1f11ed2c,103500.0,True,True,2026-05-24T23:26:34Z,2026-05-24T13:10:26Z
3582d60e-5611-5e5d-94f7-57793d57709f,f14dbfcb-e7cf-2b45-d547-f93d7dbd3204,148500.0,True,True,2026-05-22T11:19:40Z,2026-05-22T21:06:37Z
a33aae71-ba07-5236-46ff-f4283b989a14,f14dbfcb-e7cf-2b45-d547-f93d7dbd3204,148500.0,True,True,2026-05-23T06:07:43Z,2026-05-23T15:35:06Z
a45660e9-22ab-a700-f432-fed5ad1af4a0,47e4f633-d5d9-5b78-0d68-75b95b95e868,121500.0,True,True,2026-05-22T23:41:01Z,2026-05-22T18:06:06Z
ee2634dd-cd7a-a56d-4e63-23439df1fe9e,47e4f633-d5d9-5b78-0d68-75b95b95e868,121500.0,True,True,2026-05-23T21:41:05Z,2026-05-23T11:11:23Z
091627d5-ab0d-8b09-7ad7-9e684e576a28,47e4f633-d5d9-5b78-0d68-75b95b95e868,121500.0,True,False,2026-05-24T11:16:07Z,2026-05-24T21:58:41Z
a3a682a0-1604-a625-03e5-a3e361e4ecfe,da40d383-5d85-5163-1688-4469259e1bbe,76666.67,True,True,2025-06-27T23:26:22Z,2025-06-27T12:38:43Z
0fb7ab1d-93eb-e5e1-94e0-a8e98a20678f,da40d383-5d85-5163-1688-4469259e1bbe,76666.67,True,True,2025-06-28T11:50:34Z,2025-06-28T22:30:52Z
b07f9d79-abe1-77d2-d2a1-9aa9aa420fa7,da40d383-5d85-5163-1688-4469259e1bbe,76666.66,True,True,2025-06-29T15:22:15Z,2025-06-29T04:24:14Z
f9baed4e-0063-6a76-ed15-7f7a38d30937,59573535-fc3d-15c2-526d-e893bf6941a3,90000.0,True,True,2025-06-27T00:50:11Z,2025-06-27T11:49:14Z
8fb880d1-3956-4eee-0d54-6565f37dd876,59573535-fc3d-15c2-526d-e893bf6941a3,90000.0,True,True,2025-06-28T19:46:26Z,2025-06-28T12:28:30Z
23d298c6-fce1-b95d-5448-749b35a11e5c,59573535-fc3d-15c2-526d-e893bf6941a3,90000.0,True,True,2025-06-29T14:26:25Z,2025-06-29T14:47:17Z
9e716fc6-bdb7-fcd2-3cdb-0a078a8b166f,dbbbd3f6-3db9-be69-00b4-519b73589b60,375000.0,True,True,2026-05-20T01:01:43Z,2026-05-20T06:47:26Z
7fd00c34-8484-db50-f21e-96abb577c067,dbbbd3f6-3db9-be69-00b4-519b73589b60,375000.0,True,True,2026-05-21T08:40:43Z,2026-05-21T07:29:39Z
d0428a0b-2a60-2b68-15ca-f7c6bce0cbe2,dbbbd3f6-3db9-be69-00b4-519b73589b60,375000.0,True,True,2026-05-22T20:01:43Z,2026-05-22T03:43:39Z
49cbd87a-346d-833e-135c-b49c78989050,34ce1fbb-7ea2-ac69-4277-5e042eeac170,510000.0,True,True,2026-04-16T00:15:59Z,2026-04-16T23:29:00Z
079ed216-bcfd-fd47-0730-0bfb00508541,34ce1fbb-7ea2-ac69-4277-5e042eeac170,510000.0,True,True,2026-04-17T02:12:45Z,2026-04-17T07:35:25Z
2572967d-bf67-92c2-2673-9d841daec3e8,34ce1fbb-7ea2-ac69-4277-5e042eeac170,510000.0,True,True,2026-04-18T22:10:00Z,2026-04-18T20:37:46Z
8420789f-5378-1105-9d04-cca51fffe40b,403259fb-186c-354d-a1ec-f2e0538a202e,36000.0,True,True,2026-04-16T16:07:50Z,2026-04-16T01:48:53Z
cbd87cac-1fd3-5b5b-8dea-390089d7b441,403259fb-186c-354d-a1ec-f2e0538a202e,36000.0,True,True,2026-04-17T02:39:37Z,2026-04-17T23:22:03Z
62a1b51c-bc1d-8ac9-e89e-928235eef33c,403259fb-186c-354d-a1ec-f2e0538a202e,36000.0,True,True,2026-04-18T03:21:25Z,2026-04-18T09:18:53Z
13f375f9-46aa-d390-0cde-f2e96e0f63bd,8c624c8a-b6d8-235a-28ab-a38e6d6e0867,162000.0,True,True,2026-04-16T05:21:22Z,2026-04-16T17:14:40Z
50b23eed-d424-323a-516a-d8b6878fa39f,00e3829b-cf93-9ce9-ddc8-ddea8476ec42,1880000.0,False,True,2025-01-22T09:37:31Z,2025-01-22T16:53:03Z
26f16275-12a4-1a4f-81c9-2ec096f1dad9,565ed5f2-622d-92bf-a84c-e1d49281b0dc,120000.0,True,True,2025-01-22T09:05:48Z,2025-01-22T21:43:23Z
d79c591b-ece3-0de3-27a3-4377db75ff34,9c144b84-ab42-4678-0273-a896ce491b8a,2000000.0,True,True,2025-12-24T07:20:49Z,2025-12-24T16:03:04Z
6368e97f-931b-79b8-284a-273f05cf23d0,2d2a5a6b-9803-817b-b90b-f29ba8cb73f9,350000.0,False,True,2025-12-24T09:04:10Z,2025-12-24T21:22:33Z
a1937946-107d-04d5-130c-56a1ea44bdd7,b40da8d3-064b-4667-ea54-ef6e20240341,2650000.0,True,True,2025-12-24T06:31:52Z,2025-12-24T02:16:51Z
010a7b1c-2946-18ca-8de9-8843c7982c08,683d1f93-7924-6f25-7517-7ac377a0f12a,160000.0,True,True,2026-06-15T21:56:13Z,2026-06-15T18:12:07Z
bd4b8dee-c927-23b0-a2f7-83147151d2a6,683d1f93-7924-6f25-7517-7ac377a0f12a,160000.0,True,True,2026-06-16T13:30:15Z,2026-06-16T04:12:10Z
50fa691e-cf50-0183-6d15-36dd98797351,683d1f93-7924-6f25-7517-7ac377a0f12a,160000.0,False,True,2026-06-17T09:22:03Z,2026-06-17T02:55:13Z
5ca5232c-81f4-406a-3cc6-cb2e5522b0ca,13f5e1b9-b047-d09d-70b8-7a625f8ed025,270000.0,True,True,2026-06-15T20:27:12Z,2026-06-15T09:29:59Z
59ebb3c9-b885-be6d-007d-1b71751812de,64e635be-236f-2786-b970-c4836df445ac,750000.0,True,False,2025-10-30T02:44:22Z,2025-10-30T10:30:36Z
5bcb03c9-b54e-6523-b60c-fb702379e256,64e635be-236f-2786-b970-c4836df445ac,750000.0,True,True,2025-10-31T09:52:17Z,2025-10-31T00:23:52Z
858af0df-4f29-991a-490b-c5cf107eed4f,6e66d803-c360-2401-277c-4312d9b8f3e2,1166666.67,True,True,2025-10-30T21:10:44Z,2025-10-30T04:35:50Z
059c8d29-66b4-fbdf-ad33-a31f719c5207,6e66d803-c360-2401-277c-4312d9b8f3e2,1166666.67,True,True,2025-10-31T00:21:56Z,2025-10-31T06:20:08Z
fb55328c-2f6e-5bf4-3504-4e0ed31a09e7,6e66d803-c360-2401-277c-4312d9b8f3e2,1166666.66,True,True,2025-11-01T13:06:08Z,2025-11-01T18:04:00Z
f5c327b2-8c76-8666-7c69-622c8fd26d08,8326a9fc-4826-84c6-d45c-ef8f3b77476a,8333333.33,True,True,2025-09-06T17:22:05Z,2025-09-06T13:22:00Z
5cd51adc-7d70-b11d-a8ed-23f40d986a1d,8326a9fc-4826-84c6-d45c-ef8f3b77476a,8333333.33,True,True,2025-09-07T14:29:35Z,2025-09-07T15:15:16Z
b21e4b37-e0b5-7613-4a05-9b52065cc4d6,8326a9fc-4826-84c6-d45c-ef8f3b77476a,8333333.34,True,True,2025-09-08T13:36:16Z,2025-09-08T14:44:48Z
c0e540eb-5c38-db9e-31be-bca3cbf25bc8,dfeca097-aed6-0936-cd59-39023ee0f25c,1000000.0,True,True,2025-04-24T23:34:21Z,2025-04-24T12:31:55Z
752e89c5-a88b-7ac9-3a2e-2e5372cb21fc,6d7f315d-c9dd-9a31-2ec1-6c741f81968d,5000000.0,True,True,2026-06-07T09:01:23Z,2026-06-07T09:21:42Z
9ec91f62-b931-7a9a-9b51-47249ae2507c,2354e0f6-c838-d9de-058a-b119e173bcb6,810000.0,True,True,2025-10-04T13:15:48Z,2025-10-04T07:51:57Z
b44afc4f-fd95-bab6-c925-d8dc7488bac6,b50e5b47-72d4-9364-36b3-defb9e46d621,1440000.0,False,True,2025-10-04T03:00:29Z,2025-10-04T14:37:31Z
801f047a-1c90-4cb6-9f74-71df5d019a2b,d1cb425f-0995-3c04-9c66-d80185d544f9,2500000.0,True,True,2025-09-21T16:33:36Z,2025-09-21T01:41:31Z
e37a63fd-2070-3e45-6f0f-8069b183735b,d1cb425f-0995-3c04-9c66-d80185d544f9,2500000.0,False,True,2025-09-22T03:12:27Z,2025-09-22T17:58:46Z
39f33243-d77b-e3ae-5391-50db8df4c05c,0a3070cf-2ecb-297c-f279-0c5ee15b2386,1020000.0,True,True,2025-05-09T07:03:42Z,2025-05-09T12:14:28Z
a48b0e52-8131-99e1-06d4-12c4a6d4317a,da12bd2c-e46c-0a4f-d006-6e1ed4b76c08,240000.0,True,True,2025-05-09T22:21:20Z,2025-05-09T18:35:06Z
b1d0c93b-44ee-bcb7-f7f8-059ad080f137,da12bd2c-e46c-0a4f-d006-6e1ed4b76c08,240000.0,True,True,2025-05-10T21:37:25Z,2025-05-10T18:23:42Z
d25eba00-e1d3-d3bf-48fc-9ba0af111627,5d736ba8-4a2d-f0fd-0079-3c4e973d7a62,205000.0,True,True,2026-02-06T00:50:04Z,2026-02-06T10:31:30Z
9d1ffb79-ab4a-cef3-928d-ec878f331ddb,5d736ba8-4a2d-f0fd-0079-3c4e973d7a62,205000.0,True,True,2026-02-07T23:56:59Z,2026-02-07T18:23:04Z
12553e01-f396-6746-5531-ee33c9ae56b1,18f4ce9e-233b-f80d-60a2-22ecea6dfe84,130000.0,True,True,2026-02-06T20:04:59Z,2026-02-06T09:48:04Z
d2c49307-2789-af1b-c237-da0c13a5bbbf,18f4ce9e-233b-f80d-60a2-22ecea6dfe84,130000.0,True,True,2026-02-07T22:23:53Z,2026-02-07T10:49:54Z
a1baae0b-eb6b-ffcd-4387-39075f6f6c79,18f4ce9e-233b-f80d-60a2-22ecea6dfe84,130000.0,True,True,2026-02-08T11:27:15Z,2026-02-08T04:35:01Z
5edb856f-7043-335b-25c4-3d361f5c6405,7f2baa34-2ea3-e21b-9477-5a3cf2acd987,200000.0,True,True,2026-02-06T22:36:22Z,2026-02-06T07:41:39Z
f9220435-3156-f801-51e6-b08859040936,98d36d4a-7c9c-aa64-65e9-5c45fa252b6b,60000.0,True,True,2025-01-20T21:15:07Z,2025-01-20T21:41:40Z
0b53408d-9f73-2dd9-e859-78d05362449f,98d36d4a-7c9c-aa64-65e9-5c45fa252b6b,60000.0,True,True,2025-01-21T23:19:58Z,2025-01-21T22:06:54Z
db43f65f-1bbd-5cde-1de1-4a6b78d0f120,98d36d4a-7c9c-aa64-65e9-5c45fa252b6b,60000.0,False,True,2025-01-22T22:55:35Z,2025-01-22T20:57:57Z
6fc83ee5-d039-ce75-df97-3b65c2f7edca,c9255f80-a9cc-cdd1-8377-919ed8c9f08e,1080000.0,True,True,2025-01-20T23:49:51Z,2025-01-20T15:16:16Z
c3b84801-07ac-f51a-76a7-76b0bb297c19,ec91c8b9-d702-edcf-db8c-d080b04d4e4f,240000.0,True,True,2025-01-20T08:51:43Z,2025-01-20T07:54:07Z
bad22cde-03ac-ef29-ae73-abe148a0249b,e164ac76-084a-e0af-9632-78f98810f355,400000.0,True,True,2025-09-20T19:08:06Z,2025-09-20T20:16:23Z
4b38a103-8f6c-25e6-ac81-d8805a610aa0,e164ac76-084a-e0af-9632-78f98810f355,400000.0,True,True,2025-09-21T15:07:21Z,2025-09-21T07:59:55Z
a34ded51-3dac-de0b-a2f0-6218e055abf7,4424ebff-433d-59dc-1ece-ca867ba45c02,4600000.0,True,True,2025-09-20T08:44:17Z,2025-09-20T06:35:05Z
20723e43-4576-fcde-775d-fdf44f4c0c76,4424ebff-433d-59dc-1ece-ca867ba45c02,4600000.0,True,True,2025-09-21T10:57:49Z,2025-09-21T03:37:22Z
b0345869-e4fe-b9e5-3d60-754adbaf5370,e706d154-fc17-495f-9cc7-adf8a8995f96,1500000.0,True,True,2026-03-09T18:24:11Z,2026-03-09T16:22:40Z
70276e3f-1fbf-85ea-e49e-db180011e0cb,e706d154-fc17-495f-9cc7-adf8a8995f96,1500000.0,True,True,2026-03-10T14:03:28Z,2026-03-10T15:24:48Z
7589fc9a-73c2-24dd-6a8f-a4363e69fee4,e706d154-fc17-495f-9cc7-adf8a8995f96,1500000.0,True,True,2026-03-11T02:33:44Z,2026-03-11T02:55:23Z
26ac7217-4d82-305b-7ce4-3561a55045ca,20c4baee-8aa5-fec0-bb12-186052672dee,1850000.0,True,True,2026-03-09T18:16:49Z,2026-03-09T16:49:37Z
c2fe53e2-9cb6-fe02-da2f-88b1db2d12c5,20c4baee-8aa5-fec0-bb12-186052672dee,1850000.0,True,True,2026-03-10T04:47:57Z,2026-03-10T13:52:34Z
5261d3dc-f57d-a766-f0ad-6e24b9505bb0,09355e4a-39cc-a2ea-f2d6-e98a1d20ff0c,600000.0,True,True,2026-03-09T10:00:17Z,2026-03-09T22:02:33Z
d5298c8c-d7bf-7886-d47b-76360a23e088,09355e4a-39cc-a2ea-f2d6-e98a1d20ff0c,600000.0,True,True,2026-03-10T06:37:44Z,2026-03-10T08:49:23Z
0b5b3445-e8e0-48da-ac1f-0d80498a5f1d,09355e4a-39cc-a2ea-f2d6-e98a1d20ff0c,600000.0,False,True,2026-03-11T04:36:24Z,2026-03-11T16:13:49Z
02dd0189-575b-55bf-4871-7b8e0a2c7a7d,d003b05e-8306-b533-31d0-cfba92b63ad3,25500000.0,False,True,2025-08-11T06:10:30Z,2025-08-11T19:09:41Z
87fd1ab7-1993-d49d-65fe-30de9572b9c8,a27bea50-a210-89dd-dc60-d3baa18f6664,8166666.67,True,True,2025-08-11T19:33:45Z,2025-08-11T21:17:47Z
8d857e96-1dbc-2231-1ba2-a7e1d92fd939,a27bea50-a210-89dd-dc60-d3baa18f6664,8166666.67,True,True,2025-08-12T11:59:12Z,2025-08-12T18:56:23Z
c756d144-4bdd-5445-2cff-f2c801ee08bd,a27bea50-a210-89dd-dc60-d3baa18f6664,8166666.66,True,True,2025-08-13T05:22:28Z,2025-08-13T01:24:00Z
4b6d8e71-5e12-d456-313f-883fa56df6df,a3d93af3-8c41-be92-c189-ccfb584a5dfb,25000000.0,True,False,2025-08-29T23:52:41Z,2025-08-29T04:54:38Z
e9189d12-1bd7-4399-ef5a-57a279128125,29de0ccd-1d90-eee4-247e-cf10a1c0510c,240000.0,True,True,2025-11-05T12:31:26Z,2025-11-05T13:50:05Z
f59a05e0-1fc7-f0b3-9ee2-158e72547304,756ad8e8-1e97-4105-9549-43ee1a9ce310,90000.0,True,True,2025-11-05T12:38:49Z,2025-11-05T02:07:20Z
ec91c98a-2b60-78d7-e6c9-6704a16dee63,bb941d37-101a-05da-58c2-29d625a2d7c7,1170000.0,False,True,2025-11-05T09:15:40Z,2025-11-05T08:25:04Z
142f8f3b-52c4-8a79-9ac3-dfc723b1130e,ebd3d795-40cc-066a-286f-c15e5f9fb0ed,2500000.0,True,True,2026-04-04T08:36:13Z,2026-04-04T13:10:57Z
c910d479-fbb2-b7fb-0380-4143ee1b6224,03e99cee-72f8-4ee0-01e9-a35fb9eabb3f,5580000.0,False,True,2025-01-26T07:55:09Z,2025-01-26T00:53:33Z
e118980b-e32d-f802-fdb3-ccd3e7eaf52a,95d3f5e7-b42e-e930-98ba-b1fa97ba5da0,140000.0,True,True,2025-01-26T18:33:09Z,2025-01-26T11:00:00Z
016fdbeb-bf65-9bcf-52b7-e619e2d2796b,95d3f5e7-b42e-e930-98ba-b1fa97ba5da0,140000.0,True,True,2025-01-27T13:38:09Z,2025-01-27T10:32:41Z
b5014593-ab31-174f-9804-46ee5db7f697,95d3f5e7-b42e-e930-98ba-b1fa97ba5da0,140000.0,True,True,2025-01-28T16:30:00Z,2025-01-28T05:21:29Z
a594bdac-9daf-3935-20ee-d08751ce7bee,33a8e0bb-b004-3e34-ed6a-be29b4f3798e,360000.0,True,True,2026-07-01T08:03:31Z,2026-07-01T19:34:43Z
8d47a450-9c3b-d960-d483-edf8cf86354b,f5738967-516a-feef-210b-e043cf7b6919,820000.0,True,True,2026-07-01T02:38:39Z,2026-07-01T07:29:24Z
9eb02b51-be51-7c6e-d41a-b9df4cb2858f,f5738967-516a-feef-210b-e043cf7b6919,820000.0,True,True,2026-07-02T15:16:25Z,2026-07-02T21:07:31Z
bb86df84-761b-117e-f464-d8a71a7ef885,c718664a-201c-8869-e3d4-39f8066211f7,1170000.0,True,True,2026-03-30T18:28:42Z,2026-03-30T04:11:24Z
0282b941-ab06-6db1-98ca-ed7ba6a24cda,c718664a-201c-8869-e3d4-39f8066211f7,1170000.0,True,True,2026-03-31T01:25:35Z,2026-03-31T23:35:00Z
266e652d-c9d9-4116-6d7b-9fc92a22200e,c871a19f-f0a7-43cc-6290-a09ba69adf15,1830000.0,True,True,2026-03-30T06:37:06Z,2026-03-30T06:11:03Z
42549b47-2df5-cfb0-991b-66cd7a15f6a5,c871a19f-f0a7-43cc-6290-a09ba69adf15,1830000.0,True,True,2026-03-31T22:38:05Z,2026-03-31T07:31:14Z
84a18100-9048-0b81-843d-210da0ca2908,186e4349-5f47-a975-a60d-4fdf3b4501bd,1000000.0,True,True,2026-02-06T20:11:51Z,2026-02-06T02:13:24Z
42311510-8af7-ab4d-31e3-7d69ee70b903,c34c7301-e949-3f40-7cfc-67bb4c39b68e,522000.0,True,True,2025-09-29T21:09:51Z,2025-09-29T09:43:18Z
57a59c49-9efe-c3d1-4678-552675476c95,c34c7301-e949-3f40-7cfc-67bb4c39b68e,522000.0,True,True,2025-09-30T03:15:16Z,2025-09-30T02:08:11Z
deda5afd-4d96-a502-b471-c530c8de1aec,20dfab2f-286c-7f72-d0f3-a65c54b5c261,378000.0,True,True,2025-09-29T07:52:01Z,2025-09-29T13:18:00Z
94669cca-c1c7-556f-22ec-e32c5023e9d6,20dfab2f-286c-7f72-d0f3-a65c54b5c261,378000.0,True,True,2025-09-30T10:31:06Z,2025-09-30T20:10:00Z
e759ac6e-49eb-4084-5a79-ab9770f78bda,a9ef1e1a-5852-2c47-9e4b-0af95e1fc7d2,45000.0,True,True,2025-07-23T06:36:33Z,2025-07-23T21:09:06Z
6d3b0741-7004-029f-11e1-80365f01a4bf,a9ef1e1a-5852-2c47-9e4b-0af95e1fc7d2,45000.0,True,True,2025-07-24T23:06:31Z,2025-07-24T21:27:50Z
97043880-1bdf-550e-3db4-67d289c2c93f,8e0a9a1e-915e-665b-8bf6-64406ca5f338,1188000.0,True,True,2025-07-23T15:28:05Z,2025-07-23T19:48:12Z
ac97996f-cd72-51d7-04bb-1ae500bbac42,f4d7197e-5798-50be-4c21-caf4470da608,99000.0,True,True,2025-07-23T13:51:32Z,2025-07-23T09:02:33Z
1fd3dce2-76a8-05f0-a514-e047e876f6d1,f4d7197e-5798-50be-4c21-caf4470da608,99000.0,True,False,2025-07-24T19:10:21Z,2025-07-24T14:09:51Z
7f5386b0-d88d-2017-a14e-27bc798b86e1,960f5e3a-d296-2a73-bb16-44a6d674cc35,324000.0,True,True,2025-07-23T22:09:46Z,2025-07-23T12:06:34Z
48cb836e-fae6-3cc6-2afc-e862559e4617,13061e24-cc76-5afc-cc07-a8674fde2fc4,50000.0,False,False,2026-02-22T03:55:14Z,2026-02-22T20:49:01Z
5d156999-115c-7d77-5b88-1049feb5aac3,0a3a40f5-6d2d-1173-99e5-745d632a7171,316666.67,True,True,2026-02-22T01:38:55Z,2026-02-22T00:17:10Z
a736b505-d2ff-34a8-51b0-75b3352afe0d,0a3a40f5-6d2d-1173-99e5-745d632a7171,316666.67,True,True,2026-02-23T17:16:26Z,2026-02-23T03:06:12Z
3514361d-3d81-9a32-b465-9096d19224c0,0a3a40f5-6d2d-1173-99e5-745d632a7171,316666.66,True,True,2026-02-24T16:56:24Z,2026-02-24T00:03:03Z
eea0f474-8764-854c-7d7f-3486ceabe80d,e143ee74-2deb-32a2-1021-185b0eb4abfb,570000.0,True,True,2025-06-06T07:59:55Z,2025-06-06T00:24:52Z
086f735d-ab7c-a79f-dad6-750990ce742a,21013f58-69bd-0819-31b1-e7b24b2c3d72,210000.0,True,True,2025-06-06T14:47:48Z,2025-06-06T08:06:48Z
009659ba-721e-fc0a-837f-0bef10cccfa9,2c8ae99c-ec8f-fad0-f11e-8caf45e34dd5,110000.0,True,True,2025-06-06T15:25:59Z,2025-06-06T17:15:42Z
579cfd03-a401-725c-908c-104e2d679eea,2c8ae99c-ec8f-fad0-f11e-8caf45e34dd5,110000.0,True,True,2025-06-07T16:39:43Z,2025-06-07T11:57:24Z
68ae81c8-842e-aff9-7acd-08bd612732b6,75db293a-d6c7-0227-1baa-7a4ed2d3db50,1066666.67,True,True,2025-11-11T03:12:01Z,2025-11-11T21:25:57Z
aeca3db6-db80-3373-8ddc-32bc51c3c462,75db293a-d6c7-0227-1baa-7a4ed2d3db50,1066666.67,True,True,2025-11-12T07:26:58Z,2025-11-12T21:58:50Z
bef5a34f-a258-3e38-4500-814988d2dd6d,75db293a-d6c7-0227-1baa-7a4ed2d3db50,1066666.66,True,True,2025-11-13T15:33:18Z,2025-11-13T23:27:46Z
178ad22f-cdd8-4a21-83d5-5ad917588db7,a24abb91-8b26-f4df-ba8f-dd4713ed81aa,6800000.0,True,True,2025-11-11T04:29:56Z,2025-11-11T23:34:14Z
6f57c4d0-d58d-d89c-6dbf-828f8c7db45b,77d19d1c-45b3-8548-aece-621e42a44512,2000000.0,True,True,2026-03-08T09:37:53Z,2026-03-08T12:25:49Z
adc86e13-b98b-7937-ea4e-e630df5a4755,ba0134fe-5a19-30c0-c864-31a3d60cfe9e,390000.0,True,True,2025-06-29T05:04:07Z,2025-06-29T20:44:59Z
79179866-022b-9b9e-5818-c21a9ded3be1,6a202bf5-feb9-c145-cdec-8f1d779a51e1,110000.0,True,True,2025-06-29T23:56:09Z,2025-06-29T14:38:01Z
57cc6788-44a1-e618-abcf-af2a0fccf0c1,6a202bf5-feb9-c145-cdec-8f1d779a51e1,110000.0,False,True,2025-06-30T17:22:30Z,2025-06-30T05:40:12Z
865716fc-b51f-e59c-92e0-ab9c3cec7f3f,76a8d284-c744-225b-9782-78f8559280cc,130000.0,True,True,2025-06-29T18:00:48Z,2025-06-29T08:41:26Z
3c041c57-2994-a142-e852-7a0e233b9c25,76a8d284-c744-225b-9782-78f8559280cc,130000.0,True,True,2025-06-30T10:54:33Z,2025-06-30T06:47:15Z
b800a100-8764-145d-a390-1b2ee57c2529,76a8d284-c744-225b-9782-78f8559280cc,130000.0,True,True,2025-07-01T17:26:00Z,2025-07-01T13:35:52Z
57d46491-65f7-09d0-e61e-282c743deb0f,28faf492-0937-fb85-0dbc-445f294f057a,500000.0,True,True,2026-01-20T17:29:00Z,2026-01-20T10:56:45Z
5b420a28-0734-c3ca-8409-c055a7cc9d45,28faf492-0937-fb85-0dbc-445f294f057a,500000.0,True,False,2026-01-21T00:02:55Z,2026-01-21T15:42:28Z
da00f1b7-1fff-2c18-383b-6337a5ab6e28,28faf492-0937-fb85-0dbc-445f294f057a,500000.0,True,True,2026-01-22T22:29:02Z,2026-01-22T21:46:07Z
03ec8d00-c1d9-cf7e-17ee-c2b253d4028a,da3310bd-3987-59ea-0e06-5d071d5c9737,2000000.0,True,True,2025-01-18T09:26:20Z,2025-01-18T11:14:01Z
2331e396-c7bd-1b16-85d4-8d238ae04690,04b8ad6f-d91c-da36-1723-4f19039d67c2,2500000.0,True,True,2025-09-18T05:40:35Z,2025-09-18T13:39:56Z
40c55858-24b5-dd80-7585-3ada714b1073,a6123815-6c17-1241-058e-615a107b663d,1125000.0,True,True,2026-06-13T04:50:03Z,2026-06-13T08:53:16Z
7ebaa1f9-0892-6358-3810-22d469ac39c3,0baeb786-0def-a281-a65d-6fac14d85550,25000000.0,True,True,2025-02-15T01:31:50Z,2025-02-15T06:54:06Z
4b2353bc-7f80-3f59-9f66-54082b318e51,0baeb786-0def-a281-a65d-6fac14d85550,25000000.0,True,False,2025-02-16T14:42:19Z,2025-02-16T12:10:27Z
9699ede2-6126-272d-494f-da7bd5779bf4,447bcb0f-5a1b-3273-67d9-c3a10060c44f,168000.0,True,True,2026-06-28T15:07:18Z,2026-06-28T07:15:20Z
093ede4d-79e1-0f0c-fd28-2ded2a5a9689,447bcb0f-5a1b-3273-67d9-c3a10060c44f,168000.0,True,True,2026-06-29T22:50:30Z,2026-06-29T01:21:23Z
f68ebd07-77c8-0fe3-5030-297813b9707e,95f1c745-8404-f96d-aaf4-6d6ef9501974,632000.0,True,True,2026-06-28T08:04:36Z,2026-06-28T09:16:16Z
97a9728f-fae2-8c86-b279-cf9ef918de4b,95f1c745-8404-f96d-aaf4-6d6ef9501974,632000.0,True,True,2026-06-29T04:02:19Z,2026-06-29T09:29:17Z
9752ca54-d0d6-552b-3091-0bc8596bc8f5,252ef2f6-9f27-3fe1-8d5a-fb9fc1fdd73e,25000000.0,False,True,2025-07-25T07:24:43Z,2025-07-25T13:09:12Z
645dc417-9997-e033-4eeb-8520738c2ddb,6811cf1b-48a2-dd72-29f0-63f45a376b6f,4900000.0,True,True,2025-11-15T03:21:12Z,2025-11-15T09:21:24Z
0bed8e3a-27d6-613e-0196-d4a034b0a4ad,49bdce8f-0434-2865-6a33-ee2bfdfc43ab,2400000.0,True,True,2025-11-15T14:39:49Z,2025-11-15T03:36:49Z
d1dd342e-4cba-f712-a819-0ae917f1c155,37f79c03-b5e1-6599-a5b4-e917a04fd3b4,900000.0,True,False,2025-11-15T09:14:28Z,2025-11-15T09:58:20Z
33be8daa-d2f9-4fbd-de5e-727a69db445f,37f79c03-b5e1-6599-a5b4-e917a04fd3b4,900000.0,True,True,2025-11-16T03:30:01Z,2025-11-16T22:22:34Z
1298cca4-6f14-2769-9b3b-5d85322e9847,37f79c03-b5e1-6599-a5b4-e917a04fd3b4,900000.0,True,True,2025-11-17T20:10:15Z,2025-11-17T23:14:12Z
878c75ac-59a9-3f5e-3194-e11411fcda5e,7d224a89-a2ba-891d-8c13-4d0508e3d0dd,440000.0,True,True,2026-01-26T14:43:46Z,2026-01-26T19:06:17Z
b11d839c-6cb9-e91f-4de3-a51180616de4,7d224a89-a2ba-891d-8c13-4d0508e3d0dd,440000.0,True,True,2026-01-27T20:13:34Z,2026-01-27T18:32:39Z
18e4495b-cbb4-972b-7d8c-bfd5298863f7,7d224a89-a2ba-891d-8c13-4d0508e3d0dd,440000.0,True,True,2026-01-28T05:58:13Z,2026-01-28T13:11:17Z
edc99b8d-d956-bbda-290f-5943f1ff6fd3,8be04fe8-e066-d6b8-8441-6864d9c3e036,180000.0,True,True,2026-01-26T02:24:21Z,2026-01-26T18:02:04Z
a554ce18-9cb1-838e-cd3e-f6417d2dfad7,82c74cd5-aab2-dcc7-d92a-1fb8fa6d52dd,1140000.0,True,True,2025-03-30T20:56:33Z,2025-03-30T20:40:55Z
e398cfd3-c557-1efd-f4cd-bf18dee1bb27,9f4b2eb0-3d92-a51c-a872-7eaac3893e70,270000.0,True,True,2025-03-30T10:27:39Z,2025-03-30T16:35:31Z
bc490014-7564-b20e-c4df-7727623e8b95,9f4b2eb0-3d92-a51c-a872-7eaac3893e70,270000.0,False,True,2025-03-31T18:31:42Z,2025-03-31T09:05:18Z
3ff671df-a614-08b0-9cae-e9ecd9e45ec7,7446ee0c-9565-4044-e6c8-a30c3f54fdf6,320000.0,True,True,2025-03-30T04:44:32Z,2025-03-30T03:02:18Z
ca6d67e0-9eae-af11-1182-2fc869147e32,688327b4-9700-28f1-92f5-db2b8e95cd11,1600000.0,True,True,2026-07-19T01:49:25Z,2026-07-19T00:15:20Z
e390f00f-e40e-855a-039d-84824395d873,688327b4-9700-28f1-92f5-db2b8e95cd11,1600000.0,True,True,2026-07-20T17:03:29Z,2026-07-20T17:30:41Z
50ad00f5-ef93-6651-2313-863c0d4c8a01,c8c5acf9-737b-878c-0aa9-e67e3b4b8641,26800000.0,True,True,2026-07-19T17:34:28Z,2026-07-19T08:48:40Z
9c6b21f3-f1f5-89d0-5a7b-ff183005cd40,e5be071b-2857-141f-d845-a58317706c45,10000000.0,True,True,2026-07-19T14:45:27Z,2026-07-19T20:33:07Z
97d36358-5aa4-91bc-5a4d-285f24c0a56e,9f19b019-9fd4-2ed0-cefe-6be491f0f1b4,188000.0,True,True,2026-03-25T20:51:25Z,2026-03-25T12:59:56Z
43225163-be92-ec9b-e38b-7763e473a520,9f19b019-9fd4-2ed0-cefe-6be491f0f1b4,188000.0,True,True,2026-03-26T16:32:05Z,2026-03-26T11:46:53Z
57e1f85d-c0c8-3221-e79a-021be639d596,69f4c5c3-667b-e8a3-ac38-257834df8263,44000.0,True,True,2026-03-25T10:16:17Z,2026-03-25T03:29:00Z
e29f8a81-80d2-c4fb-7b30-4d3743229671,69f4c5c3-667b-e8a3-ac38-257834df8263,44000.0,True,True,2026-03-26T10:08:04Z,2026-03-26T18:51:27Z
fb41a00e-7944-cc9c-3f05-6c06ccf3f702,6edda993-71bf-97df-95af-19e1de21f414,10666.67,True,True,2026-03-25T01:33:21Z,2026-03-25T06:58:22Z
46163b31-5ba3-ab66-1b2b-8cd0e5216e6b,6edda993-71bf-97df-95af-19e1de21f414,10666.67,True,True,2026-03-26T20:15:49Z,2026-03-26T20:56:38Z
507fe362-9b14-d481-58d2-124ed81bf7e6,6edda993-71bf-97df-95af-19e1de21f414,10666.66,True,True,2026-03-27T12:20:48Z,2026-03-27T23:34:25Z
c6c6f2c6-a1dd-cb4c-d308-782d6a860fa3,7078c367-bb8b-1458-92fc-8f21a38e7907,304000.0,True,True,2026-03-25T00:45:48Z,2026-03-25T09:11:38Z
87848cef-8cfd-8709-98b5-aa10ce941ced,ccb9f731-fb36-b0a2-cc7a-fc57fa862844,2100000.0,True,True,2026-01-22T00:53:04Z,2026-01-22T08:26:09Z
abb103bb-907e-fe6e-2333-420c4c9a3f1c,27932099-d500-44cd-3064-08ce022e0ed4,480000.0,True,True,2026-01-22T22:26:25Z,2026-01-22T19:18:18Z
207dfae2-c627-bcdf-12d0-c7dde2d4ba35,524deaf4-032a-5a5c-805f-b957580ce4bf,2760000.0,True,True,2026-01-22T01:37:29Z,2026-01-22T07:15:48Z
36be6f81-3360-f0eb-735f-a4f6972eff89,017fa87b-d737-f8b2-9e59-378657cb9d62,220000.0,True,True,2026-01-22T10:04:55Z,2026-01-22T06:15:44Z
38b90591-ebe5-8f1c-2327-156b4491a802,017fa87b-d737-f8b2-9e59-378657cb9d62,220000.0,True,True,2026-01-23T12:11:42Z,2026-01-23T18:20:04Z
94ee7dde-3de2-851d-2812-0d45217678d6,017fa87b-d737-f8b2-9e59-378657cb9d62,220000.0,True,True,2026-01-24T01:42:09Z,2026-01-24T16:58:33Z
