id,loan_id,movement_id,created_at,updated_at
3e119cbc-beaf-db76-531a-ad687249066f,aafa9f7c-59c7-2232-346c-ae7ba8fc5f45,1,2025-09-17T12:56:06Z,2025-09-17T14:27:45Z
0dc71d19-e0c4-ca5c-d070-94b356b053d6,aafa9f7c-59c7-2232-346c-ae7ba8fc5f45,3,2025-09-20T21:41:51Z,2025-09-20T23:59:38Z
2312d504-a516-bf62-0ea0-bd1a9864a115,d5e48c6d-4037-9900-abdd-49d757043544,1,2026-04-01T00:41:42Z,2026-04-01T21:02:22Z
f87d5393-8f0c-ee2c-e11f-660f29aaf768,d5e48c6d-4037-9900-abdd-49d757043544,2,2026-04-01T03:33:20Z,2026-04-01T14:26:09Z
4ea586c5-e1ee-059f-96f3-98f452b0a629,d5e48c6d-4037-9900-abdd-49d757043544,4,2026-04-01T11:19:53Z,2026-04-01T18:03:35Z
b793f4e0-f774-02bc-3126-3005aa807db3,d5e48c6d-4037-9900-abdd-49d757043544,5,2026-04-02T04:35:30Z,2026-04-02T07:47:09Z
b7771ae0-ce14-a910-f046-d0a8c7f9080b,d5e48c6d-4037-9900-abdd-49d757043544,6,2026-05-02T09:32:12Z,2026-05-02T19:38:43Z
b81feae2-08cc-7601-ee2d-9e982f6b76d7,e803ea4e-5b07-9c58-3cdf-b5b18547117b,1,2025-08-02T14:58:18Z,2025-08-02T20:11:46Z
a099a3fb-58f6-7aa2-e947-4a09bfff7b22,e803ea4e-5b07-9c58-3cdf-b5b18547117b,3,2025-08-05T11:05:55Z,2025-08-05T04:16:24Z
300ab8c9-d983-ff81-0c17-05df1d762b82,3011a90a-915f-ef70-dcbc-5f79149c1073,1,2026-04-03T03:51:20Z,2026-04-03T22:59:57Z
7c376517-4c98-7577-f1ef-15a9f7aa3e1b,3011a90a-915f-ef70-dcbc-5f79149c1073,3,2026-04-05T18:36:52Z,2026-04-05T20:14:25Z
1ab559b9-423c-3dbe-f109-143b3073ca51,b0bef0ac-16b0-d3be-fbb7-3e7d2a8ce074,1,2025-10-16T10:18:56Z,2025-10-16T18:26:07Z
45cc881f-d466-1758-fc4f-9868187b406e,b0bef0ac-16b0-d3be-fbb7-3e7d2a8ce074,2,2025-10-16T12:16:23Z,2025-10-16T05:34:26Z
916d2ca1-1e12-9d64-e98d-3c7768a9007a,b0bef0ac-16b0-d3be-fbb7-3e7d2a8ce074,4,2025-10-18T02:32:51Z,2025-10-18T18:06:59Z
0383c423-4bb4-f9ab-9a22-3328c24c05e6,b0bef0ac-16b0-d3be-fbb7-3e7d2a8ce074,5,2025-10-20T10:36:52Z,2025-10-20T18:27:18Z
d76c05a0-05f7-1afb-66ff-cd68d9e071ec,b0bef0ac-16b0-d3be-fbb7-3e7d2a8ce074,6,2026-01-20T23:13:20Z,2026-01-20T10:46:31Z
82f9a683-a896-e2bd-a839-f7e6dabde5f9,5231f562-cec5-3abe-7dda-2a153a42986f,1,2025-12-29T12:12:24Z,2025-12-29T03:54:35Z
db9df9fd-983b-a8ab-d60d-47fb8f58dbbc,5231f562-cec5-3abe-7dda-2a153a42986f,2,2026-01-01T19:46:47Z,2026-01-01T03:18:11Z
cefdba69-a80b-32d5-3b04-5893d9be6684,5231f562-cec5-3abe-7dda-2a153a42986f,4,2026-01-01T23:57:44Z,2026-01-01T05:45:07Z
ddbcca05-ce21-231e-dd5f-586756b5a743,50040035-c319-92e2-9f69-71687aabdc19,1,2025-11-27T10:55:37Z,2025-11-27T20:39:40Z
3c34d568-76d2-4cae-bd33-b27e4dfc5c9f,50040035-c319-92e2-9f69-71687aabdc19,2,2025-11-29T00:26:53Z,2025-11-29T17:22:43Z
312aa8d2-235d-a7fb-527e-f435239c5f6a,50040035-c319-92e2-9f69-71687aabdc19,4,2025-11-30T02:24:53Z,2025-11-30T04:10:44Z
db0af92b-c639-ae6d-92e6-d440eb49fda0,50040035-c319-92e2-9f69-71687aabdc19,5,2025-11-30T01:01:12Z,2025-11-30T10:56:34Z
df07bdeb-f5b3-6ee3-a2e6-edebd079ccd5,50040035-c319-92e2-9f69-71687aabdc19,6,2025-12-30T14:21:17Z,2025-12-30T02:56:22Z
fc417d48-dc26-6766-ba94-78a43c4ec37c,210baac4-b43b-2b04-ca9c-0e433c46ecc4,1,2025-01-09T01:40:34Z,2025-01-09T08:57:44Z
0d84d0bb-e224-0d1f-cda7-10d2b6548771,210baac4-b43b-2b04-ca9c-0e433c46ecc4,2,2025-01-09T02:43:03Z,2025-01-09T19:06:29Z
9f884c61-21eb-adf9-1500-8c2e76309d74,210baac4-b43b-2b04-ca9c-0e433c46ecc4,4,2025-01-10T01:46:58Z,2025-01-10T06:40:43Z
7f692265-cc64-92dc-f10b-d266524ac9c4,210baac4-b43b-2b04-ca9c-0e433c46ecc4,5,2025-01-11T20:51:07Z,2025-01-11T04:09:37Z
4872363f-47a9-2d0b-88a8-b532b983b948,210baac4-b43b-2b04-ca9c-0e433c46ecc4,6,2026-01-11T21:03:36Z,2026-01-11T16:53:49Z
ff0e1ef9-8af5-073b-fc32-1ff5df2225cb,2bf9def4-af63-61f5-134e-5ca84514c618,1,2025-09-04T04:16:35Z,2025-09-04T18:52:26Z
9a786f99-7079-2927-f3e6-48d5efd846f9,2bf9def4-af63-61f5-134e-5ca84514c618,2,2025-09-04T17:35:37Z,2025-09-04T00:18:24Z
633af6f1-27e7-8ecd-4f24-4ba198862a45,2bf9def4-af63-61f5-134e-5ca84514c618,4,2025-09-04T20:54:01Z,2025-09-04T18:17:58Z
8c3232cf-72a3-4d85-a579-5a3dae6435f9,2bf9def4-af63-61f5-134e-5ca84514c618,5,2025-09-07T20:00:40Z,2025-09-07T16:59:26Z
20b44ed4-c931-0132-6da0-e8b5bcee89b3,2bf9def4-af63-61f5-134e-5ca84514c618,6,2026-03-07T01:41:57Z,2026-03-07T16:03:05Z
1c45db92-6004-8809-f14a-6acb4f534995,d680d308-3ac4-2060-0665-f0e2a9d1f38e,1,2026-03-23T01:32:12Z,2026-03-23T12:18:22Z
b715edd1-4bb0-ab03-6a1d-9d792d403739,d680d308-3ac4-2060-0665-f0e2a9d1f38e,2,2026-03-25T22:16:08Z,2026-03-25T10:13:18Z
86d04c50-f95b-54a3-5d5f-3c1c5abaf7c3,d680d308-3ac4-2060-0665-f0e2a9d1f38e,4,2026-03-25T08:48:43Z,2026-03-25T08:30:24Z
1693154d-aafc-2783-0022-582f6cdf31c5,d680d308-3ac4-2060-0665-f0e2a9d1f38e,5,2026-03-28T01:45:27Z,2026-03-28T23:30:13Z
e6d9326a-d1c2-f83a-9152-984bfed05a7e,d680d308-3ac4-2060-0665-f0e2a9d1f38e,6,2026-04-28T16:56:11Z,2026-04-28T12:40:25Z
42c22637-1d3c-c8b8-f705-34da1cb50c65,57e380a9-8b3c-e16f-8e0c-e2d6d1be4257,1,2026-05-26T02:29:04Z,2026-05-26T00:49:43Z
1454b4cd-be19-eabe-3ab9-caa3a1e6d587,57e380a9-8b3c-e16f-8e0c-e2d6d1be4257,2,2026-05-28T15:41:39Z,2026-05-28T08:11:02Z
76872722-673e-6c87-d3d2-f6863b3f7184,57e380a9-8b3c-e16f-8e0c-e2d6d1be4257,4,2026-05-29T17:21:51Z,2026-05-29T02:29:09Z
c022beb9-7dbf-d45d-50e7-f93325817de8,57e380a9-8b3c-e16f-8e0c-e2d6d1be4257,5,2026-05-31T02:19:45Z,2026-05-31T06:15:40Z
87cb2157-5370-5af1-3762-1b15c4f1123d,57e380a9-8b3c-e16f-8e0c-e2d6d1be4257,6,2026-06-30T12:09:15Z,2026-06-30T19:48:57Z
c16faa3e-8120-3934-3c65-242f334d2854,9b4f9c40-08a7-e327-41be-fb196538fd22,1,2025-04-13T22:23:12Z,2025-04-13T05:04:10Z
bbbba579-8a44-a8c3-b7cd-64c9df50f231,9b4f9c40-08a7-e327-41be-fb196538fd22,2,2025-04-13T20:36:28Z,2025-04-13T13:23:47Z
9784aa6d-aee4-339a-bc6c-c0d94d922eef,9b4f9c40-08a7-e327-41be-fb196538fd22,4,2025-04-13T12:56:43Z,2025-04-13T11:55:48Z
e159ff8c-8eb6-b247-29c9-b8c67a34a47d,9b4f9c40-08a7-e327-41be-fb196538fd22,5,2025-04-15T08:45:55Z,2025-04-15T09:06:44Z
80157758-ef64-4ce0-9d46-758259989373,9b4f9c40-08a7-e327-41be-fb196538fd22,6,2025-05-15T12:05:13Z,2025-05-15T09:05:25Z
c92bc465-3ac0-e875-8b10-7b8b64724626,4367cf7e-63aa-0221-4acc-0c982fee4ba9,1,2025-05-31T08:35:41Z,2025-05-31T05:22:54Z
594bb22c-bb7b-cf36-0ebe-b59c2c0c5afa,4367cf7e-63aa-0221-4acc-0c982fee4ba9,3,2025-06-01T06:51:23Z,2025-06-01T03:20:06Z
3e84ce13-b323-cdaf-47d3-52f59e6a53d2,7c109b23-f2b3-1a03-5b15-56122c6a9639,1,2025-10-31T01:41:40Z,2025-10-31T15:12:05Z
51ae0b8a-dfa0-15d0-e64c-71146588acbd,7c109b23-f2b3-1a03-5b15-56122c6a9639,2,2025-11-01T17:33:54Z,2025-11-01T12:07:46Z
1456e57f-daf5-e992-e035-56445089b28b,7c109b23-f2b3-1a03-5b15-56122c6a9639,4,2025-11-01T01:33:50Z,2025-11-01T05:04:56Z
2d4fe4b5-5239-edb1-09a3-873100f20714,7c109b23-f2b3-1a03-5b15-56122c6a9639,5,2025-11-05T23:17:15Z,2025-11-05T05:32:03Z
0773c403-43b8-50aa-f1c8-0ce2e145060b,7c109b23-f2b3-1a03-5b15-56122c6a9639,6,2025-12-05T20:05:32Z,2025-12-05T14:51:27Z
07a57a08-be64-d975-74d4-b7258e52254c,6b29c244-ca0a-6274-0528-84a01bb0898f,1,2026-04-18T01:13:54Z,2026-04-18T19:27:33Z
13832966-3064-83e7-2439-64e426f2a18e,6b29c244-ca0a-6274-0528-84a01bb0898f,2,2026-04-18T21:48:31Z,2026-04-18T03:25:52Z
91607875-ccab-ca77-5aea-d45312397358,6b29c244-ca0a-6274-0528-84a01bb0898f,4,2026-04-20T09:37:03Z,2026-04-20T09:18:31Z
485b75aa-1534-992d-f630-08a2a7edb31b,6b29c244-ca0a-6274-0528-84a01bb0898f,5,2026-04-21T12:41:29Z,2026-04-21T04:55:24Z
ccbff845-e381-00e5-b5ae-547772d9071b,6b29c244-ca0a-6274-0528-84a01bb0898f,6,2026-05-21T12:21:40Z,2026-05-21T02:46:34Z
cc848e48-5edf-c81d-9dae-80f1c74bd7ed,3bfd7694-ab52-0245-8424-16f6ae921c49,1,2025-12-13T08:11:06Z,2025-12-13T06:10:45Z
90d97dc8-e2f6-015e-bfa3-2519a2722c9e,3bfd7694-ab52-0245-8424-16f6ae921c49,2,2025-12-16T19:48:01Z,2025-12-16T19:30:00Z
46020d0c-8e75-690a-057f-ac78f3c07b9a,3bfd7694-ab52-0245-8424-16f6ae921c49,4,2025-12-17T16:02:52Z,2025-12-17T09:48:46Z
b6a6556c-f26c-b93c-0e2f-67d634c5f08d,3bfd7694-ab52-0245-8424-16f6ae921c49,5,2025-12-20T10:15:03Z,2025-12-20T14:40:20Z
5d306032-e21c-5ad9-7775-f987d3c02340,3bfd7694-ab52-0245-8424-16f6ae921c49,6,2026-06-20T00:01:25Z,2026-06-20T22:53:08Z
15349f9d-f0c0-4446-89c9-48f84ec3e5e6,25daaef3-5977-95b2-22e6-e8a7c216cae2,1,2025-02-23T14:18:14Z,2025-02-23T10:40:49Z
2481471a-9d35-f65f-2648-8b459d1df901,25daaef3-5977-95b2-22e6-e8a7c216cae2,3,2025-02-25T16:18:37Z,2025-02-25T01:34:52Z
5438fe62-766e-7862-c287-5689fd6f6e7a,b88258db-748f-5717-1bf4-4097d43f4db8,1,2025-03-14T01:35:37Z,2025-03-14T03:03:44Z
2e3a0a68-65fa-5ba4-a5f6-2289f87a03bf,b88258db-748f-5717-1bf4-4097d43f4db8,2,2025-03-15T03:29:53Z,2025-03-15T23:05:47Z
72869cf8-f91d-1b20-8bea-db92cfb3b3ee,b88258db-748f-5717-1bf4-4097d43f4db8,4,2025-03-16T08:51:31Z,2025-03-16T17:16:40Z
428b6c1e-cbc2-92b7-6661-82c29b361ef5,b88258db-748f-5717-1bf4-4097d43f4db8,5,2025-03-18T15:56:51Z,2025-03-18T20:57:28Z
6dbad2a3-3339-b215-8955-07e246ed8b02,b88258db-748f-5717-1bf4-4097d43f4db8,7,2025-08-06T20:30:45Z,2025-08-06T03:18:44Z
a01c8cea-0b4b-32d7-7b07-e96269126c12,c1709684-6db3-a135-19ff-6f6fa9aa5706,1,2026-01-03T10:38:09Z,2026-01-03T03:15:52Z
f788f3f2-2818-5660-28d0-314f2543d5bf,c1709684-6db3-a135-19ff-6f6fa9aa5706,2,2026-01-05T08:36:54Z,2026-01-05T00:06:17Z
24150dac-9bb1-60eb-4b8d-9c1769ea03eb,c1709684-6db3-a135-19ff-6f6fa9aa5706,4,2026-01-05T04:25:22Z,2026-01-05T20:45:11Z
97af2e61-a516-2417-c04d-1bfa37134856,c1709684-6db3-a135-19ff-6f6fa9aa5706,5,2026-01-09T21:07:14Z,2026-01-09T22:04:26Z
e38babc1-d42a-30b3-690f-fced4e7668db,c1709684-6db3-a135-19ff-6f6fa9aa5706,6,2026-02-09T20:22:01Z,2026-02-09T08:21:20Z
01ec5f09-1320-a317-f474-6b6109d1ec37,d1a2fcb9-bbf8-c5b6-16e3-52e803b3d435,1,2025-05-31T18:01:00Z,2025-05-31T06:00:22Z
a3529848-5641-24cb-1b6c-968dd7c56de2,d1a2fcb9-bbf8-c5b6-16e3-52e803b3d435,2,2025-06-03T11:18:39Z,2025-06-03T07:43:47Z
cde34771-4293-bf34-932f-ff82965ad9f6,d1a2fcb9-bbf8-c5b6-16e3-52e803b3d435,4,2025-06-04T19:12:20Z,2025-06-04T03:36:27Z
c57f0076-ed16-5dc6-f7db-4b08d38a9e45,d1a2fcb9-bbf8-c5b6-16e3-52e803b3d435,5,2025-06-08T09:45:48Z,2025-06-08T13:20:26Z
2b9fc459-2cc8-27ee-1884-4ffd4ac99cba,d1a2fcb9-bbf8-c5b6-16e3-52e803b3d435,6,2025-07-08T22:01:11Z,2025-07-08T02:34:10Z
2ac4053e-2065-ed01-be74-2c5dc32f594f,5c8873ed-c7a8-f675-fb1c-7e8b3c27e3e4,1,2025-11-24T21:55:22Z,2025-11-24T13:20:17Z
60a1f8ae-07a7-9878-4c75-4a30ae99de6d,5c8873ed-c7a8-f675-fb1c-7e8b3c27e3e4,2,2025-11-27T20:30:16Z,2025-11-27T21:25:41Z
280dd354-c692-56fe-beb0-ad6a637c1586,5c8873ed-c7a8-f675-fb1c-7e8b3c27e3e4,4,2025-11-28T01:25:21Z,2025-11-28T04:39:46Z
f03fcf9d-58a5-6a3c-66f0-569961cc8921,5c8873ed-c7a8-f675-fb1c-7e8b3c27e3e4,5,2025-11-28T14:25:21Z,2025-11-28T22:36:05Z
1d6db83d-b07d-da5e-33c3-15b667ec35f8,5c8873ed-c7a8-f675-fb1c-7e8b3c27e3e4,6,2026-02-28T16:16:13Z,2026-02-28T10:29:52Z
8abd2fe6-202e-25a9-475d-2f8f9522ee0b,08f6807a-d0e7-e684-7bd2-59cd50f07913,1,2025-10-28T18:21:48Z,2025-10-28T14:15:05Z
13be2653-fb74-8111-76e3-4d3977580e43,08f6807a-d0e7-e684-7bd2-59cd50f07913,2,2025-10-29T03:33:10Z,2025-10-29T09:13:22Z
d7e1c741-116b-5069-fcec-29bfeb520bfa,08f6807a-d0e7-e684-7bd2-59cd50f07913,4,2025-10-31T22:23:27Z,2025-10-31T09:57:01Z
47058317-0654-07a7-36a3-b8a4eea1e0e3,08f6807a-d0e7-e684-7bd2-59cd50f07913,5,2025-11-01T06:30:18Z,2025-11-01T19:16:00Z
f975647b-f8e5-e655-bdae-fb6f1db76fd6,08f6807a-d0e7-e684-7bd2-59cd50f07913,6,2025-12-01T03:11:37Z,2025-12-01T17:30:32Z
ee4c6372-1e94-7050-c3dd-b842eef1ab32,f0d7609f-4242-b5ba-b57b-dea6e388eb44,1,2025-07-14T07:56:43Z,2025-07-14T07:22:47Z
0364cdbc-eaa5-30f2-50c1-0538baf2bb94,f0d7609f-4242-b5ba-b57b-dea6e388eb44,2,2025-07-16T20:49:04Z,2025-07-16T20:49:50Z
d171f77a-d7cb-103e-4d06-474563186706,f0d7609f-4242-b5ba-b57b-dea6e388eb44,4,2025-07-18T17:41:22Z,2025-07-18T03:12:11Z
3bca1d68-fa0f-1040-efb0-4b1e55293a04,f0d7609f-4242-b5ba-b57b-dea6e388eb44,5,2025-07-19T00:10:17Z,2025-07-19T06:26:08Z
f85b88ef-8282-9114-8814-14e2d61bbc05,269cdf58-4713-d1b6-8ada-807a5c994fcb,1,2026-02-14T11:29:00Z,2026-02-14T05:58:41Z
718048bc-07d8-7590-079d-d17de5c6056e,269cdf58-4713-d1b6-8ada-807a5c994fcb,3,2026-02-15T19:12:48Z,2026-02-15T02:15:17Z
e47fc1af-bd37-efeb-f474-189c9da9c851,b4ad98dc-858c-d9bb-51b2-1727079b2682,1,2025-09-28T16:25:22Z,2025-09-28T16:32:45Z
2bacbb00-ce66-eab3-ad4b-aabd91ca67fa,b4ad98dc-858c-d9bb-51b2-1727079b2682,2,2025-09-29T01:28:38Z,2025-09-29T17:30:51Z
4b59591a-1d73-e6ce-5756-e9849e84fc9d,b4ad98dc-858c-d9bb-51b2-1727079b2682,4,2025-09-29T20:45:02Z,2025-09-29T20:21:55Z
0999de22-d92e-bc29-61a8-64cdfa5be1f6,b4ad98dc-858c-d9bb-51b2-1727079b2682,5,2025-10-03T15:46:00Z,2025-10-03T07:54:01Z
068c2616-3318-8219-6ca6-f564b5587ce6,b4ad98dc-858c-d9bb-51b2-1727079b2682,6,2026-04-03T00:21:27Z,2026-04-03T15:18:44Z
aefebe2d-2d84-0a80-2031-6fc6a09df356,73b7ed13-4af6-5c49-b671-b5fe6c6b3dfd,1,2025-11-09T03:19:52Z,2025-11-09T01:04:19Z
b50ae6f6-e562-1e5f-53fb-1829a0ca3523,73b7ed13-4af6-5c49-b671-b5fe6c6b3dfd,2,2025-11-12T22:45:55Z,2025-11-12T13:20:40Z
b12e95a2-ecb9-c848-b3df-01c5d49a79ac,73b7ed13-4af6-5c49-b671-b5fe6c6b3dfd,4,2025-11-14T17:49:53Z,2025-11-14T17:11:40Z
dc1a4c7e-5288-9eeb-778e-bd1508188572,73b7ed13-4af6-5c49-b671-b5fe6c6b3dfd,5,2025-11-16T14:42:58Z,2025-11-16T01:48:04Z
1fc526d1-e43d-3dfe-794d-0ae0403c2bfe,73b7ed13-4af6-5c49-b671-b5fe6c6b3dfd,6,2025-12-16T14:58:40Z,2025-12-16T17:45:29Z
9d271cda-ca41-1e9a-1f24-6ec453c37e2a,4e427f24-bacd-16e5-6ecb-1de3c8b79bc5,1,2026-06-09T08:02:25Z,2026-06-09T08:31:00Z
de5c768b-aa76-6ee9-6923-ecee2b4fc405,4e427f24-bacd-16e5-6ecb-1de3c8b79bc5,2,2026-06-12T05:01:32Z,2026-06-12T18:05:19Z
9c9812f1-2066-aa0f-e330-4424661fcc10,4e427f24-bacd-16e5-6ecb-1de3c8b79bc5,4,2026-06-12T01:52:57Z,2026-06-12T18:23:43Z
4f5a835d-c470-d6cd-361c-4754d2d75b4d,4e427f24-bacd-16e5-6ecb-1de3c8b79bc5,5,2026-06-16T20:25:51Z,2026-06-16T09:07:46Z
7ef96ab3-f926-20e4-0ff0-8287c3923487,4e427f24-bacd-16e5-6ecb-1de3c8b79bc5,6,2026-07-16T12:11:07Z,2026-07-16T08:20:00Z
d0a85919-e6f5-fd43-44d6-04d62f8162b3,109b0a5c-c60b-944f-a3b2-6475b6800caa,1,2025-11-21T06:33:27Z,2025-11-21T00:40:46Z
3e76ff82-737b-6529-c51f-080ae5cfb7cd,109b0a5c-c60b-944f-a3b2-6475b6800caa,2,2025-11-23T01:07:04Z,2025-11-23T12:10:03Z
e1d6aef1-1af5-b44c-932f-2367262d5da9,109b0a5c-c60b-944f-a3b2-6475b6800caa,4,2025-11-25T14:54:23Z,2025-11-25T23:56:27Z
328516f0-4923-481a-34ec-ea05738386ec,109b0a5c-c60b-944f-a3b2-6475b6800caa,5,2025-11-27T20:02:12Z,2025-11-27T15:35:17Z
b76c3a53-57fc-80c0-8276-677c1fd09790,3abc9b08-962d-aae5-17ee-c8638ffd6236,1,2025-06-11T20:44:09Z,2025-06-11T04:01:12Z
d308505c-c680-ed7b-45fb-af1ba7e76396,3abc9b08-962d-aae5-17ee-c8638ffd6236,2,2025-06-13T01:28:23Z,2025-06-13T22:26:35Z
11cea6cf-47bc-0331-76dd-de8130e052ea,3abc9b08-962d-aae5-17ee-c8638ffd6236,4,2025-06-13T14:13:17Z,2025-06-13T04:59:54Z
c8443bd8-e528-5f92-e33a-31e53f8aa8b1,3abc9b08-962d-aae5-17ee-c8638ffd6236,5,2025-06-17T20:33:34Z,2025-06-17T14:00:16Z
3b07f708-4235-6a39-dc19-0d20ecc91dc5,3abc9b08-962d-aae5-17ee-c8638ffd6236,6,2025-09-17T14:05:14Z,2025-09-17T11:11:32Z
dd832040-3c41-c5bb-54bf-dfd4cb603437,c29341f3-247a-2dce-8c93-fd9ba21774db,1,2025-01-19T01:24:30Z,2025-01-19T12:44:51Z
f928e780-4327-c421-94a3-368fd86fbd1b,c29341f3-247a-2dce-8c93-fd9ba21774db,2,2025-01-21T02:07:40Z,2025-01-21T20:28:07Z
00a0ff10-7d7a-e3fe-865d-2d20fbb5d047,c29341f3-247a-2dce-8c93-fd9ba21774db,4,2025-01-23T19:57:52Z,2025-01-23T17:29:47Z
a3748367-a2dc-9892-e210-f12362e7ce37,c29341f3-247a-2dce-8c93-fd9ba21774db,5,2025-01-26T04:05:03Z,2025-01-26T12:53:00Z
625dd536-41cf-308d-c250-69a40dbc360b,c29341f3-247a-2dce-8c93-fd9ba21774db,6,2025-07-26T18:52:59Z,2025-07-26T19:33:12Z
27b93b1b-c1ce-d8e4-c194-78fb0f7c415b,7789bd94-3ee2-828a-7cf1-61e429e5465a,1,2026-07-04T07:32:36Z,2026-07-04T18:15:15Z
8d849c9f-a4a5-d35f-6610-1c8fe9318f1d,7789bd94-3ee2-828a-7cf1-61e429e5465a,2,2026-07-06T08:29:50Z,2026-07-06T07:50:58Z
5c080071-beb7-df25-3422-f0ed954c001d,7789bd94-3ee2-828a-7cf1-61e429e5465a,4,2026-07-08T09:32:44Z,2026-07-08T16:29:32Z
2539cc67-6250-1edf-7b8a-4ebce2406cef,7789bd94-3ee2-828a-7cf1-61e429e5465a,5,2026-07-08T17:21:28Z,2026-07-08T20:13:44Z
41a0fddd-bb29-225e-7080-5b13cfb555f6,f89c78fa-0499-1bb9-5173-b9135ef7a654,1,2025-03-30T12:01:05Z,2025-03-30T04:10:00Z
af3c653b-ee42-54a4-b858-300b50306add,f89c78fa-0499-1bb9-5173-b9135ef7a654,2,2025-03-30T04:38:27Z,2025-03-30T13:05:39Z
5f39f209-c7cd-32d5-d086-8efd3a3bd9d3,f89c78fa-0499-1bb9-5173-b9135ef7a654,4,2025-04-01T12:32:17Z,2025-04-01T04:37:13Z
cc36e8f6-ecf8-bfbe-654f-2c7ebde646a0,f89c78fa-0499-1bb9-5173-b9135ef7a654,5,2025-04-05T11:38:08Z,2025-04-05T13:36:29Z
48c9443a-0cd3-e70d-16a3-e33d6fc5842c,f89c78fa-0499-1bb9-5173-b9135ef7a654,6,2025-05-05T02:55:39Z,2025-05-05T16:48:32Z
70586217-3261-fa32-efde-678181551ab5,14b4da80-aa73-8201-11dd-0a6414fca161,1,2026-01-20T09:11:09Z,2026-01-20T17:23:59Z
7f6eca0d-c42a-2fb7-a441-bedcf08099bc,14b4da80-aa73-8201-11dd-0a6414fca161,3,2026-01-23T01:01:35Z,2026-01-23T11:47:53Z
4e2e8655-d6ce-6fae-0121-82c3ab7e0e93,599107a2-7cdc-a105-ab09-250b7ed3c288,1,2026-06-12T06:08:05Z,2026-06-12T02:13:01Z
3ca76909-0bbe-8e36-c3be-c158b02be41b,599107a2-7cdc-a105-ab09-250b7ed3c288,2,2026-06-12T23:36:35Z,2026-06-12T10:09:01Z
b3e2297e-3c28-2d7b-75a5-c69426bae970,599107a2-7cdc-a105-ab09-250b7ed3c288,4,2026-06-12T23:04:25Z,2026-06-12T01:30:33Z
d385222f-fa6f-5463-21af-dd81aac10267,599107a2-7cdc-a105-ab09-250b7ed3c288,5,2026-06-13T04:47:06Z,2026-06-13T06:37:01Z
4a23a6e0-bf24-bc37-f69d-cc50fb10262c,85a8af80-392e-2451-0630-9bf08b79fb37,1,2025-07-21T18:25:38Z,2025-07-21T07:43:37Z
f527411d-1d54-e17b-97fa-a45ac7d2c22a,85a8af80-392e-2451-0630-9bf08b79fb37,2,2025-07-24T01:04:53Z,2025-07-24T09:31:58Z
d11ee4f5-dcb4-0b68-0cf0-90469bc2d838,85a8af80-392e-2451-0630-9bf08b79fb37,4,2025-07-26T23:26:47Z,2025-07-26T00:31:14Z
984a4a7d-6aa3-d592-51e1-ad33a76d2d69,85a8af80-392e-2451-0630-9bf08b79fb37,5,2025-07-29T05:34:51Z,2025-07-29T05:00:40Z
1cdb17d0-c14b-16ba-a2d4-9031e8773b0e,85a8af80-392e-2451-0630-9bf08b79fb37,6,2025-10-29T08:26:08Z,2025-10-29T05:21:33Z
a438ea9f-1dee-357e-d0bb-01516cae90bc,676450d8-a5a7-7522-d163-d516687b675c,1,2026-04-12T14:44:04Z,2026-04-12T13:32:00Z
064f1790-0fff-0819-7db8-f9c39f8bf45e,676450d8-a5a7-7522-d163-d516687b675c,2,2026-04-12T02:00:03Z,2026-04-12T20:53:52Z
84038351-35cc-e1d9-b118-f58aeb7dc00f,676450d8-a5a7-7522-d163-d516687b675c,4,2026-04-12T11:22:29Z,2026-04-12T23:18:31Z
c45cb18d-c9e7-aa73-8402-ffd84fd5b985,676450d8-a5a7-7522-d163-d516687b675c,5,2026-04-13T07:37:05Z,2026-04-13T13:45:55Z
2a885568-c032-b93b-d244-590fc5b16b90,676450d8-a5a7-7522-d163-d516687b675c,6,2026-07-13T06:21:15Z,2026-07-13T18:05:40Z
4662702e-c87f-6788-63fe-74d0790199cd,9bbe71de-a9d4-789d-48e6-0c222556d96f,1,2025-06-08T04:40:22Z,2025-06-08T18:01:52Z
79d4d5fe-02e6-aa95-529a-571d237584d2,9bbe71de-a9d4-789d-48e6-0c222556d96f,2,2025-06-10T20:20:52Z,2025-06-10T12:39:12Z
6c789f00-a106-a016-7cf3-ffa8b5ade4b6,9bbe71de-a9d4-789d-48e6-0c222556d96f,4,2025-06-11T10:12:00Z,2025-06-11T21:25:53Z
6fa0b4ab-a375-d010-ac90-ca6265b0aa02,9bbe71de-a9d4-789d-48e6-0c222556d96f,5,2025-06-15T21:15:05Z,2025-06-15T21:55:04Z
54416755-3cd2-bb25-5935-4bde78c3129b,9bbe71de-a9d4-789d-48e6-0c222556d96f,6,2025-07-15T19:18:45Z,2025-07-15T12:37:51Z
76a62a2e-027a-206c-e86b-2d2dd4fd2a91,fa0b9cd2-ae37-613e-911e-47cbbde15bcd,1,2025-06-19T08:29:39Z,2025-06-19T13:48:49Z
98c6df32-c24e-8167-570b-35bc9344d4ed,fa0b9cd2-ae37-613e-911e-47cbbde15bcd,2,2025-06-22T23:38:53Z,2025-06-22T09:41:17Z
ae8705ce-a1bb-d8eb-d233-4fbdecb0b566,fa0b9cd2-ae37-613e-911e-47cbbde15bcd,4,2025-06-24T13:16:26Z,2025-06-24T21:23:31Z
f085f129-af9f-4bb0-43dc-b4d3362e5ece,fa0b9cd2-ae37-613e-911e-47cbbde15bcd,5,2025-06-24T10:00:28Z,2025-06-24T06:13:51Z
29c0efb0-12c7-75a4-ee1d-7a4228fa925d,fa0b9cd2-ae37-613e-911e-47cbbde15bcd,6,2025-12-24T22:46:11Z,2025-12-24T21:51:57Z
6f2eca55-b273-df21-65cd-36a2e1f048df,cdc0d2a9-545d-1f0d-1b47-a0a8c407bed5,1,2025-05-07T02:21:21Z,2025-05-07T14:06:36Z
e8eed2c8-bb7b-81e2-4c88-ad0966509644,cdc0d2a9-545d-1f0d-1b47-a0a8c407bed5,2,2025-05-07T02:40:27Z,2025-05-07T22:08:25Z
d76a9758-f4ec-110a-8e34-1c7ab03ac75a,cdc0d2a9-545d-1f0d-1b47-a0a8c407bed5,4,2025-05-09T03:07:03Z,2025-05-09T23:06:07Z
70702810-ef9b-9a8c-a9d3-42e1ca5a40ce,cdc0d2a9-545d-1f0d-1b47-a0a8c407bed5,5,2025-05-09T22:12:46Z,2025-05-09T20:22:09Z
89483214-75bc-b7eb-10b2-c87962658e20,cdc0d2a9-545d-1f0d-1b47-a0a8c407bed5,6,2025-06-09T12:47:42Z,2025-06-09T00:57:08Z
83f44743-c21f-bf58-4ae3-a4f78d3c0e99,3d7d6806-8d29-20f7-611f-46369245c5b2,1,2025-09-24T05:45:24Z,2025-09-24T21:23:56Z
1faf5af2-c0bb-dcfd-fd7d-f5e8213c4397,3d7d6806-8d29-20f7-611f-46369245c5b2,2,2025-09-26T03:59:13Z,2025-09-26T10:35:26Z
0473877b-d5a8-f217-3948-394d7c945a1c,3d7d6806-8d29-20f7-611f-46369245c5b2,4,2025-09-28T02:28:28Z,2025-09-28T11:50:33Z
9ed24b80-2d41-c64d-ad25-7a4bbcbfc70a,3d7d6806-8d29-20f7-611f-46369245c5b2,5,2025-10-02T19:33:32Z,2025-10-02T01:37:30Z
9f674446-3f0c-003c-f369-fcbab4cf276c,3d7d6806-8d29-20f7-611f-46369245c5b2,6,2026-04-02T03:54:23Z,2026-04-02T19:22:08Z
3e1726be-44eb-e643-9202-d257719cb06c,735e6c9d-447f-efdf-e79b-0fa98e9ce46b,1,2025-07-05T23:41:48Z,2025-07-05T01:00:52Z
d5aacc67-ba5d-f069-a754-91bc736893a6,735e6c9d-447f-efdf-e79b-0fa98e9ce46b,2,2025-07-08T16:53:29Z,2025-07-08T15:55:39Z
9f6f9a30-26b3-2f85-c837-a1be885ff201,735e6c9d-447f-efdf-e79b-0fa98e9ce46b,4,2025-07-09T00:45:26Z,2025-07-09T19:26:05Z
a6e56e62-17a5-11ea-8040-13a280d11c99,735e6c9d-447f-efdf-e79b-0fa98e9ce46b,5,2025-07-12T12:34:25Z,2025-07-12T08:21:59Z
0c23834c-59eb-c24d-9446-7ec6318fcb79,735e6c9d-447f-efdf-e79b-0fa98e9ce46b,6,2025-08-12T00:52:13Z,2025-08-12T12:49:36Z
5e6bc6f9-0351-584a-cd7a-3480ad1c49f0,da244340-701e-bfa6-ef26-ece4fd4ab5b4,1,2025-01-12T23:16:14Z,2025-01-12T07:09:34Z
8a56a25c-ae61-d7cc-b068-cfe0dd68ba8d,da244340-701e-bfa6-ef26-ece4fd4ab5b4,2,2025-01-13T18:10:01Z,2025-01-13T12:13:18Z
22e26e78-e02e-a328-8022-3b0807c380c5,da244340-701e-bfa6-ef26-ece4fd4ab5b4,4,2025-01-15T18:47:55Z,2025-01-15T14:26:16Z
cf0b70fc-ec00-eb9b-b643-87c3703fb6d5,da244340-701e-bfa6-ef26-ece4fd4ab5b4,5,2025-01-17T16:41:45Z,2025-01-17T09:40:15Z
85bb2f36-61b7-e860-fd69-271e88131be9,da244340-701e-bfa6-ef26-ece4fd4ab5b4,7,2025-11-01T17:17:45Z,2025-11-01T19:19:49Z
b85b8d84-0149-1c54-ed00-8d9e058cb759,c2681fbe-9b87-7484-997b-1a81d0a2a118,1,2025-06-07T09:55:25Z,2025-06-07T01:35:29Z
e8741a1b-6b9a-20e7-bc65-96bfd5640ded,c2681fbe-9b87-7484-997b-1a81d0a2a118,2,2025-06-09T00:45:30Z,2025-06-09T23:14:30Z
2d248e8b-88a8-dbbb-f6b1-5ad3825c93a3,c2681fbe-9b87-7484-997b-1a81d0a2a118,4,2025-06-11T19:47:34Z,2025-06-11T11:08:49Z
869f294e-63f1-ce35-a1c0-96cec9a866c5,c2681fbe-9b87-7484-997b-1a81d0a2a118,5,2025-06-13T04:14:41Z,2025-06-13T23:40:02Z
7a7fc98c-466a-aa5c-3fae-2ce3de243791,c2681fbe-9b87-7484-997b-1a81d0a2a118,6,2025-07-13T22:03:05Z,2025-07-13T14:42:44Z
53c23bf1-c846-54bc-7bce-1ec72d1e5897,4796252d-b6dc-7586-b058-2398032f4537,1,2025-03-17T19:42:08Z,2025-03-17T15:20:34Z
fe119376-0d3a-ba65-8a3c-906413e92169,4796252d-b6dc-7586-b058-2398032f4537,2,2025-03-19T20:59:30Z,2025-03-19T04:34:49Z
2f9bfb2f-7d7f-b0c5-0914-04ac1d27f209,4796252d-b6dc-7586-b058-2398032f4537,4,2025-03-21T21:26:09Z,2025-03-21T18:35:48Z
f8c74023-ede3-8504-d46a-0f8bfecffa73,4796252d-b6dc-7586-b058-2398032f4537,5,2025-03-25T23:35:34Z,2025-03-25T17:26:57Z
202774d1-8e91-1f87-60d7-f8d2fa854df6,4796252d-b6dc-7586-b058-2398032f4537,7,2025-08-18T02:59:47Z,2025-08-18T00:13:08Z
235e217c-99f9-d83f-9aa6-1c3745f3a3c3,5e8ba009-16d1-504f-542f-5899c0222092,1,2025-12-01T13:26:23Z,2025-12-01T05:12:51Z
798740ef-ecb9-06d2-e670-f4adca76dc5f,5e8ba009-16d1-504f-542f-5899c0222092,2,2025-12-03T09:33:46Z,2025-12-03T11:58:18Z
43e2829f-8686-7e49-88e3-15ff864cb763,5e8ba009-16d1-504f-542f-5899c0222092,4,2025-12-03T05:30:43Z,2025-12-03T19:39:27Z
33bdb069-f4c8-3152-d420-a797449a2264,5e8ba009-16d1-504f-542f-5899c0222092,5,2025-12-06T06:12:27Z,2025-12-06T03:04:59Z
278f679e-6e4b-2918-795b-931d7371cde1,5e8ba009-16d1-504f-542f-5899c0222092,7,2026-06-18T15:36:54Z,2026-06-18T09:00:51Z
7e9f1314-b4c0-5613-13e6-58b417a6b6a3,37bc5508-45d6-a446-8246-0bd0d33f587a,1,2026-07-30T03:21:36Z,2026-07-30T09:53:39Z
b61625ef-5cef-e90e-d742-d0813f1be908,37bc5508-45d6-a446-8246-0bd0d33f587a,2,2026-08-01T22:07:09Z,2026-08-01T05:36:41Z
152bb5cc-6a26-be1e-4023-92a96f76845b,37bc5508-45d6-a446-8246-0bd0d33f587a,4,2026-08-01T16:46:49Z,2026-08-01T02:50:03Z
1ffd83fc-c687-4dc4-83cc-9cad95724ea1,37bc5508-45d6-a446-8246-0bd0d33f587a,5,2026-08-05T05:37:23Z,2026-08-05T06:51:53Z
6123c868-7723-e793-c30b-a0528699e4c3,b1827135-fb9a-b2ce-878c-960f773c5c1a,1,2025-11-13T14:51:37Z,2025-11-13T11:18:32Z
0886bdc5-7d0d-6a6c-981c-3aac44850310,b1827135-fb9a-b2ce-878c-960f773c5c1a,2,2025-11-13T10:54:27Z,2025-11-13T20:15:16Z
dd260c2e-ccf3-60e2-e894-dd35ec24fea7,b1827135-fb9a-b2ce-878c-960f773c5c1a,4,2025-11-15T05:10:36Z,2025-11-15T01:36:30Z
840bf4d7-b0ad-4444-5012-f6b4874294dd,b1827135-fb9a-b2ce-878c-960f773c5c1a,5,2025-11-16T18:26:55Z,2025-11-16T14:05:12Z
31c774dc-8fef-f16e-f5e8-c7fa4354990b,9c0fd9a3-ed13-18e3-0e8d-279a6f3a9c23,1,2025-06-01T13:30:17Z,2025-06-01T05:26:09Z
b7531e75-5a0d-e55d-e258-0b5f5deb83e8,9c0fd9a3-ed13-18e3-0e8d-279a6f3a9c23,2,2025-06-04T18:24:22Z,2025-06-04T06:05:01Z
c4bba753-3326-8b06-f88f-d205217bb159,9c0fd9a3-ed13-18e3-0e8d-279a6f3a9c23,4,2025-06-05T09:36:36Z,2025-06-05T15:43:45Z
8ac97527-1201-7f5e-951a-947337e551c2,9c0fd9a3-ed13-18e3-0e8d-279a6f3a9c23,5,2025-06-07T01:43:21Z,2025-06-07T10:52:39Z
b2601e1b-bb9b-cca0-d977-247f3b341938,9c0fd9a3-ed13-18e3-0e8d-279a6f3a9c23,6,2025-12-07T02:14:47Z,2025-12-07T21:14:32Z
018da6d0-316d-a841-9979-e66e66891779,e93aa3fa-f002-3f78-f36a-3b84f7952cb4,1,2026-03-16T05:34:48Z,2026-03-16T04:46:59Z
40f07735-a340-5971-8734-28cead14a255,e93aa3fa-f002-3f78-f36a-3b84f7952cb4,2,2026-03-17T02:30:28Z,2026-03-17T01:51:26Z
b9fc0991-91b6-86d6-8b09-1ebc4c3135de,e93aa3fa-f002-3f78-f36a-3b84f7952cb4,4,2026-03-17T08:45:34Z,2026-03-17T01:32:14Z
a242856d-b9ee-0a50-55c1-3ac26be9aabb,e93aa3fa-f002-3f78-f36a-3b84f7952cb4,5,2026-03-19T01:52:10Z,2026-03-19T11:57:23Z
a071c252-34ab-a7f6-88ed-dfdbe1ae72fb,e93aa3fa-f002-3f78-f36a-3b84f7952cb4,7,2026-08-09T15:56:08Z,2026-08-09T07:23:55Z
89a23963-9e27-8bd9-85a7-0362dd875a0c,21b6dec1-1af7-8e73-feec-ad83654c6f5c,1,2025-07-14T23:00:55Z,2025-07-14T02:38:39Z
55293ab3-2941-7271-7e9e-8cd1183fa359,21b6dec1-1af7-8e73-feec-ad83654c6f5c,2,2025-07-16T09:55:45Z,2025-07-16T23:15:12Z
cf401d85-8cd6-b6c3-df64-0240e4b0dce1,21b6dec1-1af7-8e73-feec-ad83654c6f5c,4,2025-07-18T06:51:45Z,2025-07-18T15:53:44Z
c6a668ea-4d88-13fd-22af-29b17ae0a20e,21b6dec1-1af7-8e73-feec-ad83654c6f5c,5,2025-07-20T12:12:40Z,2025-07-20T08:03:47Z
1930060f-d0ad-b334-4b69-37cbb09ecad1,21b6dec1-1af7-8e73-feec-ad83654c6f5c,6,2025-08-20T02:17:15Z,2025-08-20T21:52:59Z
d5d2c982-523b-7865-9e11-bf0d04dfcfe4,4d50164c-b817-8448-aa78-ce49a1c5edf5,1,2025-01-31T04:50:20Z,2025-01-31T09:33:13Z
bc139d2e-dd65-f6e5-7e53-a04b77bf56c1,4d50164c-b817-8448-aa78-ce49a1c5edf5,2,2025-02-02T22:39:37Z,2025-02-02T02:14:01Z
a1a2fa1a-7a27-0ef9-3cda-d25c24fb0f4c,4d50164c-b817-8448-aa78-ce49a1c5edf5,4,2025-02-04T09:40:45Z,2025-02-04T11:47:08Z
f7def059-c9c5-1c49-5b7e-ba9ac88e0d9c,4d50164c-b817-8448-aa78-ce49a1c5edf5,5,2025-02-07T07:22:28Z,2025-02-07T13:04:25Z
91e6146b-f387-51b5-c317-2f1fcf6b80a2,4d50164c-b817-8448-aa78-ce49a1c5edf5,6,2025-08-07T07:58:10Z,2025-08-07T18:33:23Z
4b5cd722-5326-dbf7-986c-5f76617bc264,de296a2d-c261-c0d2-0ef6-bb9c1df062d9,1,2026-06-25T17:56:45Z,2026-06-25T03:46:09Z
d0839c21-b1cb-5a2d-4ea3-d0754c4e75b1,de296a2d-c261-c0d2-0ef6-bb9c1df062d9,2,2026-06-28T10:55:47Z,2026-06-28T18:31:35Z
c7863a5e-9cdc-814c-5aac-8ef3a3a01d7f,de296a2d-c261-c0d2-0ef6-bb9c1df062d9,4,2026-06-28T06:25:01Z,2026-06-28T20:39:40Z
7235e05f-0659-6d8e-e792-f79c75850ed9,de296a2d-c261-c0d2-0ef6-bb9c1df062d9,5,2026-06-29T06:43:35Z,2026-06-29T21:29:37Z
6c9e0c35-3d5f-2c36-faf3-20122b827b11,e8a30098-eadb-ffbb-34d2-ca99bbeee2e9,1,2025-11-07T05:24:06Z,2025-11-07T07:04:49Z
bea51a6b-18ab-4280-c296-216ff45c0727,e8a30098-eadb-ffbb-34d2-ca99bbeee2e9,2,2025-11-08T21:32:29Z,2025-11-08T17:06:18Z
06859b9d-b30a-1118-1d3c-f30bfdef0179,e8a30098-eadb-ffbb-34d2-ca99bbeee2e9,4,2025-11-08T01:08:42Z,2025-11-08T03:03:18Z
6308926a-5455-c04c-ed3b-bfa45ed8db0f,e8a30098-eadb-ffbb-34d2-ca99bbeee2e9,5,2025-11-08T01:31:51Z,2025-11-08T10:44:16Z
eb62f2ab-64b5-ef50-839d-5c5f3c84ff3e,e8a30098-eadb-ffbb-34d2-ca99bbeee2e9,6,2025-12-08T22:06:38Z,2025-12-08T03:12:02Z
92405b1e-c6eb-6e68-2b31-6600871cb7df,27379b99-ba23-8b49-cb5c-e5649d8cac36,1,2025-05-27T00:31:20Z,2025-05-27T00:27:52Z
54c48160-2f6f-5f86-759e-cf9747ba1266,27379b99-ba23-8b49-cb5c-e5649d8cac36,2,2025-05-29T00:50:45Z,2025-05-29T09:09:46Z
4d623c7c-1c95-bf54-610c-1b6788ae4396,27379b99-ba23-8b49-cb5c-e5649d8cac36,4,2025-05-31T19:43:49Z,2025-05-31T11:55:00Z
679824a4-023e-4581-3d79-208a3a665a5b,27379b99-ba23-8b49-cb5c-e5649d8cac36,5,2025-06-04T03:37:47Z,2025-06-04T18:11:27Z
f2eb0032-4f3b-ce9d-db74-1f2a1ff033c7,27379b99-ba23-8b49-cb5c-e5649d8cac36,7,2025-10-27T06:18:03Z,2025-10-27T02:06:37Z
6952f0b5-5b0d-1a1d-e509-f7c3c45e883d,9b698bb7-3deb-50d4-2234-0a2fcef1f4c1,1,2026-05-06T15:16:29Z,2026-05-06T13:25:53Z
479137e9-06e7-41de-f6cf-e542fae7468f,9b698bb7-3deb-50d4-2234-0a2fcef1f4c1,2,2026-05-08T05:36:00Z,2026-05-08T17:37:05Z
6e8953e8-11d4-65f3-fcb8-da57706bb080,9b698bb7-3deb-50d4-2234-0a2fcef1f4c1,4,2026-05-08T21:01:26Z,2026-05-08T22:27:00Z
bfea99e8-ef32-94a7-7888-a59c48f56bc1,9b698bb7-3deb-50d4-2234-0a2fcef1f4c1,5,2026-05-08T05:28:14Z,2026-05-08T20:08:26Z
3f2c20c7-b947-93fe-be93-90c4f9571837,9b698bb7-3deb-50d4-2234-0a2fcef1f4c1,6,2026-06-08T19:11:46Z,2026-06-08T18:20:58Z
97e7896f-b915-d5cf-28eb-4cad38d840ff,8f903514-ca78-b08b-b00d-f63d3c6764f8,1,2025-10-19T17:14:01Z,2025-10-19T14:45:02Z
e2472f37-731b-96ef-4eab-67669ffa3af9,8f903514-ca78-b08b-b00d-f63d3c6764f8,3,2025-10-20T23:13:21Z,2025-10-20T13:25:15Z
a2583b13-7eb8-921b-2926-07217f6cdf3b,2144d05f-bcb0-8eb1-c047-32ef96195dd9,1,2025-07-24T13:19:30Z,2025-07-24T17:02:45Z
5180edaf-fc79-f3f2-17d8-48bfe6db920f,2144d05f-bcb0-8eb1-c047-32ef96195dd9,2,2025-07-24T10:22:50Z,2025-07-24T22:44:10Z
8c39c18a-86fd-125c-7fc0-9b976f57d73d,2144d05f-bcb0-8eb1-c047-32ef96195dd9,4,2025-07-26T23:42:14Z,2025-07-26T23:43:12Z
e1496624-13b6-fd43-bce0-bc98c8001472,2144d05f-bcb0-8eb1-c047-32ef96195dd9,5,2025-07-27T10:24:44Z,2025-07-27T20:00:52Z
98dbc831-b9d7-ad25-ce8e-2627f7a15e5a,2144d05f-bcb0-8eb1-c047-32ef96195dd9,6,2025-08-27T02:45:27Z,2025-08-27T04:30:06Z
d1484203-0022-54b6-d7b6-dcd3b7514c1c,71301b97-e720-e7fb-20bb-e54a71b0cc4b,1,2025-05-10T21:06:24Z,2025-05-10T16:05:32Z
569bffa2-d0de-a9c0-3cef-9038e677a976,71301b97-e720-e7fb-20bb-e54a71b0cc4b,2,2025-05-12T07:57:04Z,2025-05-12T19:34:02Z
6bdf3046-92af-d3d5-cbc3-7bae3aefde40,71301b97-e720-e7fb-20bb-e54a71b0cc4b,4,2025-05-13T20:08:04Z,2025-05-13T21:08:44Z
cdb4477c-e97b-08a2-3ce1-7d783b447c88,71301b97-e720-e7fb-20bb-e54a71b0cc4b,5,2025-05-16T09:04:23Z,2025-05-16T17:05:16Z
c51dcffe-3b22-ae04-accb-69a25f6b810b,71301b97-e720-e7fb-20bb-e54a71b0cc4b,6,2025-06-16T01:25:03Z,2025-06-16T23:19:14Z
0a22e187-4a5c-6fbd-ce44-0c1182747ddf,a5478b2f-d638-14b7-4e6d-29ccb51c4535,1,2025-06-10T01:24:42Z,2025-06-10T19:40:00Z
a5f9d141-36a2-9321-cdd2-dc23acd9d823,a5478b2f-d638-14b7-4e6d-29ccb51c4535,2,2025-06-13T19:01:47Z,2025-06-13T16:20:40Z
b030a037-3516-8343-c8df-a21925ec5fdd,a5478b2f-d638-14b7-4e6d-29ccb51c4535,4,2025-06-14T01:05:38Z,2025-06-14T23:40:51Z
8593c780-9e9f-abe4-5eb8-63513b639a26,a5478b2f-d638-14b7-4e6d-29ccb51c4535,5,2025-06-14T12:48:40Z,2025-06-14T09:53:22Z
3da71f6c-d33d-e41a-5d2c-413ce9e39d05,a5478b2f-d638-14b7-4e6d-29ccb51c4535,6,2025-07-14T22:52:15Z,2025-07-14T05:05:14Z
441c690f-2ed0-512f-330e-d4aca377f787,88e89387-f8fb-4454-2e56-78bc07e352e5,1,2025-07-31T08:13:05Z,2025-07-31T03:44:37Z
ec1cd2fb-def2-d26a-5c8f-0feeba72384b,88e89387-f8fb-4454-2e56-78bc07e352e5,2,2025-08-01T08:55:28Z,2025-08-01T02:11:11Z
8732c843-ddf8-d81a-fb44-a13802b3d087,88e89387-f8fb-4454-2e56-78bc07e352e5,8,2025-08-03T00:26:10Z,2025-08-03T16:17:56Z
06a79100-b264-ae8b-1311-2e43ad6d39f9,ba9889c7-9107-6dc3-10e2-d6e223ccc912,1,2026-04-20T13:23:57Z,2026-04-20T21:40:54Z
4f0c10c1-fad6-f38c-f66d-a573f230b53a,ba9889c7-9107-6dc3-10e2-d6e223ccc912,2,2026-04-22T01:41:34Z,2026-04-22T18:11:02Z
49ee3ed2-d39e-dfe3-70c1-fa6697d4e273,ba9889c7-9107-6dc3-10e2-d6e223ccc912,4,2026-04-24T04:28:09Z,2026-04-24T20:16:31Z
69e72e8b-70d3-75a2-bae3-62c5638b6bfb,ba9889c7-9107-6dc3-10e2-d6e223ccc912,5,2026-04-26T03:59:05Z,2026-04-26T00:09:06Z
a4e59da6-bcb0-9eba-4b31-b08f114ff51f,ba9889c7-9107-6dc3-10e2-d6e223ccc912,6,2026-05-26T01:39:35Z,2026-05-26T21:18:29Z
35423cd0-aa29-c02c-5a61-f3b63b93d18b,af81fe1f-3e31-9e24-2924-f1b0c01de077,1,2025-09-19T23:59:10Z,2025-09-19T01:19:06Z
c23e3de9-37df-8363-eada-9feb89575a91,af81fe1f-3e31-9e24-2924-f1b0c01de077,2,2025-09-21T20:32:51Z,2025-09-21T04:13:05Z
03c1b829-fc9e-9ff0-3594-c9d432c5df55,af81fe1f-3e31-9e24-2924-f1b0c01de077,4,2025-09-22T00:42:47Z,2025-09-22T03:06:03Z
a1d42d94-473a-caea-c339-d1c1383e8368,af81fe1f-3e31-9e24-2924-f1b0c01de077,5,2025-09-26T11:36:41Z,2025-09-26T01:45:05Z
f61d4759-1933-3c35-47b1-06e347aa943b,af81fe1f-3e31-9e24-2924-f1b0c01de077,6,2025-10-26T19:53:20Z,2025-10-26T09:22:23Z
7eb05a45-e695-eae4-83c5-81628b897a09,a0ee0c43-83d8-ebc9-e429-92e9eddd150e,1,2026-01-17T04:50:08Z,2026-01-17T05:20:52Z
6bef5f01-bd8c-85b2-8e69-d883bb29ec81,a0ee0c43-83d8-ebc9-e429-92e9eddd150e,2,2026-01-18T16:16:17Z,2026-01-18T16:04:10Z
95fce7cf-d8af-b5cb-6a4f-03ea864270f1,a0ee0c43-83d8-ebc9-e429-92e9eddd150e,4,2026-01-18T09:40:41Z,2026-01-18T17:49:44Z
da148a1a-2e5b-257e-0679-2f820b6fa0b5,a0ee0c43-83d8-ebc9-e429-92e9eddd150e,5,2026-01-20T13:27:21Z,2026-01-20T03:56:13Z
9bf8c204-bd54-88bc-8e66-28a63abb3ea1,a0ee0c43-83d8-ebc9-e429-92e9eddd150e,6,2026-02-20T10:13:09Z,2026-02-20T00:54:30Z
1f179f5f-12b5-f46a-2173-b7de61522a47,d695a5b9-4c03-701b-9beb-eb8e1dd5d17d,1,2026-04-16T14:09:59Z,2026-04-16T17:18:46Z
cb95fa78-7df2-57f8-8a77-04e762cd4719,d695a5b9-4c03-701b-9beb-eb8e1dd5d17d,2,2026-04-17T02:13:22Z,2026-04-17T19:42:48Z
83e8035c-2647-720a-7b3b-b5f4c9cb6f77,d695a5b9-4c03-701b-9beb-eb8e1dd5d17d,4,2026-04-17T02:07:10Z,2026-04-17T00:25:29Z
fede9668-6bb5-727f-d042-7a361b012317,d695a5b9-4c03-701b-9beb-eb8e1dd5d17d,5,2026-04-17T13:13:31Z,2026-04-17T05:57:20Z
a030b341-1b7a-3de1-1002-467103ab2526,d695a5b9-4c03-701b-9beb-eb8e1dd5d17d,6,2026-05-17T04:34:53Z,2026-05-17T20:11:08Z
32b82ac1-df77-7066-cd75-76c21c024ce6,1c1384b0-d376-793b-a4fd-340421ccca60,1,2026-02-08T00:39:03Z,2026-02-08T08:15:46Z
2c4148ad-38f7-05f4-538c-37ca57f3a252,1c1384b0-d376-793b-a4fd-340421ccca60,2,2026-02-11T14:05:36Z,2026-02-11T10:35:36Z
16cefded-89b2-3c79-274d-d5863c9e3c74,1c1384b0-d376-793b-a4fd-340421ccca60,4,2026-02-13T16:54:19Z,2026-02-13T19:25:50Z
a4b14d8b-69ca-31a1-1608-2ad763e281ac,1c1384b0-d376-793b-a4fd-340421ccca60,5,2026-02-13T21:31:36Z,2026-02-13T23:56:59Z
7c020551-7907-7800-8bb7-04c50371b80e,88c57b83-e60a-77d9-50cb-6d2023264f33,1,2026-02-06T08:23:52Z,2026-02-06T05:49:43Z
4384e67a-caa8-dee4-28ba-db26100da53a,88c57b83-e60a-77d9-50cb-6d2023264f33,2,2026-02-08T07:30:15Z,2026-02-08T14:31:12Z
a355490e-d9f1-6136-bac9-e1e191d20754,88c57b83-e60a-77d9-50cb-6d2023264f33,4,2026-02-08T05:09:01Z,2026-02-08T16:20:02Z
3388f272-46ec-8248-e412-ab8d67f5bcf8,88c57b83-e60a-77d9-50cb-6d2023264f33,5,2026-02-10T03:56:00Z,2026-02-10T16:13:44Z
c8442b25-714c-b42e-fa85-281d2c9095f9,adbe3388-18ca-14fe-228e-4c9b9dd554d6,1,2025-06-09T02:59:11Z,2025-06-09T12:13:14Z
8f832375-5d85-a68c-3976-1b05740dad8a,adbe3388-18ca-14fe-228e-4c9b9dd554d6,2,2025-06-11T12:51:43Z,2025-06-11T13:20:42Z
cd0a7939-214c-f2b6-0977-7149dcf6b9b1,adbe3388-18ca-14fe-228e-4c9b9dd554d6,4,2025-06-12T20:04:37Z,2025-06-12T17:01:24Z
d13e28f6-fe79-827a-f853-3296b3c5addd,adbe3388-18ca-14fe-228e-4c9b9dd554d6,5,2025-06-13T08:36:05Z,2025-06-13T23:53:40Z
40b59f14-e33f-d21d-bb9b-e9ec540381e7,adbe3388-18ca-14fe-228e-4c9b9dd554d6,6,2025-09-13T21:36:45Z,2025-09-13T10:42:15Z
29545eeb-aecd-f697-b6b7-05a0e030e47a,da32b160-3bf7-9a8c-e3a2-4af2cbf521bd,1,2025-11-08T00:59:13Z,2025-11-08T01:39:49Z
67a841f4-af65-cfa0-1882-e9af2977b75e,da32b160-3bf7-9a8c-e3a2-4af2cbf521bd,3,2025-11-11T05:44:54Z,2025-11-11T13:05:14Z
dd87f0b3-09af-9773-8c92-945be92973d5,2f7a28bd-e6e4-3f82-5bb2-268b66b81264,1,2025-04-18T01:07:03Z,2025-04-18T10:59:27Z
ecdf5c0d-3046-e64c-735e-3528eed1ee16,2f7a28bd-e6e4-3f82-5bb2-268b66b81264,2,2025-04-20T10:15:39Z,2025-04-20T16:55:36Z
f89558aa-1552-e3f8-559e-f0dfa8705593,2f7a28bd-e6e4-3f82-5bb2-268b66b81264,4,2025-04-21T08:46:07Z,2025-04-21T09:09:18Z
e70251ad-9c2a-ee28-7e79-fd5451f01779,2f7a28bd-e6e4-3f82-5bb2-268b66b81264,5,2025-04-25T00:38:54Z,2025-04-25T16:08:57Z
ab5cda8d-346b-e5c3-e160-346e05e10477,2f7a28bd-e6e4-3f82-5bb2-268b66b81264,6,2025-05-25T15:49:23Z,2025-05-25T00:07:50Z
d473f795-175f-2f4a-e80f-8976481018f2,7eaa8c90-a393-2b5f-93d9-bc3d251981c5,1,2025-05-27T21:23:19Z,2025-05-27T04:40:31Z
b880045d-3b1d-2b98-e543-532e06cefc44,7eaa8c90-a393-2b5f-93d9-bc3d251981c5,2,2025-05-27T01:56:24Z,2025-05-27T14:50:06Z
90b0996e-8ef8-db0f-f7ed-4b39c0dd4cc1,7eaa8c90-a393-2b5f-93d9-bc3d251981c5,4,2025-05-29T14:19:23Z,2025-05-29T19:04:40Z
fa94e42d-fd2d-a5a1-a796-87ccd410b1f8,7eaa8c90-a393-2b5f-93d9-bc3d251981c5,5,2025-05-29T17:30:14Z,2025-05-29T13:07:43Z
f9a97c3f-531a-5fce-965c-a897899b2739,7eaa8c90-a393-2b5f-93d9-bc3d251981c5,6,2026-05-29T07:56:25Z,2026-05-29T02:53:03Z
81e09ea4-65c7-ed40-1fb0-3b4865c28f27,4e4616cb-aaf1-b904-a0e2-5eb1cd8c5d2a,1,2025-04-29T21:06:57Z,2025-04-29T01:11:50Z
52a9362f-498d-9bcb-cb3c-ca3f6845f162,4e4616cb-aaf1-b904-a0e2-5eb1cd8c5d2a,2,2025-04-30T07:50:26Z,2025-04-30T21:22:01Z
7d91750a-2abc-d8b3-30b5-e38258f64b77,4e4616cb-aaf1-b904-a0e2-5eb1cd8c5d2a,4,2025-04-30T21:30:06Z,2025-04-30T20:08:53Z
af410ecd-3541-5fad-9ee5-43d0aab83f05,4e4616cb-aaf1-b904-a0e2-5eb1cd8c5d2a,5,2025-05-02T07:38:41Z,2025-05-02T20:28:58Z
739a1ecd-a4ef-fbf1-bfc9-f75f99a06153,4e4616cb-aaf1-b904-a0e2-5eb1cd8c5d2a,6,2025-06-02T16:56:42Z,2025-06-02T20:17:01Z
114089a5-1ab9-5456-9720-961dadc0bab9,1a6f0aaf-7f18-2af5-56aa-73385be26c23,1,2026-03-13T13:44:38Z,2026-03-13T15:56:41Z
4ec2b574-ae43-8d21-1777-9a55a43858c9,1a6f0aaf-7f18-2af5-56aa-73385be26c23,2,2026-03-15T14:41:44Z,2026-03-15T08:28:55Z
d9f627e3-4fa3-f44a-a4e2-5e5b73c44472,1a6f0aaf-7f18-2af5-56aa-73385be26c23,4,2026-03-15T10:39:13Z,2026-03-15T06:34:32Z
e9679ff1-af1b-eaee-e209-a387c260cb67,1a6f0aaf-7f18-2af5-56aa-73385be26c23,5,2026-03-17T03:11:26Z,2026-03-17T15:51:26Z
a4ada9ed-5680-ce10-b80b-4595bd49eca4,1a6f0aaf-7f18-2af5-56aa-73385be26c23,6,2026-06-17T09:24:33Z,2026-06-17T15:14:44Z
b9e4df76-27af-731c-61b8-352f8f248c58,1d7e332d-d382-34b3-5948-062e93c0c59c,1,2026-06-01T17:52:07Z,2026-06-01T05:03:10Z
651e866f-f0e9-3576-62ea-973d1f560bec,1d7e332d-d382-34b3-5948-062e93c0c59c,2,2026-06-04T07:51:11Z,2026-06-04T16:45:26Z
c8938628-2cca-8909-b141-c1f8cc22dd74,1d7e332d-d382-34b3-5948-062e93c0c59c,4,2026-06-05T11:20:40Z,2026-06-05T07:21:27Z
792e73ac-3ac2-79b2-d300-a2758c92291c,1d7e332d-d382-34b3-5948-062e93c0c59c,5,2026-06-08T15:27:27Z,2026-06-08T03:00:32Z
673d7b42-9e79-0005-7787-8b6487f44022,1d7e332d-d382-34b3-5948-062e93c0c59c,6,2026-07-08T16:37:31Z,2026-07-08T23:34:11Z
add91c52-aa00-bb0d-b811-01aea5d7e6c9,e35482b3-9b27-3a46-7478-103dec0d1801,1,2025-03-06T11:25:26Z,2025-03-06T09:25:04Z
75e54670-2f6c-c30e-b5a0-1f0ccf55a0ca,e35482b3-9b27-3a46-7478-103dec0d1801,2,2025-03-09T12:01:19Z,2025-03-09T02:56:05Z
9f8edfec-91e1-bf16-594f-d2aad24ea974,e35482b3-9b27-3a46-7478-103dec0d1801,4,2025-03-11T19:42:39Z,2025-03-11T13:44:24Z
3f944516-dfe1-3d74-fcfb-97e90d7a2b75,e35482b3-9b27-3a46-7478-103dec0d1801,5,2025-03-12T15:13:20Z,2025-03-12T19:41:43Z
671898ea-f40b-fe20-aa5e-bf5daac5b393,e35482b3-9b27-3a46-7478-103dec0d1801,6,2025-09-12T23:42:02Z,2025-09-12T03:17:44Z
83b44ceb-52aa-8655-3325-3a1b63cda837,d9295f23-ed1c-cd98-34c7-2cf663f0fe7d,1,2025-02-23T04:10:18Z,2025-02-23T15:06:00Z
49fe7598-1427-0c43-4b4a-4e090260df14,d9295f23-ed1c-cd98-34c7-2cf663f0fe7d,2,2025-02-25T22:56:34Z,2025-02-25T15:32:18Z
d2a5b63c-2573-a9e2-e8b0-4a4b57b577d6,d9295f23-ed1c-cd98-34c7-2cf663f0fe7d,4,2025-02-26T19:49:33Z,2025-02-26T04:22:28Z
7304ee4a-f4f6-4ffc-fb99-01ef0163730a,d9295f23-ed1c-cd98-34c7-2cf663f0fe7d,5,2025-02-27T21:07:15Z,2025-02-27T05:51:58Z
833796e1-c5ad-d88d-c9db-9af2c7222f03,d9295f23-ed1c-cd98-34c7-2cf663f0fe7d,6,2025-03-27T08:20:41Z,2025-03-27T18:18:53Z
76d1afab-ade6-b3d0-824b-9b72e20cec38,f33a199d-7510-32ee-838b-f0668fd121c1,1,2026-07-10T14:42:59Z,2026-07-10T06:56:57Z
5f76721a-3492-c56e-6de7-a8a7184e5ad3,f33a199d-7510-32ee-838b-f0668fd121c1,2,2026-07-12T18:18:37Z,2026-07-12T06:23:09Z
382cac0f-f21a-6dd6-44b2-df73ea2c0e71,f33a199d-7510-32ee-838b-f0668fd121c1,4,2026-07-12T22:53:56Z,2026-07-12T01:12:23Z
048f31b8-2162-a3d6-ffc0-e065046be665,f33a199d-7510-32ee-838b-f0668fd121c1,5,2026-07-16T05:09:09Z,2026-07-16T04:36:41Z
268b7c69-7eaa-6f8f-613c-d715a95829fa,be70ad09-8ac6-2488-3362-2e7cb386464e,1,2025-06-28T09:05:43Z,2025-06-28T08:01:36Z
204a937a-1eba-0a7a-7fb9-5d46efd961ed,be70ad09-8ac6-2488-3362-2e7cb386464e,2,2025-06-30T04:31:44Z,2025-06-30T04:56:34Z
ac1b110d-5438-3f21-41cc-bb44de2aaace,be70ad09-8ac6-2488-3362-2e7cb386464e,4,2025-06-30T06:27:46Z,2025-06-30T21:37:54Z
70992939-a006-a1ed-fddd-102f5493ef27,be70ad09-8ac6-2488-3362-2e7cb386464e,5,2025-07-04T20:54:47Z,2025-07-04T23:59:48Z
1bc0d5f9-04d3-dd4c-e683-a82a1c3a1b5b,be70ad09-8ac6-2488-3362-2e7cb386464e,6,2026-01-04T19:42:45Z,2026-01-04T05:41:08Z
9fb69765-5c1c-b347-17b3-c8eb261141bc,8b734975-4057-7a0b-8e13-d45408ee9668,1,2025-11-11T17:35:06Z,2025-11-11T23:46:55Z
7bdd3934-99ea-9341-7480-533c8a689165,8b734975-4057-7a0b-8e13-d45408ee9668,2,2025-11-12T06:10:40Z,2025-11-12T01:57:22Z
9cbc3b56-e90b-a2d6-6278-2a903e830725,8b734975-4057-7a0b-8e13-d45408ee9668,4,2025-11-14T12:24:29Z,2025-11-14T16:08:15Z
ee5f6c84-e405-3455-311f-f6629606c779,8b734975-4057-7a0b-8e13-d45408ee9668,5,2025-11-15T11:22:23Z,2025-11-15T15:02:47Z
45d864c6-ca9a-a329-390a-b4e97d867b57,8b734975-4057-7a0b-8e13-d45408ee9668,6,2025-12-15T13:39:45Z,2025-12-15T16:34:06Z
b09f8aad-d2c6-ddaa-4f9d-cd76bd837b3d,80eec329-b25a-d889-daa5-27f22861d33e,1,2026-02-23T22:37:25Z,2026-02-23T06:02:22Z
143d64b3-530f-f5d0-0e30-3c8848931d6e,80eec329-b25a-d889-daa5-27f22861d33e,2,2026-02-23T15:31:15Z,2026-02-23T07:29:39Z
ce2707ad-080b-26f6-0171-937c86b27688,80eec329-b25a-d889-daa5-27f22861d33e,4,2026-02-24T13:49:02Z,2026-02-24T14:13:28Z
17a90416-dc69-1731-c8f9-43ae8a4d8044,80eec329-b25a-d889-daa5-27f22861d33e,5,2026-02-26T16:35:34Z,2026-02-26T12:10:56Z
0fa1585d-f366-28c6-0116-7aa3e7d5002b,80eec329-b25a-d889-daa5-27f22861d33e,6,2026-05-26T10:02:47Z,2026-05-26T20:24:32Z
e1655cae-d765-1491-a6f1-cd75465eeecf,dc276867-c0fe-3811-385c-820908c225b9,1,2025-10-26T18:21:04Z,2025-10-26T23:07:52Z
babfd4f2-19b8-407e-da9a-4efd4b4eb86a,dc276867-c0fe-3811-385c-820908c225b9,2,2025-10-28T06:46:04Z,2025-10-28T08:32:09Z
1d3ba5f8-dd4f-42c3-5766-e77dea78fc87,dc276867-c0fe-3811-385c-820908c225b9,4,2025-10-30T02:07:08Z,2025-10-30T07:35:02Z
cb2e5b17-5a46-736c-b188-56dcf66ab913,dc276867-c0fe-3811-385c-820908c225b9,5,2025-11-03T12:18:47Z,2025-11-03T10:31:04Z
28ef6719-5b74-62ee-f29a-a23e2030e286,dc276867-c0fe-3811-385c-820908c225b9,6,2025-12-03T03:00:37Z,2025-12-03T00:36:45Z
e7c7fd5e-e825-8cd7-d1f0-d5b6769ed89f,9b1ef125-3ad1-2bf2-8259-def2b289ba34,1,2026-01-11T18:24:25Z,2026-01-11T02:14:48Z
f514ecc6-418b-5b09-03e6-c8f7318fac35,9b1ef125-3ad1-2bf2-8259-def2b289ba34,2,2026-01-13T17:42:28Z,2026-01-13T02:09:13Z
e4997469-12c7-6b99-ed71-a7a324317226,9b1ef125-3ad1-2bf2-8259-def2b289ba34,4,2026-01-14T17:43:30Z,2026-01-14T13:25:50Z
7bb038e0-f756-8682-7f18-5553cc370662,9b1ef125-3ad1-2bf2-8259-def2b289ba34,5,2026-01-14T15:10:18Z,2026-01-14T16:25:48Z
22c59c2e-6525-137c-71e2-eac8088082ed,9b1ef125-3ad1-2bf2-8259-def2b289ba34,6,2026-02-14T01:10:23Z,2026-02-14T03:56:18Z
2faf7204-83ec-5f1e-124b-e3986a723002,9b00e19d-dbcd-87c5-852a-4d905f96ca57,1,2025-11-29T20:11:08Z,2025-11-29T12:11:00Z
7aa29f00-e6f5-ac1d-5f1e-0e59139accfc,9b00e19d-dbcd-87c5-852a-4d905f96ca57,2,2025-11-29T12:27:04Z,2025-11-29T05:11:33Z
08dbf6ed-2623-9ced-9b99-db5b8b7ca093,9b00e19d-dbcd-87c5-852a-4d905f96ca57,4,2025-11-30T12:23:45Z,2025-11-30T11:50:40Z
2a842c54-8479-024d-5a76-396469d4ba5d,95cc6e91-e64a-eebf-1c1e-af82390448bd,1,2025-03-28T02:08:04Z,2025-03-28T19:02:12Z
4d6b6eb8-f0fc-1cde-fcb4-dca0c918b684,95cc6e91-e64a-eebf-1c1e-af82390448bd,2,2025-03-28T20:12:06Z,2025-03-28T22:16:37Z
1b20fe8c-5cf2-044f-b0f5-d6515c370051,95cc6e91-e64a-eebf-1c1e-af82390448bd,4,2025-03-30T16:55:34Z,2025-03-30T07:50:39Z
3a4209fb-f3f9-caa8-755c-63c915b97c0b,95cc6e91-e64a-eebf-1c1e-af82390448bd,5,2025-03-30T01:03:48Z,2025-03-30T16:53:39Z
c0094cc4-3c4d-1139-50ba-6ba400a81720,95cc6e91-e64a-eebf-1c1e-af82390448bd,6,2025-04-30T20:18:04Z,2025-04-30T03:18:35Z
45d99bdf-966b-c711-5580-44728ba38150,f06a6acf-8984-3c8b-7232-befaaaa1ed44,1,2026-06-09T02:01:43Z,2026-06-09T03:48:11Z
7e0bb353-bc6d-b7d9-9842-df1af4f78637,f06a6acf-8984-3c8b-7232-befaaaa1ed44,3,2026-06-12T00:31:45Z,2026-06-12T19:15:18Z
cae55fdc-716e-3942-7ec8-51e18caf1a02,600743b5-3b55-5f4c-da90-3fdc5b7ed273,1,2025-01-24T16:42:54Z,2025-01-24T13:16:57Z
b1518d66-6ffd-4d97-c034-38d8deb97544,600743b5-3b55-5f4c-da90-3fdc5b7ed273,2,2025-01-24T06:36:40Z,2025-01-24T14:21:36Z
e24bdbb3-8e48-8d0a-b45d-1b5e4d7f4996,600743b5-3b55-5f4c-da90-3fdc5b7ed273,4,2025-01-26T09:14:26Z,2025-01-26T22:33:18Z
cf6e78ae-206b-814d-c3c6-c477ffa211dd,600743b5-3b55-5f4c-da90-3fdc5b7ed273,5,2025-01-26T17:55:16Z,2025-01-26T20:34:42Z
ad11dbae-540b-0ee9-8241-54642f10f62d,600743b5-3b55-5f4c-da90-3fdc5b7ed273,6,2026-01-26T01:13:28Z,2026-01-26T01:51:50Z
0e29a8de-bd90-40ed-dd4e-863aba0b257b,2f70119c-c809-47ae-e3b4-39a44b6356d3,1,2026-07-10T05:19:14Z,2026-07-10T14:38:15Z
a32ad873-ae94-4923-2afe-3b2b703cd550,2f70119c-c809-47ae-e3b4-39a44b6356d3,2,2026-07-12T19:11:24Z,2026-07-12T06:24:00Z
fb159269-9425-9e02-f353-d9b17817e3b1,2f70119c-c809-47ae-e3b4-39a44b6356d3,4,2026-07-12T11:48:08Z,2026-07-12T17:43:21Z
27fbc771-e3a8-9f7a-fa08-c1c3f2532e1b,2f70119c-c809-47ae-e3b4-39a44b6356d3,5,2026-07-13T07:15:18Z,2026-07-13T17:54:04Z
632e2918-c167-f1ab-d8d7-80b4ebb6b592,f93063d2-66b7-b17b-e568-ed950cd85b72,1,2025-12-16T19:48:24Z,2025-12-16T18:15:36Z
52aaa3e1-bc94-4eb4-8047-a4d5db302744,f93063d2-66b7-b17b-e568-ed950cd85b72,2,2025-12-16T09:44:05Z,2025-12-16T23:56:25Z
9192a61f-5c15-e30b-721f-f92b4af0c2e5,f93063d2-66b7-b17b-e568-ed950cd85b72,4,2025-12-17T11:52:50Z,2025-12-17T05:28:18Z
41d43e40-52c3-d0d2-b696-7d9a4db417e9,f93063d2-66b7-b17b-e568-ed950cd85b72,5,2025-12-20T14:25:55Z,2025-12-20T05:12:36Z
0e79c878-3c74-c1a5-5405-f1cc63f2904c,f93063d2-66b7-b17b-e568-ed950cd85b72,6,2026-03-20T17:13:36Z,2026-03-20T05:26:17Z
5e25d0b8-6985-47e9-2749-f28bab8e2570,2ea3a4a1-9da7-d0e5-15b1-62ebcc904c3c,1,2026-07-28T10:51:03Z,2026-07-28T19:22:09Z
2f1285c8-721e-315f-6db4-2f13ae429280,2ea3a4a1-9da7-d0e5-15b1-62ebcc904c3c,2,2026-07-30T15:46:59Z,2026-07-30T13:18:00Z
bad5abd1-34e6-967c-e2f5-1120e27dc889,2ea3a4a1-9da7-d0e5-15b1-62ebcc904c3c,4,2026-08-01T05:58:14Z,2026-08-01T05:55:46Z
ab5ec40c-a45b-afc4-c527-e0e002858211,2ea3a4a1-9da7-d0e5-15b1-62ebcc904c3c,5,2026-08-02T01:26:59Z,2026-08-02T16:16:46Z
5f5ff2b3-3232-6a17-f527-0cd629441ad9,ca02c40e-334d-10a2-eb29-f87ef845a979,1,2025-10-30T00:27:21Z,2025-10-30T02:39:05Z
64a4ab94-3d24-9fa6-5fb1-a2f26ff5d043,ca02c40e-334d-10a2-eb29-f87ef845a979,2,2025-11-01T05:48:01Z,2025-11-01T00:09:47Z
5b204b1c-131a-a932-f718-f69a60986e7f,ca02c40e-334d-10a2-eb29-f87ef845a979,4,2025-11-01T08:34:03Z,2025-11-01T18:20:05Z
388cf606-a3cc-52b5-d9f7-07c6036ccdc3,ca02c40e-334d-10a2-eb29-f87ef845a979,5,2025-11-03T16:47:59Z,2025-11-03T14:30:01Z
29700396-0ec8-91a7-6436-6c52ad3d4c9b,ca02c40e-334d-10a2-eb29-f87ef845a979,6,2025-12-03T12:20:50Z,2025-12-03T19:59:23Z
20a69823-4d3e-9482-4c66-f4305ff60b08,d95ebdb5-4ffe-1fdd-3679-2c894309ff1f,1,2026-02-04T12:45:10Z,2026-02-04T17:01:33Z
4b56101f-767c-59fb-efc5-29e664c0fb08,d95ebdb5-4ffe-1fdd-3679-2c894309ff1f,2,2026-02-07T17:33:08Z,2026-02-07T02:07:11Z
5a5d81d6-0574-1b9a-6be5-8e30c12bcfa5,d95ebdb5-4ffe-1fdd-3679-2c894309ff1f,4,2026-02-09T00:03:04Z,2026-02-09T17:21:33Z
3a652265-1a30-5e62-c237-792305f8687f,d95ebdb5-4ffe-1fdd-3679-2c894309ff1f,5,2026-02-10T12:31:24Z,2026-02-10T04:09:21Z
e502c690-79a8-74c6-ba9f-d86786daa852,25efc288-89e9-553e-66da-0317f731870b,1,2025-12-27T11:47:46Z,2025-12-27T11:54:30Z
a613534c-0899-9ea0-80fc-d2f96637a693,25efc288-89e9-553e-66da-0317f731870b,2,2025-12-28T22:36:05Z,2025-12-28T04:04:29Z
687b38e3-1fde-303c-9f40-2b0a22567105,25efc288-89e9-553e-66da-0317f731870b,4,2025-12-29T05:09:56Z,2025-12-29T12:09:27Z
d2ccfeaf-1cb7-fb50-dd77-0b244de00fd8,25efc288-89e9-553e-66da-0317f731870b,5,2025-12-29T13:41:12Z,2025-12-29T04:56:39Z
48460152-dea4-b757-7f78-9ddeab9fb973,25efc288-89e9-553e-66da-0317f731870b,6,2026-06-29T23:52:11Z,2026-06-29T14:04:08Z
22c387fb-1c77-2db2-98f1-43910d664014,1445dddf-214f-edd9-fbbc-56dc63824c60,1,2025-07-01T03:51:47Z,2025-07-01T23:37:34Z
ce760835-02b7-9dbb-1198-24dcdc7386d3,1445dddf-214f-edd9-fbbc-56dc63824c60,2,2025-07-03T22:08:23Z,2025-07-03T05:43:20Z
1bf999b3-3a66-6d34-60e2-1c8d33702fe4,1445dddf-214f-edd9-fbbc-56dc63824c60,4,2025-07-04T18:03:38Z,2025-07-04T12:49:08Z
b4ca8b12-b7e1-4737-13cc-f1ff34a577a2,1445dddf-214f-edd9-fbbc-56dc63824c60,5,2025-07-05T07:03:13Z,2025-07-05T04:27:14Z
a1d8caeb-6302-c527-2412-a830dc1618a0,1445dddf-214f-edd9-fbbc-56dc63824c60,6,2026-01-05T11:00:29Z,2026-01-05T23:14:14Z
a25fcaee-2331-e217-9a71-5d8d9a1eaa3f,f212d94e-f6c4-a731-b8ab-d6d3890e1acb,1,2025-06-02T04:58:10Z,2025-06-02T10:06:32Z
ed51741a-1c09-78fd-37cb-06bfa32cd80e,f212d94e-f6c4-a731-b8ab-d6d3890e1acb,2,2025-06-05T06:44:30Z,2025-06-05T14:24:42Z
1ba43680-1d34-2088-b9b2-8f0013eeaa16,f212d94e-f6c4-a731-b8ab-d6d3890e1acb,4,2025-06-07T07:17:13Z,2025-06-07T03:05:03Z
a671e5f4-dd6e-0ed3-aba6-cd6b4342cc54,f212d94e-f6c4-a731-b8ab-d6d3890e1acb,5,2025-06-07T21:00:52Z,2025-06-07T07:07:50Z
a95ceaff-896e-03ed-27db-af836862e724,f212d94e-f6c4-a731-b8ab-d6d3890e1acb,6,2025-09-07T16:41:02Z,2025-09-07T10:58:09Z
e0653654-32e4-2281-70ba-d557a26255bb,01518bd8-3d17-8f94-ef41-857bd1e04977,1,2026-06-10T23:59:12Z,2026-06-10T15:16:28Z
511be1b7-c448-8193-d108-320c2c8dd7d2,01518bd8-3d17-8f94-ef41-857bd1e04977,2,2026-06-13T16:44:37Z,2026-06-13T11:06:50Z
ea44ed57-4ced-80d1-197d-6b18a163bed7,01518bd8-3d17-8f94-ef41-857bd1e04977,4,2026-06-13T06:33:15Z,2026-06-13T20:19:26Z
2c29e752-694f-6ae9-5c1d-65d33ccff687,01518bd8-3d17-8f94-ef41-857bd1e04977,5,2026-06-13T05:56:51Z,2026-06-13T05:26:52Z
b0d62de2-03a8-0dc8-ebf9-6a6fff7b1663,c74aac54-348c-7d66-e0e6-1c1d515f9de1,1,2026-07-11T01:48:34Z,2026-07-11T06:32:55Z
53c11035-9532-2b3a-dfb2-bcb76599e49f,c74aac54-348c-7d66-e0e6-1c1d515f9de1,2,2026-07-11T21:44:34Z,2026-07-11T10:09:30Z
2abc73f6-1dcd-60b1-78d7-c0306cfa5154,c74aac54-348c-7d66-e0e6-1c1d515f9de1,4,2026-07-12T07:56:33Z,2026-07-12T23:57:48Z
f37f2e30-5af7-2760-5b0a-b32963282608,c74aac54-348c-7d66-e0e6-1c1d515f9de1,5,2026-07-13T06:32:49Z,2026-07-13T17:24:42Z
0bbb1e01-5f39-c2be-9578-bba2e8cbda9a,891eb732-cff0-c407-3509-4b978e25f6ef,1,2026-01-05T10:05:17Z,2026-01-05T01:58:38Z
fd2766e0-ef23-0315-8ea0-2d7136ae24d4,891eb732-cff0-c407-3509-4b978e25f6ef,2,2026-01-07T14:55:01Z,2026-01-07T07:53:35Z
027c62ce-f160-a5db-5290-5523490fa5e2,891eb732-cff0-c407-3509-4b978e25f6ef,4,2026-01-09T10:31:04Z,2026-01-09T07:26:48Z
251c9a32-e37b-de38-6a4a-b615460c1c6e,891eb732-cff0-c407-3509-4b978e25f6ef,5,2026-01-12T00:05:01Z,2026-01-12T04:06:07Z
59cb6c09-8049-8db0-7ef6-272c7fef72bc,4027b093-1c8f-1f41-13ee-826c406bbf2b,1,2025-12-13T23:47:12Z,2025-12-13T18:39:13Z
a5e93780-2c50-285e-0e6d-76a0f52228a7,4027b093-1c8f-1f41-13ee-826c406bbf2b,2,2025-12-16T14:04:05Z,2025-12-16T18:54:06Z
c40bc342-e80c-0c97-c22f-a2a0101641a3,4027b093-1c8f-1f41-13ee-826c406bbf2b,4,2025-12-17T15:18:06Z,2025-12-17T08:38:18Z
70b3a1ee-2533-956e-601d-e51f1f58d877,4027b093-1c8f-1f41-13ee-826c406bbf2b,5,2025-12-20T01:38:47Z,2025-12-20T00:48:37Z
6dbce3cc-fc19-b331-ce35-c43257015562,fc80d49b-effd-6c64-9aab-eb9cd77b369f,1,2026-01-03T00:00:51Z,2026-01-03T09:09:32Z
c9f3c2a0-007c-1b9c-74e1-21f105bac90b,fc80d49b-effd-6c64-9aab-eb9cd77b369f,2,2026-01-03T13:18:58Z,2026-01-03T03:46:00Z
796e50e8-c8fe-33cd-b9b7-d73cfd0368bc,fc80d49b-effd-6c64-9aab-eb9cd77b369f,4,2026-01-04T11:20:49Z,2026-01-04T06:39:17Z
f83f6403-37a6-2773-7942-a47969604253,fc80d49b-effd-6c64-9aab-eb9cd77b369f,5,2026-01-07T19:27:23Z,2026-01-07T00:12:16Z
ef5b7f0f-c85b-0193-fc5f-88414da5beb1,0f9971a6-5635-0644-4b03-cf60ffe5f239,1,2025-07-18T12:41:18Z,2025-07-18T10:37:09Z
fdb6923a-4661-f075-d324-924ab0d077d8,0f9971a6-5635-0644-4b03-cf60ffe5f239,2,2025-07-18T01:14:32Z,2025-07-18T02:13:18Z
e1a46a14-5e23-3145-10eb-76491b782d0e,0f9971a6-5635-0644-4b03-cf60ffe5f239,4,2025-07-19T00:19:09Z,2025-07-19T22:34:12Z
d9a0c7e3-28ad-6f5c-164e-21b0e3c0a012,0f9971a6-5635-0644-4b03-cf60ffe5f239,5,2025-07-19T10:56:09Z,2025-07-19T13:40:49Z
bf87fc7c-0e27-49a4-2bed-62d421214d4f,0f9971a6-5635-0644-4b03-cf60ffe5f239,6,2025-08-19T12:47:16Z,2025-08-19T14:02:07Z
c1a6da15-ebcc-8ffc-eb09-05b6d74b6b65,acf676b2-3ea2-5642-90f3-7395a7371ea5,1,2026-07-16T18:00:48Z,2026-07-16T14:26:29Z
83fee832-9b7d-a237-debb-33a38f105044,acf676b2-3ea2-5642-90f3-7395a7371ea5,3,2026-07-19T18:30:42Z,2026-07-19T05:36:28Z
2981c6df-61a9-7a06-e37a-ee7d971bd255,60306143-5dd8-463a-d3b4-977ad1f478c4,1,2025-10-16T18:38:43Z,2025-10-16T03:43:42Z
e4f206b1-606f-028b-8e32-bfe64ddf548e,60306143-5dd8-463a-d3b4-977ad1f478c4,2,2025-10-16T03:06:48Z,2025-10-16T08:33:25Z
2bf63773-f75d-27ae-102f-75d4b877c1d7,60306143-5dd8-463a-d3b4-977ad1f478c4,4,2025-10-18T16:56:50Z,2025-10-18T13:23:59Z
0cf8cf82-957c-8376-74e7-a89a80b1d23e,60306143-5dd8-463a-d3b4-977ad1f478c4,5,2025-10-21T01:53:30Z,2025-10-21T05:02:42Z
e3df1f1b-04ba-ff27-2491-e3bb27d71c68,60306143-5dd8-463a-d3b4-977ad1f478c4,6,2026-01-21T09:06:01Z,2026-01-21T05:32:34Z
75039f33-9a95-1f3c-1204-6cd7be161148,a9bcb2ff-74ed-5122-f430-c2b1b7a24d19,1,2025-05-02T09:24:25Z,2025-05-02T18:27:21Z
5f1840cd-5bd7-d7c8-34f3-50cbe6dc299b,a9bcb2ff-74ed-5122-f430-c2b1b7a24d19,2,2025-05-02T10:06:38Z,2025-05-02T22:18:08Z
1d8dc5c1-8ffa-73c0-824d-f9ae2b36d7ed,a9bcb2ff-74ed-5122-f430-c2b1b7a24d19,4,2025-05-03T23:43:41Z,2025-05-03T02:26:54Z
3748fe60-7c29-bfc0-a790-129ae86e3a7d,a9bcb2ff-74ed-5122-f430-c2b1b7a24d19,5,2025-05-05T19:46:18Z,2025-05-05T22:14:08Z
fd6369ad-5270-24b4-2ccb-edb4d110fb2d,a9bcb2ff-74ed-5122-f430-c2b1b7a24d19,6,2026-05-05T04:50:33Z,2026-05-05T03:42:55Z
8627397c-c920-72e8-a0dd-147c9c2edc00,ff7c3c9c-1a47-1a75-7a68-eba7a3914ab2,1,2025-08-17T02:02:53Z,2025-08-17T21:36:36Z
00b03405-18cd-c877-e67f-51aed0fcdf05,ff7c3c9c-1a47-1a75-7a68-eba7a3914ab2,2,2025-08-18T14:35:30Z,2025-08-18T04:15:52Z
17f4dba0-99cf-73cc-ed24-2af540b67f8f,ff7c3c9c-1a47-1a75-7a68-eba7a3914ab2,4,2025-08-18T15:44:04Z,2025-08-18T21:16:37Z
cc91c548-c2d9-c386-e76c-c933c7a6d033,ff7c3c9c-1a47-1a75-7a68-eba7a3914ab2,5,2025-08-22T07:35:15Z,2025-08-22T20:18:42Z
04e55c66-c0f1-3cf6-af09-72028e2a5b4e,ff7c3c9c-1a47-1a75-7a68-eba7a3914ab2,6,2025-09-22T00:04:54Z,2025-09-22T05:43:39Z
90132d1b-ee39-bc21-1be6-01b58e19c397,537c9145-c0b3-91bd-6622-5e8d3c0a42ef,1,2025-12-17T14:29:09Z,2025-12-17T17:57:56Z
9fb3dc48-9829-33d0-6298-0cdf04c8dd78,537c9145-c0b3-91bd-6622-5e8d3c0a42ef,2,2025-12-19T18:33:24Z,2025-12-19T12:30:50Z
b6244d62-c157-e2b8-4270-c58b444f4127,537c9145-c0b3-91bd-6622-5e8d3c0a42ef,4,2025-12-19T01:24:05Z,2025-12-19T02:27:17Z
57cef741-39e7-e2cd-5cda-f19f66799aa2,537c9145-c0b3-91bd-6622-5e8d3c0a42ef,5,2025-12-22T08:06:27Z,2025-12-22T05:55:55Z
f1beb9e5-0da3-fc4e-3db1-07a35cdf047e,537c9145-c0b3-91bd-6622-5e8d3c0a42ef,6,2026-03-22T18:29:06Z,2026-03-22T02:43:43Z
b7471f66-8481-50ec-45f4-cc7cef6a00dc,07f021b1-b583-8561-74c6-a2a5fdf0b40e,1,2025-08-29T20:03:18Z,2025-08-29T06:10:39Z
97a14b1c-8bf4-9917-d658-70650338e362,07f021b1-b583-8561-74c6-a2a5fdf0b40e,2,2025-09-01T20:52:18Z,2025-09-01T11:56:40Z
d8609ae8-e4b0-83a7-d485-1f78e1d4741b,07f021b1-b583-8561-74c6-a2a5fdf0b40e,4,2025-09-03T02:32:08Z,2025-09-03T11:56:57Z
54a49d0f-4879-2b36-53d4-77d3b8fc3781,07f021b1-b583-8561-74c6-a2a5fdf0b40e,5,2025-09-04T13:19:19Z,2025-09-04T08:52:06Z
0cf34362-445d-0c14-0b5b-479165d9d18a,46dffc77-6bf0-1ff3-b12b-c9273f1f8375,1,2025-05-29T13:13:27Z,2025-05-29T10:02:54Z
e6121f3a-3d72-72fb-4590-47ebf9f65e6b,46dffc77-6bf0-1ff3-b12b-c9273f1f8375,2,2025-05-30T07:38:32Z,2025-05-30T21:16:14Z
a823f8f5-3645-54d8-d935-e3987ee4767c,46dffc77-6bf0-1ff3-b12b-c9273f1f8375,4,2025-05-30T18:00:39Z,2025-05-30T11:33:34Z
db950ac6-a4c1-74b9-b11e-61a2df2e75bb,46dffc77-6bf0-1ff3-b12b-c9273f1f8375,5,2025-06-03T10:00:07Z,2025-06-03T17:31:59Z
7bec4de0-f171-658c-bd3a-27eaf31489b5,46dffc77-6bf0-1ff3-b12b-c9273f1f8375,6,2025-07-03T04:57:17Z,2025-07-03T02:43:38Z
48c401bc-0b32-fa8a-ab02-2ffc8bed6b0a,c56ea0b0-b6c9-89e9-1799-fdabc0b038f3,1,2025-10-17T11:45:36Z,2025-10-17T16:40:54Z
f2b774e6-cd3d-a2d2-ebf1-4f18483592d4,c56ea0b0-b6c9-89e9-1799-fdabc0b038f3,2,2025-10-20T16:12:05Z,2025-10-20T16:53:21Z
fdc9f422-b589-dc79-6897-0f9026f5e359,c56ea0b0-b6c9-89e9-1799-fdabc0b038f3,4,2025-10-22T06:25:59Z,2025-10-22T20:57:53Z
356fc719-b7bc-d9ad-b5a2-dac226583272,04ed7774-28ba-169e-3297-dee041d66eff,1,2025-10-03T03:43:38Z,2025-10-03T22:56:19Z
47451440-4ffc-bed9-7cba-f71cae9b70d1,04ed7774-28ba-169e-3297-dee041d66eff,2,2025-10-04T10:10:39Z,2025-10-04T09:45:20Z
3533b02a-2471-646f-4998-c7b70f89360b,04ed7774-28ba-169e-3297-dee041d66eff,4,2025-10-05T22:22:23Z,2025-10-05T04:33:03Z
e058869c-7102-68a3-da15-8c97886f512d,04ed7774-28ba-169e-3297-dee041d66eff,5,2025-10-08T08:07:25Z,2025-10-08T07:40:08Z
e191310e-8afc-1cfa-92ee-315bac59774a,04ed7774-28ba-169e-3297-dee041d66eff,6,2026-04-08T04:03:13Z,2026-04-08T10:53:03Z
c17e64cb-1bba-9408-074c-3a70a6029c13,9911cf28-cea0-245e-10bb-54e4860389d4,1,2025-06-09T06:57:55Z,2025-06-09T17:58:14Z
0da88f2a-ce03-21f9-6cae-36614f79ea60,9911cf28-cea0-245e-10bb-54e4860389d4,2,2025-06-12T20:34:38Z,2025-06-12T01:15:49Z
73331ebf-7601-cf00-cfb2-51aefef14d43,9911cf28-cea0-245e-10bb-54e4860389d4,4,2025-06-13T15:26:45Z,2025-06-13T17:33:46Z
81ba05a3-0c75-dcf1-d885-280a4f09de61,9911cf28-cea0-245e-10bb-54e4860389d4,5,2025-06-16T07:13:10Z,2025-06-16T22:45:14Z
30bcd795-bc42-2a3a-0ed8-6c2ee7be2cbf,f9d0fe65-a48f-c5d4-86ab-109708848c0e,1,2025-02-14T15:37:36Z,2025-02-14T06:47:32Z
6affb288-1f5d-7344-d5f5-6e90ce454698,f9d0fe65-a48f-c5d4-86ab-109708848c0e,2,2025-02-14T16:14:15Z,2025-02-14T03:25:05Z
654ece9b-5735-e47a-6063-eec3688533ad,f9d0fe65-a48f-c5d4-86ab-109708848c0e,4,2025-02-16T19:45:56Z,2025-02-16T16:38:22Z
2e25260e-1ef5-e31a-13e1-c5dab27acd75,f9d0fe65-a48f-c5d4-86ab-109708848c0e,5,2025-02-19T20:23:16Z,2025-02-19T13:13:32Z
0ba10bad-2046-3e0d-f92f-a9b2759ab192,f9d0fe65-a48f-c5d4-86ab-109708848c0e,6,2025-05-19T16:00:44Z,2025-05-19T19:52:05Z
d8c4ae9a-d97d-2dff-d9fc-8eddbd9fcf6a,8e21c85b-be3e-081b-9a18-833e7c49ecf3,1,2026-04-21T09:12:40Z,2026-04-21T00:58:22Z
625b8e8c-1b94-4ea8-e231-caa622b97254,8e21c85b-be3e-081b-9a18-833e7c49ecf3,2,2026-04-22T00:48:43Z,2026-04-22T13:03:33Z
bfbef274-e09e-3012-d296-d8587c7d4c07,8e21c85b-be3e-081b-9a18-833e7c49ecf3,4,2026-04-24T18:44:30Z,2026-04-24T23:50:27Z
5a4c3ee7-45d4-6321-afe1-05bcbe6bb8f4,8e21c85b-be3e-081b-9a18-833e7c49ecf3,5,2026-04-24T04:34:46Z,2026-04-24T08:59:17Z
0dae4308-45dd-a22b-1c94-e2aab770ca5a,b610cacf-c34c-6bd5-df7f-beb47d44fe8a,1,2026-04-06T02:38:08Z,2026-04-06T02:22:26Z
bc77c763-4b66-eb0c-e75c-d57d873a2741,b610cacf-c34c-6bd5-df7f-beb47d44fe8a,2,2026-04-07T22:33:46Z,2026-04-07T04:59:27Z
adeef0c8-33dd-e788-6a68-697146f52a8b,b610cacf-c34c-6bd5-df7f-beb47d44fe8a,4,2026-04-07T08:12:39Z,2026-04-07T16:12:36Z
6d103846-f75d-74ac-ac83-cb718d9a3b19,b610cacf-c34c-6bd5-df7f-beb47d44fe8a,5,2026-04-08T12:54:49Z,2026-04-08T23:24:51Z
69e5a13f-1022-b28e-d2e8-4357427670d5,b610cacf-c34c-6bd5-df7f-beb47d44fe8a,6,2026-07-08T13:05:28Z,2026-07-08T20:32:22Z
55f6ae4d-d760-3cdb-7c27-b0cf4ec1e454,fd933225-d3e2-0589-2171-6238a515768c,1,2025-12-13T22:56:02Z,2025-12-13T16:42:01Z
7597a642-f237-48ec-9799-33853a137b05,fd933225-d3e2-0589-2171-6238a515768c,2,2025-12-14T15:42:05Z,2025-12-14T07:00:53Z
535e8ee2-bfe3-d019-c69c-6ee067f10960,fd933225-d3e2-0589-2171-6238a515768c,4,2025-12-16T10:22:43Z,2025-12-16T23:00:48Z
949b13a1-5943-7c1c-2cec-0dff079735d4,fd933225-d3e2-0589-2171-6238a515768c,5,2025-12-18T05:23:52Z,2025-12-18T06:32:00Z
7ab37d30-0e0d-6109-b8ce-ef364b4247d7,fd933225-d3e2-0589-2171-6238a515768c,6,2026-01-18T23:29:08Z,2026-01-18T14:39:10Z
636cbea3-6ee3-3a5f-7213-8b5f66a0dbc7,f1149ad7-ed27-862b-dffc-7bcc6b28ddca,1,2025-07-26T08:59:02Z,2025-07-26T05:09:51Z
fdc96874-c091-b391-4e48-13b32c11a0e8,f1149ad7-ed27-862b-dffc-7bcc6b28ddca,2,2025-07-27T16:20:03Z,2025-07-27T15:29:32Z
ea22d787-64c1-cb6f-2a0c-e0c4a19f0c54,f1149ad7-ed27-862b-dffc-7bcc6b28ddca,4,2025-07-27T23:36:07Z,2025-07-27T01:50:25Z
e6bdd23a-c4e6-27cb-28a7-0db3ff142210,f1149ad7-ed27-862b-dffc-7bcc6b28ddca,5,2025-07-29T20:58:31Z,2025-07-29T04:05:36Z
df39099a-931c-6dc8-825d-1d72a0b6b6f8,f1149ad7-ed27-862b-dffc-7bcc6b28ddca,7,2025-12-17T09:48:15Z,2025-12-17T06:51:02Z
041bbb0e-4f85-0d1d-97ec-c2348472b38e,e8d4c6cf-c846-e709-d6ed-d8355862162d,1,2025-09-13T04:14:47Z,2025-09-13T15:46:22Z
1a7a5a70-5d5d-cd91-6948-3166b73b17a9,e8d4c6cf-c846-e709-d6ed-d8355862162d,2,2025-09-16T05:13:54Z,2025-09-16T10:11:07Z
b607552e-a453-01d6-9e4a-e0de54b69ece,e8d4c6cf-c846-e709-d6ed-d8355862162d,4,2025-09-16T19:21:15Z,2025-09-16T13:47:05Z
d093ca79-5ec0-1104-64e9-bc7e126f1818,e8d4c6cf-c846-e709-d6ed-d8355862162d,5,2025-09-19T17:58:49Z,2025-09-19T13:46:37Z
05ba8ec4-1dcc-b7da-a963-a4dbd3216636,e8d4c6cf-c846-e709-d6ed-d8355862162d,6,2025-10-19T15:09:42Z,2025-10-19T07:44:03Z
59c955e0-32e2-d890-e395-e3a25c824875,529bfc8d-bd28-72f6-1eb7-a2a4b5e2c961,1,2026-01-26T19:48:59Z,2026-01-26T22:09:08Z
f88d7351-ce0f-756d-5dc3-4b0eb1d103cb,529bfc8d-bd28-72f6-1eb7-a2a4b5e2c961,2,2026-01-29T03:07:51Z,2026-01-29T18:28:20Z
0e37d9d0-02cc-b570-61dd-42f1527cfc5a,529bfc8d-bd28-72f6-1eb7-a2a4b5e2c961,4,2026-01-31T01:02:01Z,2026-01-31T00:16:58Z
9500d4c0-b1f4-4b17-65e5-3c11c270fcb3,529bfc8d-bd28-72f6-1eb7-a2a4b5e2c961,5,2026-02-01T18:20:25Z,2026-02-01T10:49:51Z
925968c1-02e0-8ee4-406e-9a8f7933ecd4,f8ebf336-5888-4567-38be-b6b3e971d13d,1,2025-12-03T20:54:29Z,2025-12-03T20:16:35Z
50d21d25-4777-bdfe-8a6c-bbc64fd25c4a,f8ebf336-5888-4567-38be-b6b3e971d13d,2,2025-12-06T23:26:31Z,2025-12-06T10:10:39Z
0623b977-cebe-c03b-7d0e-2a261a0b462a,f8ebf336-5888-4567-38be-b6b3e971d13d,4,2025-12-07T12:37:24Z,2025-12-07T00:59:41Z
1a7065ca-489e-1dd6-bbdd-46773fef148e,f8ebf336-5888-4567-38be-b6b3e971d13d,5,2025-12-09T02:03:47Z,2025-12-09T15:28:45Z
cc366b8f-9c05-220f-a2dc-6f44bf4794eb,f8ebf336-5888-4567-38be-b6b3e971d13d,6,2026-01-09T22:25:20Z,2026-01-09T13:01:12Z
64fd40c1-bdc7-8a23-3ba3-72404963dcdb,2b4a1ea5-8772-2dc6-4fc2-e33219e12f86,1,2025-08-24T00:39:15Z,2025-08-24T06:05:30Z
2b586842-3bfd-c89d-b39b-ddbda0906ddd,2b4a1ea5-8772-2dc6-4fc2-e33219e12f86,2,2025-08-24T03:32:07Z,2025-08-24T15:08:20Z
72b654de-7237-e75f-59ed-9fec4fad68d5,2b4a1ea5-8772-2dc6-4fc2-e33219e12f86,4,2025-08-24T09:30:31Z,2025-08-24T09:16:57Z
ecded418-1ce6-b4a7-ec63-c158c715bd86,2b4a1ea5-8772-2dc6-4fc2-e33219e12f86,5,2025-08-28T16:45:03Z,2025-08-28T02:30:59Z
bfe52edd-bc8b-f4eb-4a13-237c1624f9ce,2b4a1ea5-8772-2dc6-4fc2-e33219e12f86,6,2025-09-28T17:45:19Z,2025-09-28T15:55:55Z
1fc9ba3a-247c-46c7-0102-4421291e74b9,46abff09-b66e-14aa-ec65-1d5bdb48f52e,1,2025-03-21T18:09:10Z,2025-03-21T10:24:06Z
8c272fbd-4b5d-a76e-8ed9-fedb9c1912ee,46abff09-b66e-14aa-ec65-1d5bdb48f52e,2,2025-03-21T12:36:13Z,2025-03-21T23:18:27Z
49efbd6e-411e-2c9b-d8f1-99a6dd99d278,46abff09-b66e-14aa-ec65-1d5bdb48f52e,4,2025-03-21T20:13:05Z,2025-03-21T16:57:02Z
1e93b3cd-41a5-6105-6adb-972875d3afb1,46abff09-b66e-14aa-ec65-1d5bdb48f52e,5,2025-03-22T17:52:22Z,2025-03-22T00:46:09Z
5a84f4d1-475f-6729-0104-d4da887b6582,46abff09-b66e-14aa-ec65-1d5bdb48f52e,6,2025-04-22T01:25:50Z,2025-04-22T06:01:40Z
704d87cd-09f8-8672-9274-e3d744fe6f12,584abd55-e575-b5d6-a10f-ffe60a76e21b,1,2026-01-01T16:23:02Z,2026-01-01T18:51:43Z
71f5f25f-6d68-f5f9-e909-a26ce13ccef6,584abd55-e575-b5d6-a10f-ffe60a76e21b,2,2026-01-01T09:15:43Z,2026-01-01T02:54:55Z
54cc99c4-ec52-e9b2-9509-fb1452882c01,584abd55-e575-b5d6-a10f-ffe60a76e21b,4,2026-01-01T13:17:08Z,2026-01-01T19:33:17Z
99cd764a-5ea2-ff72-50fd-898239574df7,584abd55-e575-b5d6-a10f-ffe60a76e21b,5,2026-01-02T16:40:39Z,2026-01-02T08:19:19Z
f9c07c85-a532-2e01-4935-cca37728cfe3,584abd55-e575-b5d6-a10f-ffe60a76e21b,6,2026-02-02T01:24:36Z,2026-02-02T09:52:57Z
9b01b2be-d4eb-a0e6-7a07-7f7450acf96a,281c1541-65c7-541b-2157-562e7ae28307,1,2025-02-17T10:04:29Z,2025-02-17T15:19:31Z
d02e6405-fe6a-cf4c-9b6a-5a887f5ab3cb,281c1541-65c7-541b-2157-562e7ae28307,2,2025-02-17T00:51:44Z,2025-02-17T19:43:28Z
9b8b6d00-ccdc-58e0-6fc6-f7bcea49a4d8,281c1541-65c7-541b-2157-562e7ae28307,4,2025-02-18T07:52:10Z,2025-02-18T21:45:50Z
794c86e4-8bdb-100d-64c8-624ace60e47a,281c1541-65c7-541b-2157-562e7ae28307,5,2025-02-20T06:53:47Z,2025-02-20T06:26:45Z
db6390fa-f1eb-f7ab-0444-a0b2ccdf3648,281c1541-65c7-541b-2157-562e7ae28307,7,2025-09-03T05:38:52Z,2025-09-03T21:08:33Z
eb55e681-29c5-d991-539b-43c3bdcafc20,af19bbbd-5326-8fc6-fc2c-63413fdf98be,1,2025-06-13T22:51:50Z,2025-06-13T19:00:47Z
a6d93082-6ef5-c3c5-612a-8f71138908e3,af19bbbd-5326-8fc6-fc2c-63413fdf98be,2,2025-06-16T17:23:54Z,2025-06-16T02:40:11Z
d82957ca-226f-0bfa-68de-31e0b795d736,af19bbbd-5326-8fc6-fc2c-63413fdf98be,4,2025-06-17T16:06:18Z,2025-06-17T06:38:07Z
5089c261-aadb-c1eb-295f-6d1381f015e4,af19bbbd-5326-8fc6-fc2c-63413fdf98be,5,2025-06-18T09:29:06Z,2025-06-18T15:49:32Z
fe3dfcd3-6d3c-70c6-d273-c8a80560c933,af19bbbd-5326-8fc6-fc2c-63413fdf98be,6,2025-07-18T09:42:09Z,2025-07-18T20:26:51Z
20ef3a14-1e89-9eb5-d6d8-97506b0120a2,5be3c7f1-b683-4d45-fc7a-135bddf23d30,1,2025-11-11T22:27:24Z,2025-11-11T13:39:24Z
c38a2e3c-e424-aefe-6cf1-c76910d9d6c5,5be3c7f1-b683-4d45-fc7a-135bddf23d30,2,2025-11-13T01:25:05Z,2025-11-13T14:45:40Z
e565ce90-5e6b-7cd7-55c2-c605298ef48b,5be3c7f1-b683-4d45-fc7a-135bddf23d30,4,2025-11-13T19:49:00Z,2025-11-13T09:05:57Z
5a0c6c5c-7c1f-d057-f18a-0725ea88c583,5be3c7f1-b683-4d45-fc7a-135bddf23d30,5,2025-11-14T19:08:43Z,2025-11-14T08:05:31Z
1b707389-8a2d-38b2-6816-3fe03101da18,6de23a07-d6f2-19d3-d13a-d3736b0fc4e8,1,2025-04-06T13:58:10Z,2025-04-06T14:09:05Z
87ae4457-6d7e-990e-071f-72d77fcfc096,6de23a07-d6f2-19d3-d13a-d3736b0fc4e8,2,2025-04-09T19:00:16Z,2025-04-09T18:30:47Z
6484cfe7-d747-8f72-9311-0afc7d37a78e,6de23a07-d6f2-19d3-d13a-d3736b0fc4e8,4,2025-04-10T17:30:54Z,2025-04-10T07:57:50Z
aa7dc0c1-1521-ad57-355a-7231951e31b0,6de23a07-d6f2-19d3-d13a-d3736b0fc4e8,5,2025-04-14T08:15:02Z,2025-04-14T09:05:27Z
be8cc970-ffcb-5d1f-493d-c61d30a73fa2,6de23a07-d6f2-19d3-d13a-d3736b0fc4e8,6,2025-07-14T08:52:38Z,2025-07-14T23:14:49Z
5f0c9f8d-e63b-037a-5060-90204799d1aa,c2541af1-3fbe-80ff-884b-46fbe48359c5,1,2026-01-11T11:50:19Z,2026-01-11T10:25:25Z
ffda884e-dcf4-55e3-12dd-107b6610db4d,c2541af1-3fbe-80ff-884b-46fbe48359c5,2,2026-01-14T23:31:58Z,2026-01-14T07:47:58Z
625a963b-6d2d-4962-e140-856955b16218,c2541af1-3fbe-80ff-884b-46fbe48359c5,4,2026-01-15T06:19:30Z,2026-01-15T16:23:17Z
9179eaee-f525-cd86-abfd-a2a57d846252,c2541af1-3fbe-80ff-884b-46fbe48359c5,5,2026-01-19T14:21:10Z,2026-01-19T11:18:52Z
510529f2-a052-c3b6-9549-22af3cd9c33c,fbf74d81-ab2d-fb69-278d-8300c9eccb8c,1,2025-11-16T06:56:55Z,2025-11-16T19:44:17Z
d7af0b29-d138-b125-cf4e-97107368a4f9,fbf74d81-ab2d-fb69-278d-8300c9eccb8c,2,2025-11-17T13:33:44Z,2025-11-17T12:38:58Z
5f779458-79e5-707b-a679-686e41ea4a3d,fbf74d81-ab2d-fb69-278d-8300c9eccb8c,4,2025-11-18T08:36:10Z,2025-11-18T15:32:02Z
d9445836-bbcb-df72-f929-95001b5361e9,fbf74d81-ab2d-fb69-278d-8300c9eccb8c,5,2025-11-19T15:32:39Z,2025-11-19T16:07:20Z
1a05cfb1-1680-2b4a-0f03-c580f22e2021,fbf74d81-ab2d-fb69-278d-8300c9eccb8c,6,2025-12-19T22:50:07Z,2025-12-19T15:17:17Z
f025fa6f-f824-734f-cba7-b8752b750d02,d9a52f31-21fb-de4e-ae2a-7017c33dc887,1,2026-05-05T00:16:32Z,2026-05-05T07:51:13Z
42a21cd2-2413-ee2f-a88b-289bc97bb514,d9a52f31-21fb-de4e-ae2a-7017c33dc887,2,2026-05-05T06:14:16Z,2026-05-05T00:02:43Z
927e0c02-a741-5299-81cd-5a706b9e94a5,d9a52f31-21fb-de4e-ae2a-7017c33dc887,4,2026-05-06T21:51:28Z,2026-05-06T21:13:51Z
220e290a-2984-75e7-5430-f2467c31735d,d9a52f31-21fb-de4e-ae2a-7017c33dc887,5,2026-05-09T16:39:44Z,2026-05-09T01:18:32Z
6c8335f2-246a-c676-e989-2f61574363f2,d9a52f31-21fb-de4e-ae2a-7017c33dc887,6,2026-06-09T16:58:13Z,2026-06-09T03:20:15Z
45589983-f345-1947-0274-ff311ec7ae13,2a77b0e6-e63d-25bb-9d78-f379b4d62abd,1,2025-09-17T02:11:48Z,2025-09-17T05:41:08Z
7c78466a-f036-5969-737e-9920202b36fe,2a77b0e6-e63d-25bb-9d78-f379b4d62abd,2,2025-09-17T16:05:43Z,2025-09-17T23:59:35Z
25015fcb-d15d-6c63-0b55-9cfeddc5300b,2a77b0e6-e63d-25bb-9d78-f379b4d62abd,4,2025-09-17T22:39:33Z,2025-09-17T09:51:21Z
27f1ae87-1389-800d-c633-f3cb959c3279,2a77b0e6-e63d-25bb-9d78-f379b4d62abd,5,2025-09-21T15:06:01Z,2025-09-21T08:50:31Z
a4ddb55c-870a-8b3e-1849-dde301dc9704,2a77b0e6-e63d-25bb-9d78-f379b4d62abd,6,2025-10-21T12:05:15Z,2025-10-21T20:48:19Z
46ef3f7d-421d-0de3-d6c4-8249891cbece,f199bca1-d899-9948-b0e0-a13e3028cfb2,1,2026-06-17T14:33:28Z,2026-06-17T15:45:46Z
c4f719b2-52e5-7246-0430-b4e557af1db7,f199bca1-d899-9948-b0e0-a13e3028cfb2,2,2026-06-17T09:59:35Z,2026-06-17T07:08:21Z
ee584295-bb4f-0c50-d469-5bc248466622,f199bca1-d899-9948-b0e0-a13e3028cfb2,4,2026-06-18T03:33:23Z,2026-06-18T11:45:28Z
bcb49b3b-8ce2-a96b-85ce-eae7213a74ef,f199bca1-d899-9948-b0e0-a13e3028cfb2,5,2026-06-21T07:53:23Z,2026-06-21T02:29:05Z
13295e84-0e66-c537-5fa6-761c9b687083,b087bca0-a62e-dd24-f5be-eddc1a43723e,1,2025-06-27T03:02:21Z,2025-06-27T00:19:27Z
1591d0dc-97d1-f5a1-c3f5-758f79d3534b,b087bca0-a62e-dd24-f5be-eddc1a43723e,2,2025-06-29T14:49:30Z,2025-06-29T17:00:55Z
da0079fc-f86c-49c1-96ac-fff22737e2e3,b087bca0-a62e-dd24-f5be-eddc1a43723e,4,2025-07-01T20:22:08Z,2025-07-01T20:23:44Z
5062292b-9150-18f7-cd83-9ee962e47962,b087bca0-a62e-dd24-f5be-eddc1a43723e,5,2025-07-05T19:36:50Z,2025-07-05T14:42:07Z
83748a99-c163-df16-a8c5-20376f507345,b087bca0-a62e-dd24-f5be-eddc1a43723e,6,2025-08-05T14:27:30Z,2025-08-05T02:10:41Z
50a45e0a-3539-b0aa-95c6-14ac83755454,6277220e-ab2d-85db-3f92-aa523e48451e,1,2026-07-15T22:22:48Z,2026-07-15T02:08:54Z
f3f64e02-fb96-d2a8-84ca-490c179d5c84,6277220e-ab2d-85db-3f92-aa523e48451e,2,2026-07-18T00:20:23Z,2026-07-18T08:55:07Z
97cda98c-b4bc-d7bf-6895-0cc63e9aee99,6277220e-ab2d-85db-3f92-aa523e48451e,4,2026-07-19T12:01:03Z,2026-07-19T14:48:24Z
75c4d7c3-84db-b8c8-fc54-117c3cc8035a,6277220e-ab2d-85db-3f92-aa523e48451e,5,2026-07-22T22:46:27Z,2026-07-22T12:44:50Z
55e3dc97-46c5-0d08-d3e7-b604efd5fc02,c6650bff-36ed-32af-9980-4a809e4b955f,1,2025-09-21T05:14:00Z,2025-09-21T09:57:08Z
5e22effb-216d-83cf-e2bd-294198573a9a,c6650bff-36ed-32af-9980-4a809e4b955f,2,2025-09-21T02:58:50Z,2025-09-21T01:03:44Z
0a09992f-4fa9-e0e4-5bf7-a88b611a9f20,c6650bff-36ed-32af-9980-4a809e4b955f,4,2025-09-23T18:56:55Z,2025-09-23T00:10:29Z
7be094cf-6480-87c6-1b5e-fb5b80bbfc58,c6650bff-36ed-32af-9980-4a809e4b955f,5,2025-09-24T17:33:31Z,2025-09-24T08:11:45Z
9992bba5-7c69-0abc-6bc7-5a25fddff53c,c6650bff-36ed-32af-9980-4a809e4b955f,6,2025-12-24T19:58:47Z,2025-12-24T15:45:53Z
e0a54ee3-9a4a-1c7c-f960-5887a285a9ed,e0b08a09-b078-e12a-9dba-f01104690d7a,1,2025-01-15T17:13:03Z,2025-01-15T10:20:09Z
a51a3b0c-32fa-2dbd-46bd-b9ca2fa2a7f1,e0b08a09-b078-e12a-9dba-f01104690d7a,2,2025-01-17T16:40:01Z,2025-01-17T01:46:59Z
39c3f9f9-d22e-dc71-636f-edb79fe78359,e0b08a09-b078-e12a-9dba-f01104690d7a,4,2025-01-18T05:59:02Z,2025-01-18T06:31:59Z
8fa70d8f-0955-fb8d-275f-94fa8f840fe0,e0b08a09-b078-e12a-9dba-f01104690d7a,5,2025-01-21T23:41:45Z,2025-01-21T07:10:18Z
491b5006-f688-2bfb-e3bd-cd5f4caa20d3,e0b08a09-b078-e12a-9dba-f01104690d7a,6,2025-04-21T11:04:14Z,2025-04-21T13:22:29Z
3451aac3-ed3c-1ffb-d828-c272eeb51009,50e3b32f-0427-0b5f-14dd-99c98121e3b8,1,2026-05-03T03:50:00Z,2026-05-03T12:20:48Z
f31f95da-e040-8041-913d-7efab525b951,50e3b32f-0427-0b5f-14dd-99c98121e3b8,2,2026-05-04T15:13:23Z,2026-05-04T00:47:00Z
15241939-4b78-c5a5-aadb-a5d778aab493,50e3b32f-0427-0b5f-14dd-99c98121e3b8,8,2026-05-09T03:54:31Z,2026-05-09T02:09:40Z
50540b58-4b5f-d39e-ab49-4c853faf5ee0,67786098-c2af-6e0b-b5f5-c5a31e355d62,1,2025-08-29T22:25:30Z,2025-08-29T23:47:23Z
28a5f0e2-c78b-43b1-f983-054dcd301df8,67786098-c2af-6e0b-b5f5-c5a31e355d62,2,2025-08-30T09:20:20Z,2025-08-30T07:17:28Z
83c3f992-29be-50e8-a7f5-cb85b516149d,67786098-c2af-6e0b-b5f5-c5a31e355d62,4,2025-08-30T17:42:56Z,2025-08-30T22:45:33Z
a84e7ead-ed91-4a73-8d4e-83b119553127,67786098-c2af-6e0b-b5f5-c5a31e355d62,5,2025-08-30T02:02:51Z,2025-08-30T22:37:23Z
f5f801b4-535e-63a2-c91a-20ab35adf9e1,67786098-c2af-6e0b-b5f5-c5a31e355d62,6,2025-11-30T10:35:37Z,2025-11-30T13:35:56Z
61c629b3-2e72-750d-0860-ade981642eb0,4b34af89-c4a3-1a56-4141-10fcf238c606,1,2025-07-13T20:44:07Z,2025-07-13T02:08:18Z
2613b7fd-4161-a5cd-26c4-16838968908a,4b34af89-c4a3-1a56-4141-10fcf238c606,2,2025-07-14T22:44:28Z,2025-07-14T19:59:29Z
68b9bccf-f819-c71b-b9b7-a3923a851aa8,4b34af89-c4a3-1a56-4141-10fcf238c606,4,2025-07-14T09:01:41Z,2025-07-14T05:58:39Z
642d3726-8e15-1f8d-70c8-d173f6f93902,4b34af89-c4a3-1a56-4141-10fcf238c606,5,2025-07-14T06:15:15Z,2025-07-14T15:07:55Z
3df19ce3-ffda-79e7-dd48-7892e29804d9,4b34af89-c4a3-1a56-4141-10fcf238c606,6,2026-01-14T11:19:11Z,2026-01-14T03:25:37Z
dea8a659-b946-4a5e-b8e9-511c205ff317,0b1653af-8ea1-b03c-9bdf-a5d2b5eb875f,1,2026-02-04T09:07:18Z,2026-02-04T00:06:57Z
6531277a-ae41-5643-6920-d9a96d1b6652,0b1653af-8ea1-b03c-9bdf-a5d2b5eb875f,2,2026-02-07T02:17:07Z,2026-02-07T01:16:00Z
bcdabae7-935a-eea0-319d-b3da5e279050,0b1653af-8ea1-b03c-9bdf-a5d2b5eb875f,4,2026-02-09T03:15:45Z,2026-02-09T13:19:36Z
2bf13a01-920e-b4a9-fe64-5f6abbcd4cd9,0b1653af-8ea1-b03c-9bdf-a5d2b5eb875f,5,2026-02-13T10:57:44Z,2026-02-13T13:51:19Z
e65b33d2-573d-6e47-76be-22861d39b9a8,0b1653af-8ea1-b03c-9bdf-a5d2b5eb875f,6,2026-03-13T18:26:17Z,2026-03-13T03:08:07Z
1539f340-9a27-53ca-7ee1-c0aa16dc3a8e,e02f2589-097e-bfe2-7e55-a4f5cc0d3dfb,1,2025-01-28T10:38:37Z,2025-01-28T07:44:33Z
04f43546-60f9-2ef5-73b5-a57c120d7cbc,e02f2589-097e-bfe2-7e55-a4f5cc0d3dfb,2,2025-01-29T14:32:11Z,2025-01-29T11:54:48Z
033caed3-c45e-1a78-8eab-2a8683a40876,e02f2589-097e-bfe2-7e55-a4f5cc0d3dfb,4,2025-01-30T21:25:08Z,2025-01-30T10:13:53Z
e04f93aa-3778-05d4-d4b4-3f0a56eb19f7,e02f2589-097e-bfe2-7e55-a4f5cc0d3dfb,5,2025-02-01T16:22:14Z,2025-02-01T16:55:05Z
d4e78ce6-ec0a-4dfb-fb43-0261b2f880e8,e02f2589-097e-bfe2-7e55-a4f5cc0d3dfb,6,2025-05-01T19:37:30Z,2025-05-01T11:54:38Z
e27d574b-8e19-79c2-aa13-e5bad575b973,b9fbe814-a996-877f-e9ff-30e3262b1220,1,2025-09-01T03:56:53Z,2025-09-01T17:28:09Z
8537cc89-06ba-c280-d305-6a4f9373ea92,b9fbe814-a996-877f-e9ff-30e3262b1220,2,2025-09-04T13:37:45Z,2025-09-04T15:32:32Z
8c463414-c5fa-9ba9-6c3c-775d93501337,b9fbe814-a996-877f-e9ff-30e3262b1220,4,2025-09-05T20:44:16Z,2025-09-05T09:25:53Z
1780675d-b75f-9325-9cad-107d4109f5cc,b9fbe814-a996-877f-e9ff-30e3262b1220,5,2025-09-05T04:32:18Z,2025-09-05T18:21:17Z
6c9b3ea8-7f8a-8f6d-aad5-78de16a12e00,b9fbe814-a996-877f-e9ff-30e3262b1220,6,2026-03-05T08:31:19Z,2026-03-05T22:41:56Z
dfa7ab87-20f6-52e6-d5a6-4d4469186c72,9a0b175f-a7d8-951b-ad3b-4b7fb108cc6a,1,2025-06-10T15:45:52Z,2025-06-10T07:59:13Z
6fe57cfa-55c9-71ff-083a-d39f0a1e1840,9a0b175f-a7d8-951b-ad3b-4b7fb108cc6a,2,2025-06-10T23:30:53Z,2025-06-10T03:36:19Z
24f87ce1-470e-6702-b43a-79178c5395e5,9a0b175f-a7d8-951b-ad3b-4b7fb108cc6a,4,2025-06-11T03:44:45Z,2025-06-11T01:59:03Z
d1662314-cfdd-63cd-8bdd-db2fcced1309,9a0b175f-a7d8-951b-ad3b-4b7fb108cc6a,5,2025-06-14T10:01:07Z,2025-06-14T18:50:20Z
0d040993-f7ee-977b-f044-98f93888fbbb,9a0b175f-a7d8-951b-ad3b-4b7fb108cc6a,6,2025-09-14T22:42:58Z,2025-09-14T10:18:10Z
751376aa-f875-e77b-3a87-189535dcf1f3,9defb589-565a-90d6-0f15-492300c9d799,1,2025-01-24T08:44:59Z,2025-01-24T07:47:16Z
78b4ed4f-c579-314f-e300-7b952acc31c6,9defb589-565a-90d6-0f15-492300c9d799,2,2025-01-26T19:08:34Z,2025-01-26T18:19:15Z
443fb1bc-b7c4-2834-c449-27d4b5e01b23,9defb589-565a-90d6-0f15-492300c9d799,4,2025-01-27T00:51:36Z,2025-01-27T03:44:44Z
a088e9d8-425d-8256-11ac-44ce66fbf615,9defb589-565a-90d6-0f15-492300c9d799,5,2025-01-28T07:40:15Z,2025-01-28T09:59:53Z
961a9a55-5fe9-f0d5-7d73-e5432eed1902,9defb589-565a-90d6-0f15-492300c9d799,7,2025-11-04T23:12:02Z,2025-11-04T01:28:24Z
2d482746-da9e-d833-be84-514ffce2de9c,839b3710-b73c-f827-c08c-ae71dea950a8,1,2026-03-10T10:22:50Z,2026-03-10T00:06:25Z
89a9b476-ec6a-334e-42c1-f04758f21b43,839b3710-b73c-f827-c08c-ae71dea950a8,2,2026-03-11T18:18:24Z,2026-03-11T11:31:20Z
6b72dc93-82d4-61d5-3dfa-a29398641c9d,839b3710-b73c-f827-c08c-ae71dea950a8,4,2026-03-12T15:52:32Z,2026-03-12T07:29:02Z
47aa5d82-98cf-a9d1-8d80-3e259cb938ee,839b3710-b73c-f827-c08c-ae71dea950a8,5,2026-03-13T00:33:45Z,2026-03-13T18:51:52Z
f779880b-8de5-d8a2-a40a-ed73688c209a,839b3710-b73c-f827-c08c-ae71dea950a8,7,2026-07-16T20:01:47Z,2026-07-16T06:18:16Z
990059f9-61c2-9091-8862-2867e5e53cf1,15ca2e58-7ed1-8890-5bcf-4ed0bd23a6d0,1,2026-03-22T12:43:28Z,2026-03-22T06:28:16Z
d76ea9f5-034a-0019-ed11-9ddc9e85484e,15ca2e58-7ed1-8890-5bcf-4ed0bd23a6d0,2,2026-03-25T07:58:23Z,2026-03-25T04:17:23Z
c5fe28f4-d72f-02f2-95f1-149e0afc7e9b,15ca2e58-7ed1-8890-5bcf-4ed0bd23a6d0,4,2026-03-26T00:39:56Z,2026-03-26T21:18:47Z
158f7122-1729-e719-52f1-86be26044257,15ca2e58-7ed1-8890-5bcf-4ed0bd23a6d0,5,2026-03-27T19:17:51Z,2026-03-27T05:06:28Z
98ad13b5-5056-266b-307c-7c61d6e05cd3,4247bc0c-2eeb-693b-01a8-92f1234766c4,1,2025-05-10T13:32:32Z,2025-05-10T00:16:50Z
d13df855-b8a1-3f36-5a7d-255dd32be928,4247bc0c-2eeb-693b-01a8-92f1234766c4,3,2025-05-11T09:37:40Z,2025-05-11T21:04:04Z
785d6469-94bf-0e7d-6a99-f4e2a09e2a70,64cc27dd-3062-aa8d-52be-bb73ac871493,1,2026-07-31T13:45:41Z,2026-07-31T03:08:17Z
872b6c11-25cc-600c-74e0-be66aedd18bf,64cc27dd-3062-aa8d-52be-bb73ac871493,2,2026-08-02T21:44:17Z,2026-08-02T11:04:34Z
8cf09786-1789-f4a4-13d7-39c44ac02adb,64cc27dd-3062-aa8d-52be-bb73ac871493,4,2026-08-04T06:25:59Z,2026-08-04T01:34:44Z
d9604b19-f2b5-482e-9c8b-9e18543cc076,64cc27dd-3062-aa8d-52be-bb73ac871493,5,2026-08-06T03:23:33Z,2026-08-06T01:17:40Z
98225de6-a4d3-69ed-46db-8e938668b321,6bd447d4-5366-5159-df78-4d46b8abd7eb,1,2026-01-06T09:51:45Z,2026-01-06T13:16:52Z
d676ef0b-8d6f-cc00-4bf9-6e40ef99be33,6bd447d4-5366-5159-df78-4d46b8abd7eb,3,2026-01-09T22:28:04Z,2026-01-09T01:42:27Z
0958c3e9-095f-9d6b-d5fb-38c5589aec4e,20fd30b3-5bd4-3495-b2fa-7c5670f5d912,1,2025-07-12T05:25:56Z,2025-07-12T20:53:46Z
62567c25-e01a-98fc-21aa-882889e578e5,20fd30b3-5bd4-3495-b2fa-7c5670f5d912,2,2025-07-15T02:40:40Z,2025-07-15T06:45:24Z
af8a5a8e-429f-a788-ece7-768e84c470e9,20fd30b3-5bd4-3495-b2fa-7c5670f5d912,4,2025-07-17T01:59:50Z,2025-07-17T22:03:54Z
1dce657a-1938-6f55-e602-f22c6de97332,20fd30b3-5bd4-3495-b2fa-7c5670f5d912,5,2025-07-18T11:45:03Z,2025-07-18T04:49:02Z
03c8af96-eef2-b15f-0ac2-990d284bf301,69ad557b-b208-631b-8775-2e5c4322ab0d,1,2025-12-04T17:53:30Z,2025-12-04T19:17:22Z
2bf48c5a-c5c5-10ff-bbbe-193488dc21d0,69ad557b-b208-631b-8775-2e5c4322ab0d,2,2025-12-06T02:19:30Z,2025-12-06T05:55:48Z
098cb1dd-b52e-4894-44f5-f04ed6bc0902,69ad557b-b208-631b-8775-2e5c4322ab0d,4,2025-12-06T13:02:04Z,2025-12-06T07:54:22Z
40d70889-113e-dbe4-c9b1-12bed1ad1e59,69ad557b-b208-631b-8775-2e5c4322ab0d,5,2025-12-07T13:13:24Z,2025-12-07T17:01:46Z
acfe3d5d-415c-1f9a-97c1-22a17dc91373,aa62105c-b25b-b824-8f73-2e835e662964,1,2026-07-20T10:01:29Z,2026-07-20T06:36:35Z
5a788b37-af2d-b7c9-fcf1-956aed6276ea,aa62105c-b25b-b824-8f73-2e835e662964,2,2026-07-20T20:40:42Z,2026-07-20T21:56:44Z
7330ab6f-fd0a-b1b4-d8db-5b2df91b729b,aa62105c-b25b-b824-8f73-2e835e662964,4,2026-07-22T11:51:35Z,2026-07-22T00:48:58Z
13d99599-9334-f8e5-1356-a125cdbd94b7,aa62105c-b25b-b824-8f73-2e835e662964,5,2026-07-24T15:49:46Z,2026-07-24T05:27:45Z
6e2d0c2f-1553-0958-d9cd-2b1bc47d1403,d40bbfa0-5f90-44bd-35eb-f15a69b2dac0,1,2026-05-17T15:37:31Z,2026-05-17T01:42:51Z
959df2ff-c15d-09ea-241d-03e31e0474e2,d40bbfa0-5f90-44bd-35eb-f15a69b2dac0,2,2026-05-17T16:58:07Z,2026-05-17T03:53:27Z
b186608b-014d-73f9-0a0e-6f4a1c2baf47,d40bbfa0-5f90-44bd-35eb-f15a69b2dac0,4,2026-05-19T13:21:47Z,2026-05-19T04:56:00Z
6090b156-5cdc-ecfd-8033-8573e9e28712,d40bbfa0-5f90-44bd-35eb-f15a69b2dac0,5,2026-05-19T00:51:22Z,2026-05-19T07:26:05Z
af960e02-d40d-940b-8934-5617d41867f0,af740f99-4f1b-aa04-731e-d3bd61854119,1,2026-03-06T18:51:54Z,2026-03-06T10:51:55Z
b7720de3-5289-9eae-7f84-4e941069a510,af740f99-4f1b-aa04-731e-d3bd61854119,2,2026-03-08T12:08:50Z,2026-03-08T13:35:41Z
1fba3255-e35e-261b-0d4b-fb883b248f97,af740f99-4f1b-aa04-731e-d3bd61854119,4,2026-03-08T13:33:48Z,2026-03-08T00:26:43Z
9b8ee226-44f9-099b-4a03-bc56372bcce8,af740f99-4f1b-aa04-731e-d3bd61854119,5,2026-03-09T00:26:51Z,2026-03-09T08:58:53Z
6632a5c7-bae9-c53c-c29a-35fbf6d5d011,af740f99-4f1b-aa04-731e-d3bd61854119,6,2026-06-09T00:25:08Z,2026-06-09T05:15:09Z
7c48a828-d646-561b-8b9c-b3733fe9d570,120c3980-761f-3107-d254-a2503174e3ac,1,2025-08-31T16:33:11Z,2025-08-31T17:27:07Z
d3d53595-057d-363f-8cdf-9d08d2cba946,120c3980-761f-3107-d254-a2503174e3ac,2,2025-09-03T12:11:20Z,2025-09-03T09:25:19Z
0e2300e0-d60b-502d-f3ba-883fe30d4366,120c3980-761f-3107-d254-a2503174e3ac,4,2025-09-04T23:49:25Z,2025-09-04T17:10:34Z
f77179a0-8b03-2841-00b1-656ac71b719f,120c3980-761f-3107-d254-a2503174e3ac,5,2025-09-04T03:56:45Z,2025-09-04T09:13:29Z
08ad7b96-e2c4-df78-2029-61f91c47ab20,120c3980-761f-3107-d254-a2503174e3ac,6,2025-10-04T04:28:18Z,2025-10-04T16:02:38Z
7d7ba905-a4eb-4b7b-9fad-5891f69aa2c1,c7cc6794-85aa-7f63-19aa-8a5667086221,1,2025-03-27T18:26:59Z,2025-03-27T14:25:47Z
d0e5070e-5a2d-db23-4376-7c658e3e1c15,c7cc6794-85aa-7f63-19aa-8a5667086221,2,2025-03-29T08:56:10Z,2025-03-29T13:41:10Z
cb72cd5f-9f18-ffc4-794e-c1134186997e,c7cc6794-85aa-7f63-19aa-8a5667086221,4,2025-03-31T15:46:36Z,2025-03-31T08:11:38Z
34c50f61-5bf7-019b-44a4-02475a642185,c7cc6794-85aa-7f63-19aa-8a5667086221,5,2025-03-31T00:59:33Z,2025-03-31T21:06:54Z
8aa1e5b9-f5cc-99e8-6096-334470c29b53,c7cc6794-85aa-7f63-19aa-8a5667086221,6,2025-04-30T13:55:18Z,2025-04-30T23:22:49Z
aafd954d-97b7-f826-8904-b6761fd6ffd9,94e36914-3f19-2786-682c-abce3cf4b5dc,1,2025-12-05T01:53:42Z,2025-12-05T01:06:07Z
76bed599-839e-374e-cb46-6644b9185cc5,94e36914-3f19-2786-682c-abce3cf4b5dc,2,2025-12-06T11:37:17Z,2025-12-06T10:17:54Z
3830f54a-a8c0-ed9e-6dc3-42c28e235b0b,94e36914-3f19-2786-682c-abce3cf4b5dc,4,2025-12-08T10:19:34Z,2025-12-08T02:09:06Z
eea78a9b-c927-d760-b4d1-2cc0327dfed7,94e36914-3f19-2786-682c-abce3cf4b5dc,5,2025-12-11T03:26:56Z,2025-12-11T16:52:56Z
17b78088-5044-b497-40f6-c9855bd4bd45,94e36914-3f19-2786-682c-abce3cf4b5dc,6,2026-01-11T03:50:03Z,2026-01-11T18:12:40Z
864b6bd1-afe2-ba12-1651-4eaab14b3653,d571ce33-2d3a-9cc8-f424-750d06edd51b,1,2025-08-09T20:46:14Z,2025-08-09T09:52:59Z
1b275a21-20b8-5a5c-8e50-a7ea3d726687,d571ce33-2d3a-9cc8-f424-750d06edd51b,2,2025-08-09T07:19:14Z,2025-08-09T12:30:27Z
4a83a0d1-fbf3-d8bd-637c-740b448a8004,d571ce33-2d3a-9cc8-f424-750d06edd51b,4,2025-08-09T21:05:49Z,2025-08-09T22:28:17Z
53ce2d1f-ca31-223a-d573-ddb079eb312f,d571ce33-2d3a-9cc8-f424-750d06edd51b,5,2025-08-12T20:10:52Z,2025-08-12T16:59:36Z
c2052c5c-546e-ec75-9022-696c0fcf2d0d,d571ce33-2d3a-9cc8-f424-750d06edd51b,7,2025-12-28T18:44:12Z,2025-12-28T21:44:21Z
a2970bf1-bb03-9ede-d9c6-d23e834a04e1,5a9f1804-f0e0-571b-b67d-579b9ba70198,1,2025-12-28T08:02:55Z,2025-12-28T21:56:42Z
a52f9dee-193f-7389-4422-0137bb8161e8,5a9f1804-f0e0-571b-b67d-579b9ba70198,2,2025-12-31T07:18:23Z,2025-12-31T00:18:20Z
58463c99-1e9c-12a4-7c64-9bd61f32b3e1,5a9f1804-f0e0-571b-b67d-579b9ba70198,4,2026-01-01T12:44:43Z,2026-01-01T05:36:20Z
11199f29-6563-016d-1b4c-3148bb3ddf20,5a9f1804-f0e0-571b-b67d-579b9ba70198,5,2026-01-01T05:24:19Z,2026-01-01T05:52:00Z
a59499ee-ff40-b2aa-d13c-8e0fe8c1b36d,8d60f5e6-537e-0e10-1c7b-14d6bce232c6,1,2025-07-14T21:36:47Z,2025-07-14T08:33:11Z
816ca4f0-4a1f-240d-e055-f01a3bc22ffd,8d60f5e6-537e-0e10-1c7b-14d6bce232c6,2,2025-07-14T07:48:50Z,2025-07-14T10:12:04Z
160bc6e3-b8c6-6782-f9db-ae847c986d9b,8d60f5e6-537e-0e10-1c7b-14d6bce232c6,4,2025-07-15T09:35:07Z,2025-07-15T07:04:55Z
9866b6ed-896e-e35e-7aa7-61c3bb2104ba,8d60f5e6-537e-0e10-1c7b-14d6bce232c6,5,2025-07-19T15:26:44Z,2025-07-19T05:55:13Z
c45f3960-434e-ee54-07c6-30235cb076eb,8d60f5e6-537e-0e10-1c7b-14d6bce232c6,6,2026-01-19T15:14:43Z,2026-01-19T01:48:13Z
e4293285-4e5b-449d-d481-8635b79cacbb,01e1c2a9-d308-9152-d7f2-b041d2a8b3f8,1,2025-12-29T18:54:46Z,2025-12-29T08:52:42Z
371e752b-d649-efde-be1c-008628c4601a,01e1c2a9-d308-9152-d7f2-b041d2a8b3f8,2,2025-12-30T23:22:31Z,2025-12-30T08:12:27Z
c4348467-f3cb-95bd-5328-c831bc19bc9d,01e1c2a9-d308-9152-d7f2-b041d2a8b3f8,4,2025-12-31T21:15:16Z,2025-12-31T09:57:42Z
0751a787-105b-6988-1578-f08d5e72cf9b,d7912396-30ed-8fa0-5c84-08eabc951dcf,1,2025-08-11T04:23:06Z,2025-08-11T13:32:55Z
dc52efd7-ed25-4d9f-d19e-ff82a3f3b52c,d7912396-30ed-8fa0-5c84-08eabc951dcf,2,2025-08-11T21:59:24Z,2025-08-11T12:02:55Z
b8d09da8-95dc-b449-0212-45096447a0f4,d7912396-30ed-8fa0-5c84-08eabc951dcf,4,2025-08-11T07:58:27Z,2025-08-11T11:23:12Z
70c507b0-fa78-5a55-7f94-c6f82d73cb0a,d7912396-30ed-8fa0-5c84-08eabc951dcf,5,2025-08-13T05:47:34Z,2025-08-13T15:42:21Z
45e20c51-d0b9-b2b9-ce68-e3b750f9cdbc,d7912396-30ed-8fa0-5c84-08eabc951dcf,6,2025-09-13T16:03:01Z,2025-09-13T18:02:50Z
06bb24b4-d1dc-4293-efb4-7c34c8fa02e7,b83e6241-2645-b07e-a589-6a4697d1285c,1,2025-04-24T21:11:38Z,2025-04-24T07:18:26Z
b377476c-8209-6a7b-347c-c3063f1a72a4,b83e6241-2645-b07e-a589-6a4697d1285c,2,2025-04-25T04:32:12Z,2025-04-25T00:07:36Z
a8b7f9b5-f6ce-47d1-2ad3-3fdbd513f722,b83e6241-2645-b07e-a589-6a4697d1285c,4,2025-04-27T22:26:17Z,2025-04-27T13:27:26Z
f8484cbb-1c5e-b0ff-0b1b-e4e276c5fe41,b83e6241-2645-b07e-a589-6a4697d1285c,5,2025-04-29T13:25:17Z,2025-04-29T02:17:52Z
e0ce6360-d066-827b-4ff7-871b92af9fe7,b83e6241-2645-b07e-a589-6a4697d1285c,6,2025-05-29T00:59:17Z,2025-05-29T13:15:01Z
66aeec5e-6525-c5f6-0cf3-4fcff820646f,81fd973a-ecaf-1e9c-ba4a-6904c4ec4baf,1,2025-06-17T22:51:30Z,2025-06-17T10:48:23Z
d2eb1e1d-d0d2-a876-3bd3-7a8d1f6c2407,81fd973a-ecaf-1e9c-ba4a-6904c4ec4baf,2,2025-06-18T03:48:59Z,2025-06-18T03:41:13Z
8f483990-7f0d-5867-d8cc-c435e5a0d880,81fd973a-ecaf-1e9c-ba4a-6904c4ec4baf,4,2025-06-18T09:37:37Z,2025-06-18T12:52:30Z
daf64d16-097f-56db-0ba0-f7ffb84d4af3,81fd973a-ecaf-1e9c-ba4a-6904c4ec4baf,5,2025-06-21T08:43:27Z,2025-06-21T07:30:48Z
05e29128-4a43-411e-17b4-a3e90c8b7a75,81fd973a-ecaf-1e9c-ba4a-6904c4ec4baf,6,2025-07-21T23:01:57Z,2025-07-21T02:18:20Z
ffb929eb-c73d-8049-2a85-b68d30ed2219,73e7c066-6fbc-b0e6-59ef-9dcb9fa369dd,1,2026-04-27T18:35:07Z,2026-04-27T18:31:23Z
04441cb1-fbfd-43d6-870a-d43637904c0e,73e7c066-6fbc-b0e6-59ef-9dcb9fa369dd,2,2026-04-28T13:30:37Z,2026-04-28T13:11:51Z
303fddad-a0df-b570-adf6-904758ea39fb,73e7c066-6fbc-b0e6-59ef-9dcb9fa369dd,4,2026-04-29T01:27:30Z,2026-04-29T13:42:15Z
b0d4b02f-30c6-004b-6348-ee77a79c7fc8,73e7c066-6fbc-b0e6-59ef-9dcb9fa369dd,5,2026-05-02T15:16:04Z,2026-05-02T07:52:15Z
a4b0dac9-0e1d-3084-f370-3db5ef015faa,3f298f91-1664-ac49-5059-b66f15199fa4,1,2026-02-25T15:20:22Z,2026-02-25T23:46:53Z
2c4836c8-9da4-d434-b01f-58f316c5b517,3f298f91-1664-ac49-5059-b66f15199fa4,2,2026-02-25T21:23:14Z,2026-02-25T12:28:49Z
5efa22ac-f88f-a1d0-0f15-959200cdbe2a,3f298f91-1664-ac49-5059-b66f15199fa4,4,2026-02-27T18:51:55Z,2026-02-27T18:25:42Z
0cf78e46-9351-175e-1d3a-feebe25e9f99,3f298f91-1664-ac49-5059-b66f15199fa4,5,2026-03-01T09:07:47Z,2026-03-01T16:16:47Z
6850c78f-61e3-9dce-b537-86c769422f48,7ff467ea-61d5-f3fb-cca3-d9a26e351297,1,2025-01-18T22:42:41Z,2025-01-18T04:42:42Z
2e8926dd-9f47-23a6-a5df-d9210e4361da,7ff467ea-61d5-f3fb-cca3-d9a26e351297,2,2025-01-19T14:26:55Z,2025-01-19T22:48:58Z
21bd6bea-09ba-4bbf-6dea-f7dfbc263cb7,7ff467ea-61d5-f3fb-cca3-d9a26e351297,4,2025-01-19T11:30:02Z,2025-01-19T13:15:39Z
b30971cf-770a-9709-751e-0f6d7eba8d64,7ff467ea-61d5-f3fb-cca3-d9a26e351297,5,2025-01-21T03:22:47Z,2025-01-21T02:55:08Z
67438096-d196-96ec-30cc-a39c443dc458,7ff467ea-61d5-f3fb-cca3-d9a26e351297,6,2025-02-21T17:40:02Z,2025-02-21T03:51:55Z
22510c2a-24f9-720a-0711-8bd5467dfc24,ff7d6af0-6cdf-56b9-84c5-edc57f3822aa,1,2026-07-10T14:23:48Z,2026-07-10T13:55:12Z
344e31a5-9e22-f509-2404-9bf0f18989bc,ff7d6af0-6cdf-56b9-84c5-edc57f3822aa,2,2026-07-10T04:49:56Z,2026-07-10T17:54:13Z
c64c43d4-e408-5585-2a90-8de399599869,ff7d6af0-6cdf-56b9-84c5-edc57f3822aa,4,2026-07-11T03:22:34Z,2026-07-11T12:59:39Z
9f226eea-0941-5844-fa90-d63c4000ce9a,ff7d6af0-6cdf-56b9-84c5-edc57f3822aa,5,2026-07-11T07:28:23Z,2026-07-11T17:00:10Z
17d98b4e-7a94-96d3-4929-a3681a008236,ee6f6fb1-06cc-4e20-cdbe-f577376fb871,1,2025-03-18T21:15:18Z,2025-03-18T11:45:54Z
e66dc095-a588-5e00-97db-704540b956d3,ee6f6fb1-06cc-4e20-cdbe-f577376fb871,2,2025-03-19T21:30:56Z,2025-03-19T15:12:47Z
0aacf772-4bd2-2f0f-d917-61c590a9303b,ee6f6fb1-06cc-4e20-cdbe-f577376fb871,4,2025-03-20T02:45:21Z,2025-03-20T18:12:49Z
5aefe2d3-c6a1-7eb4-b87f-6e58102cfee0,ee6f6fb1-06cc-4e20-cdbe-f577376fb871,5,2025-03-22T21:21:13Z,2025-03-22T02:06:08Z
a4a061b4-c2f4-e9ba-99f7-9db6cd7933dd,ee6f6fb1-06cc-4e20-cdbe-f577376fb871,6,2025-04-22T07:18:30Z,2025-04-22T08:31:39Z
48dced83-e68a-2107-e953-c336fa0c9e94,ad0e690c-4cd1-42af-2e49-e5fa2f7d255b,1,2026-07-12T12:37:17Z,2026-07-12T01:45:48Z
37752dc4-c75d-f8e8-4ffd-5f4b44f5ada4,ad0e690c-4cd1-42af-2e49-e5fa2f7d255b,2,2026-07-13T12:59:49Z,2026-07-13T13:08:40Z
05d5ee23-3559-b312-8624-021be62477c2,ad0e690c-4cd1-42af-2e49-e5fa2f7d255b,4,2026-07-14T14:50:42Z,2026-07-14T19:26:14Z
f318afb9-40f8-22bd-f095-b457a6656816,ad0e690c-4cd1-42af-2e49-e5fa2f7d255b,5,2026-07-15T22:53:04Z,2026-07-15T11:40:47Z
9539bff9-124c-49b5-329d-41bed1667507,0af16c01-d16d-6624-8e25-c66d01c766e2,1,2026-05-07T23:54:47Z,2026-05-07T12:48:49Z
b37426b5-2d8e-10ae-7a3a-cd3e28162b79,0af16c01-d16d-6624-8e25-c66d01c766e2,2,2026-05-08T01:26:22Z,2026-05-08T13:31:48Z
5fda28e0-6da8-a790-5ae4-ec205fc13d68,0af16c01-d16d-6624-8e25-c66d01c766e2,4,2026-05-10T17:45:54Z,2026-05-10T01:23:30Z
a1f71b71-b5b2-0b4b-6f92-d64f6ec9c6e7,0af16c01-d16d-6624-8e25-c66d01c766e2,5,2026-05-14T00:16:50Z,2026-05-14T23:19:13Z
6e6b9ae5-054d-78ae-9e1a-00026c526ab0,e16f873e-9d1a-4d66-bc0f-02b4b26ebec6,1,2026-03-16T01:46:45Z,2026-03-16T02:51:37Z
9d43aade-9603-dfd5-2355-9d8a6cab1741,e16f873e-9d1a-4d66-bc0f-02b4b26ebec6,2,2026-03-18T09:51:05Z,2026-03-18T04:45:59Z
e94c54c3-b8d5-5647-4edc-2389b45891e1,e16f873e-9d1a-4d66-bc0f-02b4b26ebec6,4,2026-03-19T12:18:10Z,2026-03-19T02:25:47Z
72425b62-d3f6-c8e8-2963-b9179ab76d3b,e16f873e-9d1a-4d66-bc0f-02b4b26ebec6,5,2026-03-22T01:28:47Z,2026-03-22T23:00:25Z
26178dea-f6ad-678e-06c8-a14e210aa8f3,1a32f9ec-90ad-0b9f-25ab-15ff2e94d9ff,1,2025-09-27T15:31:53Z,2025-09-27T18:26:22Z
f06c3607-18ab-a696-7201-3b298d82b94e,1a32f9ec-90ad-0b9f-25ab-15ff2e94d9ff,2,2025-09-30T09:52:39Z,2025-09-30T17:38:53Z
9ad11803-1738-c4dd-105d-0f6a7a4f4cc5,1a32f9ec-90ad-0b9f-25ab-15ff2e94d9ff,4,2025-09-30T20:00:58Z,2025-09-30T10:19:05Z
04ba475e-0747-f984-71f0-63b793188a8a,1a32f9ec-90ad-0b9f-25ab-15ff2e94d9ff,5,2025-10-02T20:47:17Z,2025-10-02T22:34:48Z
fc00553b-8afa-b636-1742-36a5affe8428,1a32f9ec-90ad-0b9f-25ab-15ff2e94d9ff,6,2026-04-02T10:26:31Z,2026-04-02T12:42:03Z
0aaff946-88bf-4ebc-380f-3e4d702c31a7,1631fe3b-19b9-d643-5441-29e076b5c223,1,2026-03-05T01:42:45Z,2026-03-05T03:43:30Z
08bd423c-a5ed-c839-ccb6-713bcb5b8759,1631fe3b-19b9-d643-5441-29e076b5c223,2,2026-03-08T13:39:04Z,2026-03-08T10:28:44Z
423e8cce-8215-f60b-fc3f-e65f9733d30f,1631fe3b-19b9-d643-5441-29e076b5c223,4,2026-03-09T14:41:08Z,2026-03-09T17:32:25Z
7983a222-8e09-f786-e5b3-4ad0cbd55bf7,1631fe3b-19b9-d643-5441-29e076b5c223,5,2026-03-11T03:37:31Z,2026-03-11T04:35:09Z
c8810eed-bccd-f1a7-cb14-ed1e7c9f784f,df1ab5c4-e510-8858-a9f4-f8eee5cba3d6,1,2025-03-02T00:22:25Z,2025-03-02T00:38:29Z
55009dad-17f6-72d4-008b-c60519b9e6eb,df1ab5c4-e510-8858-a9f4-f8eee5cba3d6,2,2025-03-03T02:51:50Z,2025-03-03T21:32:31Z
861058ca-2301-b872-112a-462ac7ebd5a8,df1ab5c4-e510-8858-a9f4-f8eee5cba3d6,4,2025-03-03T17:40:34Z,2025-03-03T09:27:01Z
65ca21d1-8a23-e09d-ce34-5fbd68a5ed82,df1ab5c4-e510-8858-a9f4-f8eee5cba3d6,5,2025-03-05T22:17:14Z,2025-03-05T01:31:13Z
c85b589c-b101-4978-b1bb-ab9841b865fe,df1ab5c4-e510-8858-a9f4-f8eee5cba3d6,6,2025-04-05T03:50:31Z,2025-04-05T19:21:35Z
5033234a-ea75-5aba-55b2-51320602bb76,39932035-b6f0-cebb-e3c2-f941f785fa4a,1,2026-03-07T05:48:46Z,2026-03-07T08:51:07Z
3e487bdc-027f-6531-6b2f-d489963cf6d1,39932035-b6f0-cebb-e3c2-f941f785fa4a,2,2026-03-09T22:34:32Z,2026-03-09T21:36:56Z
b2891d0a-6e1b-3f2e-f376-4344b63e9285,39932035-b6f0-cebb-e3c2-f941f785fa4a,4,2026-03-10T20:22:35Z,2026-03-10T23:44:11Z
83b8c9cb-9b30-41c8-40bd-067220989daa,39932035-b6f0-cebb-e3c2-f941f785fa4a,5,2026-03-11T10:18:14Z,2026-03-11T17:54:49Z
91876eab-3d85-a5d7-cd59-cf4232ffcf60,39932035-b6f0-cebb-e3c2-f941f785fa4a,6,2026-04-11T18:56:23Z,2026-04-11T23:21:45Z
5160c043-2833-401a-7fcd-000928a2610e,b2671073-1d15-684b-f04b-a9acb176026b,1,2025-05-08T14:49:17Z,2025-05-08T16:35:47Z
eb9a424a-d9cb-ff40-534a-c6bc0e4db55e,b2671073-1d15-684b-f04b-a9acb176026b,2,2025-05-10T05:45:36Z,2025-05-10T09:42:17Z
9a4999b5-9ecf-f6ef-847b-8f4e461c2633,b2671073-1d15-684b-f04b-a9acb176026b,4,2025-05-10T21:23:57Z,2025-05-10T12:31:15Z
436ddb5e-ab8f-91f1-6909-29f3d9bd67e0,b2671073-1d15-684b-f04b-a9acb176026b,5,2025-05-10T20:24:28Z,2025-05-10T22:49:04Z
7307b925-626e-152e-e2aa-7040ec2ea63f,b2671073-1d15-684b-f04b-a9acb176026b,6,2026-05-10T04:11:05Z,2026-05-10T17:36:05Z
056309d2-9fa0-350a-baf4-3dda5a2ad780,d6265839-1ee1-4cfe-0994-44606ed0489c,1,2026-04-16T21:27:47Z,2026-04-16T20:36:52Z
a34d1f54-daa5-0e06-9b79-8b2051b1fa2f,d6265839-1ee1-4cfe-0994-44606ed0489c,2,2026-04-17T05:37:09Z,2026-04-17T05:54:11Z
9eddc845-466e-b65f-b2f2-dec8c12261ab,d6265839-1ee1-4cfe-0994-44606ed0489c,4,2026-04-19T21:36:17Z,2026-04-19T01:56:54Z
5ebce257-c57b-0460-69bd-9cd373f6ecce,d6265839-1ee1-4cfe-0994-44606ed0489c,5,2026-04-19T15:11:05Z,2026-04-19T12:41:48Z
40b9dd12-00e9-744e-c24a-102cda4908fd,6369210e-71aa-78a3-e92e-56e266146ce3,1,2025-03-29T05:48:33Z,2025-03-29T03:09:41Z
184a070d-137b-53a7-2d39-529334d77395,6369210e-71aa-78a3-e92e-56e266146ce3,2,2025-03-30T00:35:21Z,2025-03-30T00:03:23Z
acf1fc17-cb06-dd7f-8d92-ca20a99e626b,6369210e-71aa-78a3-e92e-56e266146ce3,4,2025-03-31T15:30:59Z,2025-03-31T17:38:56Z
ccadaa65-7d7d-4176-d423-8b94bc1b1167,6369210e-71aa-78a3-e92e-56e266146ce3,5,2025-04-02T16:32:23Z,2025-04-02T11:55:23Z
40a4d359-f806-86c9-dc74-b451f9de060a,6369210e-71aa-78a3-e92e-56e266146ce3,6,2025-07-02T00:34:09Z,2025-07-02T09:09:35Z
e53c18b6-f465-4676-42a2-e1e00ff0d65e,6c52822b-6e07-cd2b-938c-ff72e514dd60,1,2026-06-06T22:08:10Z,2026-06-06T19:11:09Z
dc410e9e-1a72-ac27-f447-6c45b0a8758d,6c52822b-6e07-cd2b-938c-ff72e514dd60,2,2026-06-09T05:51:29Z,2026-06-09T20:54:19Z
c1ff5778-2e6e-b9c0-9d8a-d51ca760a437,6c52822b-6e07-cd2b-938c-ff72e514dd60,4,2026-06-10T22:42:13Z,2026-06-10T14:10:01Z
5454ef38-d283-1b13-1161-4e2314fb287b,6c52822b-6e07-cd2b-938c-ff72e514dd60,5,2026-06-11T05:03:53Z,2026-06-11T23:45:04Z
5eae3443-511d-5922-3044-670964fe618b,1a9bdba0-ffe1-4332-a355-6507622297f6,1,2025-11-30T16:28:25Z,2025-11-30T16:51:11Z
88fb3ce6-16d9-da47-fa42-b6c851d2f295,1a9bdba0-ffe1-4332-a355-6507622297f6,2,2025-11-30T05:14:06Z,2025-11-30T00:40:09Z
653e8735-d80a-2c0d-c0d6-cbab8eda9149,1a9bdba0-ffe1-4332-a355-6507622297f6,4,2025-11-30T14:58:44Z,2025-11-30T10:57:27Z
28b11e7a-ab4f-938b-ebd2-04c08a7b4f0e,1a9bdba0-ffe1-4332-a355-6507622297f6,5,2025-12-01T07:39:20Z,2025-12-01T18:39:31Z
9f7ab4e7-62a2-f7ca-03ff-7140b846d590,1a9bdba0-ffe1-4332-a355-6507622297f6,6,2026-01-01T03:49:54Z,2026-01-01T18:22:10Z
10db4bed-0626-2a1c-35fd-1a53440a35a6,e9813c5f-88dd-f469-71f1-a2f236db46f9,1,2026-07-21T04:09:44Z,2026-07-21T15:18:07Z
35bf86c4-2482-e7ed-8d4a-f1aad090c15d,e9813c5f-88dd-f469-71f1-a2f236db46f9,2,2026-07-23T05:16:35Z,2026-07-23T23:25:33Z
12bdbf71-970d-c490-d31c-ba5bb73007e5,e9813c5f-88dd-f469-71f1-a2f236db46f9,4,2026-07-24T12:59:16Z,2026-07-24T21:27:58Z
60565496-547f-dd33-6e20-0ebfff96b8e7,e9813c5f-88dd-f469-71f1-a2f236db46f9,5,2026-07-25T04:20:33Z,2026-07-25T02:18:26Z
e8a719d0-3b8c-256f-b095-bf97d960758a,515d1786-b816-9654-428c-76ff3e53da88,1,2025-07-25T07:24:00Z,2025-07-25T23:04:44Z
f422adef-9c10-a62a-ece8-b24821af6425,515d1786-b816-9654-428c-76ff3e53da88,2,2025-07-28T16:20:48Z,2025-07-28T23:19:58Z
f3990ffc-00ec-75f0-0fea-7758c0e2026b,515d1786-b816-9654-428c-76ff3e53da88,4,2025-07-28T18:53:51Z,2025-07-28T19:58:42Z
e4560d36-7c4d-ed84-0a88-8d0728dc0482,515d1786-b816-9654-428c-76ff3e53da88,5,2025-07-31T18:09:19Z,2025-07-31T05:32:55Z
159d7ad2-3c75-03ea-b606-4a87cb7ef7aa,515d1786-b816-9654-428c-76ff3e53da88,6,2025-08-31T18:13:56Z,2025-08-31T21:46:57Z
e40b1ef8-608d-f6d3-5435-d20b8a07d2a7,ce25ec41-8261-e63e-b35b-ff5322502223,1,2025-03-06T02:53:39Z,2025-03-06T22:39:27Z
667e4bd5-4b7b-e13c-4c03-2ad2bb52d06e,ce25ec41-8261-e63e-b35b-ff5322502223,2,2025-03-09T22:59:22Z,2025-03-09T19:44:10Z
c0797e01-8e3e-af58-50b1-687c2ee0b61f,ce25ec41-8261-e63e-b35b-ff5322502223,4,2025-03-09T10:21:41Z,2025-03-09T13:32:03Z
9e8193e1-5c83-1762-1a1b-1b3c4c316f01,ce25ec41-8261-e63e-b35b-ff5322502223,5,2025-03-11T16:51:52Z,2025-03-11T23:15:05Z
c770af40-0008-16a6-881c-1902be5d44fa,ce25ec41-8261-e63e-b35b-ff5322502223,6,2025-09-11T05:43:19Z,2025-09-11T00:53:31Z
090477b5-a021-28d0-fe2c-5c12ac62bd3d,bd9a677f-7d5a-189f-83fb-60097197baf2,1,2026-02-16T10:27:57Z,2026-02-16T03:48:15Z
54e87403-9b3a-e690-ca4b-10bfbcc87545,bd9a677f-7d5a-189f-83fb-60097197baf2,2,2026-02-19T21:05:22Z,2026-02-19T18:48:13Z
4316a56f-3ed8-b334-bc8f-92b7a89361f4,bd9a677f-7d5a-189f-83fb-60097197baf2,4,2026-02-20T07:29:00Z,2026-02-20T06:53:54Z
c9de261b-5655-b1c0-1a62-b7fd071f12fb,bd9a677f-7d5a-189f-83fb-60097197baf2,5,2026-02-24T16:01:34Z,2026-02-24T03:05:25Z
6d747f25-1fcc-b3fb-12f5-8f9dccb3fdb7,bd9a677f-7d5a-189f-83fb-60097197baf2,6,2026-05-24T15:55:52Z,2026-05-24T09:44:58Z
b1020900-ce1a-29cb-4916-a8695691d66b,5795f4cc-a98d-a42f-e19e-bbfa2381d776,1,2026-03-17T19:47:54Z,2026-03-17T18:50:13Z
a4f5d0f0-2867-44e2-635c-d43ee1546446,5795f4cc-a98d-a42f-e19e-bbfa2381d776,2,2026-03-18T06:01:24Z,2026-03-18T17:15:44Z
0dcfd52c-4da1-3180-e10e-a73378786436,5795f4cc-a98d-a42f-e19e-bbfa2381d776,4,2026-03-19T10:16:16Z,2026-03-19T07:08:35Z
9ef8e470-2a7f-a3c7-9e50-7c38c7bccf67,5795f4cc-a98d-a42f-e19e-bbfa2381d776,5,2026-03-22T04:14:38Z,2026-03-22T05:11:47Z
4bb3dd7f-6429-3901-90a2-b4e29cfcf7dd,ad755c73-6d06-139c-526c-0206330caeb6,1,2025-09-04T07:47:03Z,2025-09-04T23:10:13Z
545f5487-9031-4c76-eb90-fb74df4aca61,ad755c73-6d06-139c-526c-0206330caeb6,2,2025-09-05T21:42:44Z,2025-09-05T19:25:09Z
aebf73cc-cbcb-aa64-f445-75fb8024a1b2,ad755c73-6d06-139c-526c-0206330caeb6,4,2025-09-06T09:29:44Z,2025-09-06T11:17:03Z
e9b5b410-c57d-bf42-6425-f8e26ba41bbc,ad755c73-6d06-139c-526c-0206330caeb6,5,2025-09-09T21:22:24Z,2025-09-09T22:13:24Z
a76ca321-826b-d46b-0979-d289388168ed,ad755c73-6d06-139c-526c-0206330caeb6,6,2026-03-09T05:55:41Z,2026-03-09T05:14:49Z
b888fc20-ed42-2a9f-cede-5b07edebf8d4,2bb9f1ee-7b3d-a428-73d2-eaf642b6016c,1,2025-02-28T00:07:51Z,2025-02-28T02:08:22Z
4eb9b66a-4be5-6fc2-ea00-a6dc89bb10b8,2bb9f1ee-7b3d-a428-73d2-eaf642b6016c,2,2025-03-03T08:06:10Z,2025-03-03T19:06:02Z
9d3c366c-9bcf-4224-861f-8d995fa7635d,2bb9f1ee-7b3d-a428-73d2-eaf642b6016c,4,2025-03-03T04:42:05Z,2025-03-03T02:21:07Z
3caf4353-c79c-1f22-60f1-1051eee3de7b,2bb9f1ee-7b3d-a428-73d2-eaf642b6016c,5,2025-03-07T16:57:41Z,2025-03-07T20:31:19Z
cbcadda2-64b3-6f7e-1c92-06ac8f645e67,70944982-b479-2c47-fb5f-b74823761d96,1,2025-07-19T08:22:54Z,2025-07-19T00:40:55Z
b79c67ee-5e94-5e66-de3e-e7c406ffaaa6,70944982-b479-2c47-fb5f-b74823761d96,2,2025-07-21T03:02:10Z,2025-07-21T00:49:28Z
a8d77399-b2ba-559a-0d51-7ed4c02859f6,70944982-b479-2c47-fb5f-b74823761d96,4,2025-07-22T20:16:56Z,2025-07-22T17:48:05Z
f0ac2b99-92b1-c680-7c14-66870b11baa4,70944982-b479-2c47-fb5f-b74823761d96,5,2025-07-25T09:29:19Z,2025-07-25T08:39:40Z
dd8cc557-6c5d-808c-25e6-6c392e85cdfa,70944982-b479-2c47-fb5f-b74823761d96,6,2025-08-25T05:09:12Z,2025-08-25T19:36:50Z
627810bd-845f-f6b8-52a1-4273dc28386a,f4190fba-884a-0a90-430f-1805aaba7b9e,1,2025-02-22T02:50:28Z,2025-02-22T10:35:10Z
0628c102-f88f-e18d-58d0-7050f78f122f,f4190fba-884a-0a90-430f-1805aaba7b9e,3,2025-02-23T22:33:36Z,2025-02-23T23:53:52Z
f5ff5461-94a5-e37d-94ac-cb046f914090,2010194f-6681-7fee-6dc5-cb3c482a8584,1,2026-01-18T13:38:33Z,2026-01-18T01:44:30Z
6a6622f7-1204-5f42-b3bc-09eb375d37e8,2010194f-6681-7fee-6dc5-cb3c482a8584,2,2026-01-19T00:31:40Z,2026-01-19T18:08:21Z
6c02279b-22b6-ba71-43e4-01694851f7f1,2010194f-6681-7fee-6dc5-cb3c482a8584,4,2026-01-21T18:32:09Z,2026-01-21T12:26:39Z
fbaaece2-e1ad-8e87-6cde-7f4f25654e8e,2010194f-6681-7fee-6dc5-cb3c482a8584,5,2026-01-22T08:49:04Z,2026-01-22T03:50:51Z
0fa18e26-6da8-325e-134a-3fed8accfda6,2010194f-6681-7fee-6dc5-cb3c482a8584,6,2026-04-22T01:52:09Z,2026-04-22T22:11:48Z
5a22d9fc-c305-e8ad-c630-61675302ca74,53bc771c-5c61-4397-387a-fa87dc8f07f5,1,2026-07-07T10:00:03Z,2026-07-07T22:30:56Z
2ffbf85d-6031-c48b-8621-c20039d407d3,53bc771c-5c61-4397-387a-fa87dc8f07f5,2,2026-07-09T22:29:00Z,2026-07-09T06:51:25Z
5b49ca89-21b9-55f5-46db-ff63a43d7923,53bc771c-5c61-4397-387a-fa87dc8f07f5,4,2026-07-09T22:28:01Z,2026-07-09T15:24:31Z
8ab65040-be84-27b0-fec6-373b6085a9ee,53bc771c-5c61-4397-387a-fa87dc8f07f5,5,2026-07-13T12:15:11Z,2026-07-13T21:03:20Z
bb84a354-8645-b436-5915-b6df66ec0de0,2a8dbf33-d153-bd07-c2d4-c37ef67effd9,1,2025-10-16T05:44:11Z,2025-10-16T06:52:05Z
8f769a08-90fa-094f-3191-b4605e89b392,2a8dbf33-d153-bd07-c2d4-c37ef67effd9,2,2025-10-18T08:28:44Z,2025-10-18T20:59:17Z
3eda8cf2-0f2b-3112-1111-aad7795e543b,2a8dbf33-d153-bd07-c2d4-c37ef67effd9,4,2025-10-18T03:10:41Z,2025-10-18T20:29:28Z
280511db-ed23-e998-34c9-f0c96563475a,2a8dbf33-d153-bd07-c2d4-c37ef67effd9,5,2025-10-21T09:52:40Z,2025-10-21T10:26:31Z
b5ecd2ca-15e9-b806-76d3-0a619e0fd91b,2a8dbf33-d153-bd07-c2d4-c37ef67effd9,6,2025-11-21T09:41:44Z,2025-11-21T16:16:55Z
8bd91936-42c8-80fc-ee7c-1f927ce8f6b4,c114b8a3-8af8-7744-652a-de8ccfac1d66,1,2025-01-17T18:22:40Z,2025-01-17T15:00:51Z
2aa02c7e-b572-8c06-490c-6a5ad2e90116,c114b8a3-8af8-7744-652a-de8ccfac1d66,2,2025-01-20T22:57:20Z,2025-01-20T13:33:52Z
6bf71df3-5ea0-21f8-c614-6e7a09716ce4,c114b8a3-8af8-7744-652a-de8ccfac1d66,4,2025-01-22T00:49:45Z,2025-01-22T12:31:12Z
03d043e3-2eae-ba8d-2bb9-59a34ee49b7b,c114b8a3-8af8-7744-652a-de8ccfac1d66,5,2025-01-25T03:21:00Z,2025-01-25T21:43:35Z
27d0cc41-ef98-dd00-bdd7-1f54e2c65fe1,c114b8a3-8af8-7744-652a-de8ccfac1d66,6,2025-04-25T17:20:55Z,2025-04-25T06:10:42Z
bc43289f-bac8-563d-3844-9900200f0ab9,10205318-f11e-232c-14a8-721832816c55,1,2025-10-27T01:28:09Z,2025-10-27T20:24:31Z
4d8e8419-2ac0-5950-1869-b12cd179afb9,10205318-f11e-232c-14a8-721832816c55,2,2025-10-30T07:36:01Z,2025-10-30T22:40:13Z
ccf7b652-5081-93b0-4b9f-bd9826a3e520,10205318-f11e-232c-14a8-721832816c55,4,2025-10-31T04:55:15Z,2025-10-31T00:01:57Z
4672a664-2ddf-e39f-5744-9ac1ad51379f,10205318-f11e-232c-14a8-721832816c55,5,2025-11-02T02:16:28Z,2025-11-02T12:45:01Z
b7650a53-d4a5-07a8-f97c-14fd23f1be9c,8726f20a-9bc6-b456-f05b-7a7c9c256ec2,1,2026-03-20T05:01:13Z,2026-03-20T08:55:29Z
e760d399-a017-6f5a-c090-d65250ff406c,8726f20a-9bc6-b456-f05b-7a7c9c256ec2,2,2026-03-22T16:32:31Z,2026-03-22T22:27:52Z
1201733e-b74d-7b70-ab48-8ceb4f54eb1d,8726f20a-9bc6-b456-f05b-7a7c9c256ec2,4,2026-03-24T17:57:00Z,2026-03-24T21:18:07Z
94012b88-1769-4cda-7ae3-846128a4093c,8726f20a-9bc6-b456-f05b-7a7c9c256ec2,5,2026-03-26T21:09:51Z,2026-03-26T22:08:51Z
115513f3-4590-3ee9-3cdd-99989d30ce40,d782e35e-e8f8-7012-987a-6200725c7d73,1,2025-07-13T20:02:08Z,2025-07-13T12:33:53Z
1c71bdd2-486d-82cd-8dff-49b51e709e8d,d782e35e-e8f8-7012-987a-6200725c7d73,2,2025-07-16T21:58:48Z,2025-07-16T23:44:08Z
33d2a707-b0f9-3553-91af-a827ae59e31d,d782e35e-e8f8-7012-987a-6200725c7d73,4,2025-07-18T08:50:46Z,2025-07-18T13:31:19Z
f66aaeed-f7e4-5848-6abd-9e74d829794a,d782e35e-e8f8-7012-987a-6200725c7d73,5,2025-07-21T10:43:52Z,2025-07-21T12:45:27Z
961e5e42-7a42-6c69-3faf-26b4fd55be53,d782e35e-e8f8-7012-987a-6200725c7d73,6,2025-10-21T02:51:04Z,2025-10-21T00:16:40Z
a20e399d-d048-54c6-aff3-67321f9acb77,0d6af446-e15c-7c1b-38bf-92397aa60f30,1,2025-12-10T21:16:45Z,2025-12-10T22:56:39Z
76fd575d-c79d-a234-ce7f-afd5fedacfc7,0d6af446-e15c-7c1b-38bf-92397aa60f30,2,2025-12-12T05:27:42Z,2025-12-12T12:59:11Z
b0157af7-3b4b-158a-f743-c1961a3af275,0d6af446-e15c-7c1b-38bf-92397aa60f30,4,2025-12-14T05:23:26Z,2025-12-14T16:49:14Z
128eef5b-bee1-2c81-2f0b-e5fd55f68ba0,0d6af446-e15c-7c1b-38bf-92397aa60f30,5,2025-12-17T09:08:03Z,2025-12-17T04:04:13Z
ce25d1ea-6e90-0da2-be79-b42e08fd9750,04c94284-b256-3733-11c9-54b56ee25eca,1,2026-03-28T02:37:53Z,2026-03-28T06:24:34Z
c8781cc1-cd7d-9d73-af2f-07118d32676c,04c94284-b256-3733-11c9-54b56ee25eca,2,2026-03-29T09:13:25Z,2026-03-29T18:31:59Z
6205643b-66f9-9ce1-6dd4-fc8002fb2a24,04c94284-b256-3733-11c9-54b56ee25eca,4,2026-03-29T12:30:24Z,2026-03-29T12:19:47Z
f7ff6bdb-0720-6ff5-7868-74826aff6d76,04c94284-b256-3733-11c9-54b56ee25eca,5,2026-04-02T16:08:21Z,2026-04-02T03:37:38Z
6ff59b14-6fb5-d1a5-003a-075b3141995c,04c94284-b256-3733-11c9-54b56ee25eca,6,2026-05-02T07:43:01Z,2026-05-02T10:54:50Z
898fbf72-b010-357b-aedd-76aa15b5cc90,9913f633-10f5-3534-78e8-7019d3e6947d,1,2025-09-15T21:44:52Z,2025-09-15T21:18:46Z
371ba881-80d1-9163-5dca-fb20f0ccfefd,9913f633-10f5-3534-78e8-7019d3e6947d,2,2025-09-17T05:18:49Z,2025-09-17T23:54:45Z
41fb8093-e025-c1ff-2aa9-969fea0b4b64,9913f633-10f5-3534-78e8-7019d3e6947d,4,2025-09-19T19:38:54Z,2025-09-19T04:05:45Z
2f819a99-5884-3d09-7cd5-86e612a6162a,9913f633-10f5-3534-78e8-7019d3e6947d,5,2025-09-20T12:21:22Z,2025-09-20T23:09:30Z
57aefd96-a209-1584-1862-facf28124e64,9913f633-10f5-3534-78e8-7019d3e6947d,6,2025-10-20T10:18:56Z,2025-10-20T18:31:01Z
fa45e5ec-232b-1920-b50c-6a38feccd027,4831fc45-0506-802c-2fcf-9f1a85705ec0,1,2025-07-28T11:04:37Z,2025-07-28T14:09:30Z
8887dfff-46d7-0cf6-1485-92a712ad6787,4831fc45-0506-802c-2fcf-9f1a85705ec0,2,2025-07-31T14:56:05Z,2025-07-31T09:43:46Z
c7e34150-9892-b833-7b61-551c1ec9f6fc,4831fc45-0506-802c-2fcf-9f1a85705ec0,4,2025-08-01T13:01:06Z,2025-08-01T20:17:46Z
65b9f37a-6384-6c95-68fd-2632d222e1c1,4831fc45-0506-802c-2fcf-9f1a85705ec0,5,2025-08-03T12:35:45Z,2025-08-03T21:18:09Z
79a8ce3b-bc48-b1c5-6d3d-b7b18c7b0fe1,4831fc45-0506-802c-2fcf-9f1a85705ec0,6,2025-11-03T16:17:51Z,2025-11-03T19:53:57Z
a10a6c46-bc92-4078-e46c-b598d4039777,d8fa49b9-947d-64eb-bbe4-a5be171e1ff8,1,2025-02-08T21:09:59Z,2025-02-08T03:28:06Z
d82bafa4-d93c-3c31-6d2f-65b6e4c27fe8,d8fa49b9-947d-64eb-bbe4-a5be171e1ff8,3,2025-02-09T02:19:16Z,2025-02-09T00:06:18Z
5d6bafed-188f-9f87-2348-0a9cbd5d0977,2ccbc56d-6937-e097-37aa-94daa13ca63e,1,2026-01-14T14:20:12Z,2026-01-14T03:32:46Z
7ce6c0fe-8956-a34c-01ee-f2d575142445,2ccbc56d-6937-e097-37aa-94daa13ca63e,2,2026-01-15T10:20:40Z,2026-01-15T06:57:08Z
cac37ee4-d368-0c77-2c3b-07127e6c549a,2ccbc56d-6937-e097-37aa-94daa13ca63e,4,2026-01-17T07:06:01Z,2026-01-17T06:00:06Z
272ef7ca-6ca5-2cea-cf2d-62bb28ba2448,2ccbc56d-6937-e097-37aa-94daa13ca63e,5,2026-01-19T20:49:43Z,2026-01-19T13:37:41Z
8b198cc9-1919-c43b-139d-ace89522fb37,2ccbc56d-6937-e097-37aa-94daa13ca63e,6,2026-04-19T14:18:52Z,2026-04-19T01:37:49Z
8e6927d0-0ca2-f640-50e4-16ed6273015d,f31db34d-de37-0667-3ff5-632ca2565f24,1,2026-07-21T23:48:15Z,2026-07-21T04:03:38Z
74a93324-6042-6a21-3d94-e26d4c2d5193,f31db34d-de37-0667-3ff5-632ca2565f24,2,2026-07-23T08:10:15Z,2026-07-23T10:14:57Z
14a8204a-c0c2-f3fc-4ea5-98f8880e4ac3,f31db34d-de37-0667-3ff5-632ca2565f24,8,2026-07-28T23:55:40Z,2026-07-28T17:37:17Z
730315d8-09c8-cf2b-ab5a-d66955ae77b1,3777348d-2cd8-4b28-9471-34d560847dfa,1,2026-02-28T12:27:28Z,2026-02-28T19:18:25Z
26c47ff9-c891-19a8-ac43-b3344b5f5e75,3777348d-2cd8-4b28-9471-34d560847dfa,2,2026-03-02T13:41:22Z,2026-03-02T10:29:58Z
e719f269-e9a0-fd70-c925-cd7f7bc13c81,3777348d-2cd8-4b28-9471-34d560847dfa,4,2026-03-03T10:35:31Z,2026-03-03T12:29:40Z
f3f456f2-b22f-b070-903b-37740c076d06,3777348d-2cd8-4b28-9471-34d560847dfa,5,2026-03-03T16:09:23Z,2026-03-03T13:52:39Z
9a8e247d-11e9-636a-3742-d1fd5b80f0b0,e2e596e1-d343-137a-7909-f60d5091f248,1,2025-09-22T20:06:10Z,2025-09-22T00:43:48Z
690e4495-38d2-87b0-8dea-410862478b52,e2e596e1-d343-137a-7909-f60d5091f248,2,2025-09-23T18:49:50Z,2025-09-23T14:13:53Z
5d8da387-68d2-9d6a-6746-482994fb2318,e2e596e1-d343-137a-7909-f60d5091f248,4,2025-09-24T08:39:07Z,2025-09-24T08:08:46Z
a16e00a4-0d4a-0b03-317e-6fee081c7028,e2e596e1-d343-137a-7909-f60d5091f248,5,2025-09-28T06:12:40Z,2025-09-28T13:24:05Z
7761ab63-3356-5d44-d374-f3554443200e,f20ab944-3bc9-3dd8-3927-7c3ce2645cfc,1,2026-06-04T07:08:37Z,2026-06-04T10:08:08Z
29d799fd-528f-419a-743e-691bb71d6dcb,f20ab944-3bc9-3dd8-3927-7c3ce2645cfc,2,2026-06-04T22:23:13Z,2026-06-04T08:52:14Z
3acf5460-1224-9e7e-0232-f336dbec756c,f20ab944-3bc9-3dd8-3927-7c3ce2645cfc,4,2026-06-04T03:11:27Z,2026-06-04T01:23:54Z
943a292b-2fbc-753f-65a7-8d68af97fed3,f20ab944-3bc9-3dd8-3927-7c3ce2645cfc,5,2026-06-06T08:22:10Z,2026-06-06T11:29:41Z
8b5b8c23-0b4f-73c6-bf67-82ef150e3dd0,f20ab944-3bc9-3dd8-3927-7c3ce2645cfc,6,2026-07-06T15:07:45Z,2026-07-06T19:51:30Z
9b2da998-a4ac-21f7-8709-47491b2a1c08,5a145472-ba26-6383-510a-7470a1d38000,1,2025-02-16T03:05:01Z,2025-02-16T17:49:15Z
4b0cf8c1-f28f-5919-daaa-870dd3e54902,5a145472-ba26-6383-510a-7470a1d38000,2,2025-02-16T09:38:45Z,2025-02-16T08:49:51Z
387c7777-f320-794c-f1cc-8ea80a964a85,5a145472-ba26-6383-510a-7470a1d38000,4,2025-02-18T07:54:56Z,2025-02-18T00:57:14Z
0ed21211-6403-d27d-658a-ad276aa43ef8,5a145472-ba26-6383-510a-7470a1d38000,5,2025-02-18T12:16:41Z,2025-02-18T22:10:13Z
8e0f1201-ed64-af10-b6d3-ec3b084d7b1a,5a145472-ba26-6383-510a-7470a1d38000,7,2025-06-20T16:06:43Z,2025-06-20T13:54:48Z
b5624073-228d-e1b9-aea1-399087bf7947,97fa13f2-3e5f-3d3a-93e6-7289fbc8cde9,1,2026-01-30T10:16:54Z,2026-01-30T13:46:56Z
875c636b-82c3-3bed-0ae4-3f10f5e7fe26,97fa13f2-3e5f-3d3a-93e6-7289fbc8cde9,2,2026-02-01T20:07:16Z,2026-02-01T06:52:25Z
13428d43-19b6-2ce2-725c-e6de721b830d,97fa13f2-3e5f-3d3a-93e6-7289fbc8cde9,4,2026-02-03T12:19:33Z,2026-02-03T12:02:45Z
6364175b-941b-0a78-f9b2-cccd498910f1,97fa13f2-3e5f-3d3a-93e6-7289fbc8cde9,5,2026-02-03T09:51:16Z,2026-02-03T07:53:23Z
aaf19dba-26f5-5c99-7189-cacce1dcb39d,97fa13f2-3e5f-3d3a-93e6-7289fbc8cde9,6,2026-03-03T04:17:02Z,2026-03-03T00:15:52Z
1f7a8c56-8525-20bf-a6e4-75dd934e6d2d,ed5271f2-68a2-e324-6be6-07d802f858ae,1,2025-12-13T20:51:18Z,2025-12-13T02:10:55Z
c355dd60-997c-a4aa-1e02-f94e3b7bc135,ed5271f2-68a2-e324-6be6-07d802f858ae,2,2025-12-14T18:37:55Z,2025-12-14T10:46:05Z
19298a17-9856-6002-0a3a-dab63f929caf,ed5271f2-68a2-e324-6be6-07d802f858ae,4,2025-12-14T19:33:01Z,2025-12-14T14:48:56Z
e7d1330b-78fb-9f90-b46e-b43425446f53,ed5271f2-68a2-e324-6be6-07d802f858ae,5,2025-12-18T12:35:27Z,2025-12-18T10:41:15Z
3a114694-1d3a-8579-b163-d9bd98197ad7,ed5271f2-68a2-e324-6be6-07d802f858ae,6,2026-03-18T04:52:35Z,2026-03-18T11:47:57Z
ee950d08-e5e1-9f14-b299-df49c8c692d9,2580db51-074d-8b16-0d07-976b3bb016f5,1,2026-01-13T16:58:50Z,2026-01-13T08:54:29Z
907cc77a-4b10-b925-e629-1fc7860ebd08,2580db51-074d-8b16-0d07-976b3bb016f5,2,2026-01-13T00:43:38Z,2026-01-13T23:54:43Z
08c83a99-8c1c-ca67-e8b6-9614acab3b9f,2580db51-074d-8b16-0d07-976b3bb016f5,4,2026-01-15T00:05:59Z,2026-01-15T17:49:21Z
5739bcbe-fcd8-4a62-28aa-dd9226e41e07,2580db51-074d-8b16-0d07-976b3bb016f5,5,2026-01-19T16:52:39Z,2026-01-19T09:33:14Z
ffb5ff3e-b4c4-3e8a-26e4-652d2ba92f43,7a9d5646-6cc0-7f06-5672-60255a8ece33,1,2026-06-25T06:28:12Z,2026-06-25T01:47:49Z
84531883-8932-283b-4990-3bb4f9a12229,7a9d5646-6cc0-7f06-5672-60255a8ece33,2,2026-06-28T05:02:50Z,2026-06-28T12:39:11Z
968fb7dd-6289-178d-360b-2ed385a2a146,7a9d5646-6cc0-7f06-5672-60255a8ece33,4,2026-06-29T02:46:43Z,2026-06-29T16:04:58Z
68e11bc2-0a5d-20b0-3552-e67a48246abb,7a9d5646-6cc0-7f06-5672-60255a8ece33,5,2026-07-01T04:48:56Z,2026-07-01T22:41:47Z
9989ba4b-13ac-96eb-34bb-00beb092f445,bd6e0c36-5431-d1d9-4c9f-26d0ce9f869a,1,2025-09-12T20:06:03Z,2025-09-12T13:30:51Z
6878e5cd-7b75-eb31-2e3d-4879ac8276e6,bd6e0c36-5431-d1d9-4c9f-26d0ce9f869a,2,2025-09-15T09:29:31Z,2025-09-15T13:19:51Z
021ee331-1b3f-51d8-be61-69ad383cc400,bd6e0c36-5431-d1d9-4c9f-26d0ce9f869a,4,2025-09-17T23:49:47Z,2025-09-17T17:32:41Z
9e1c6e38-eec7-27dc-924d-e5ab13d3b962,bd6e0c36-5431-d1d9-4c9f-26d0ce9f869a,5,2025-09-21T15:57:20Z,2025-09-21T19:21:23Z
7ea78147-507b-3ccb-724f-39a839cb3940,bd6e0c36-5431-d1d9-4c9f-26d0ce9f869a,6,2025-10-21T18:34:21Z,2025-10-21T12:05:18Z
0fe6c0f3-b402-9e7e-164b-3feaabeacf32,80edd51a-495c-6554-4c3c-9e6d864aefb2,1,2025-02-06T17:25:25Z,2025-02-06T13:52:21Z
c8d5aea9-c2dc-2250-9dce-6b149142c592,80edd51a-495c-6554-4c3c-9e6d864aefb2,3,2025-02-07T04:12:55Z,2025-02-07T08:39:04Z
ee946400-e67f-e8eb-c160-1b87a3f83971,d88cf545-d25c-0462-eba3-dc4dff241720,1,2025-05-24T00:39:17Z,2025-05-24T04:20:43Z
46ca0985-abc9-a48a-7aa9-dd23608bd770,d88cf545-d25c-0462-eba3-dc4dff241720,2,2025-05-26T07:47:23Z,2025-05-26T02:16:31Z
8e2c9c8c-3864-f451-e3c6-bf782124f5b6,d88cf545-d25c-0462-eba3-dc4dff241720,4,2025-05-28T22:55:10Z,2025-05-28T17:47:34Z
b42abdca-7f74-fccb-eb7c-181a9d99d767,d88cf545-d25c-0462-eba3-dc4dff241720,5,2025-05-31T05:37:24Z,2025-05-31T00:26:22Z
24a65f24-bd93-3ae1-5ab0-1f69d570cd50,d88cf545-d25c-0462-eba3-dc4dff241720,7,2025-10-08T10:54:13Z,2025-10-08T09:15:16Z
d424fdf0-72c8-2b33-22bc-7a353d19bbb4,6e09b5be-5e0c-5768-9b13-480475a8db5b,1,2025-03-22T08:33:06Z,2025-03-22T20:38:37Z
83f5c84c-4940-6d72-da14-fc81cbc39f40,6e09b5be-5e0c-5768-9b13-480475a8db5b,2,2025-03-22T19:14:53Z,2025-03-22T15:04:25Z
923811f1-384f-e2ad-82b3-4cf61ea3036b,6e09b5be-5e0c-5768-9b13-480475a8db5b,4,2025-03-22T04:16:00Z,2025-03-22T04:33:37Z
3b01b38d-9b49-5d99-6a9e-d226cb156012,6e09b5be-5e0c-5768-9b13-480475a8db5b,5,2025-03-24T05:53:19Z,2025-03-24T12:27:50Z
8df0befb-9632-5b27-b2cc-91eca7782918,6e09b5be-5e0c-5768-9b13-480475a8db5b,6,2025-04-24T14:04:52Z,2025-04-24T06:53:43Z
fea1ec57-47fb-43b8-0f80-75d19b066796,5b56f362-51f0-d213-7326-7ce70367d8f1,1,2026-02-20T12:10:07Z,2026-02-20T19:40:21Z
57b7845b-fc14-3872-9c3e-42016713b821,5b56f362-51f0-d213-7326-7ce70367d8f1,2,2026-02-20T16:40:30Z,2026-02-20T15:29:58Z
99ce6721-9d41-3ff4-de53-b625239a421b,5b56f362-51f0-d213-7326-7ce70367d8f1,4,2026-02-22T00:01:04Z,2026-02-22T10:18:53Z
a90edaed-5ddc-fb7a-e552-e592f852a9bd,5b56f362-51f0-d213-7326-7ce70367d8f1,5,2026-02-26T13:59:15Z,2026-02-26T17:17:18Z
356fd4a9-8f61-ef1c-73ad-8ab7ad871e9f,5b56f362-51f0-d213-7326-7ce70367d8f1,6,2026-03-26T14:36:13Z,2026-03-26T07:49:25Z
ca8bbe87-5294-815e-2095-70f935bdba63,d2fdd67b-7474-9456-4f4b-7eb48fbcb9f4,1,2025-05-25T01:07:15Z,2025-05-25T20:49:36Z
eba22093-b884-9583-3904-5af0a6cc7c12,d2fdd67b-7474-9456-4f4b-7eb48fbcb9f4,2,2025-05-28T01:21:25Z,2025-05-28T01:49:29Z
d4ecd180-f7f1-d006-4fab-6b03a70e71ee,d2fdd67b-7474-9456-4f4b-7eb48fbcb9f4,4,2025-05-28T11:03:38Z,2025-05-28T02:50:17Z
896a8c37-6aa4-9b86-f723-4a4ebe96e5a2,d2fdd67b-7474-9456-4f4b-7eb48fbcb9f4,5,2025-05-31T13:10:26Z,2025-05-31T15:53:57Z
a51b52e5-75b5-8eed-ebac-e811f14dbfcb,d2fdd67b-7474-9456-4f4b-7eb48fbcb9f4,6,2025-06-30T09:03:13Z,2025-06-30T18:17:15Z
a3295697-5424-9eb5-0e63-18ea0e6659d9,a1e319e9-50a1-9c55-f6a6-74ae49533624,1,2025-12-15T08:00:15Z,2025-12-15T02:23:39Z
0e31004c-e5d9-309d-6d28-eccd08cc2808,a1e319e9-50a1-9c55-f6a6-74ae49533624,2,2025-12-17T23:23:28Z,2025-12-17T10:57:12Z
40377397-ec12-ec53-b104-b260bc563fd2,a1e319e9-50a1-9c55-f6a6-74ae49533624,4,2025-12-17T20:34:01Z,2025-12-17T08:01:10Z
c335c9c4-a863-a591-e068-abb3e727aee5,a1e319e9-50a1-9c55-f6a6-74ae49533624,5,2025-12-18T11:32:01Z,2025-12-18T16:03:36Z
259e1bbe-5371-118c-65a5-75f78e8fdb00,a1e319e9-50a1-9c55-f6a6-74ae49533624,6,2026-01-18T02:23:54Z,2026-01-18T19:36:24Z
e75a6f85-a80f-5132-ceac-91e0f675fb7a,8874ec74-3b5a-bb6e-caac-474a6bd11ec3,1,2026-05-16T16:18:05Z,2026-05-16T22:28:47Z
f2880894-ff79-cde2-cf3a-07f92a2aeca6,8874ec74-3b5a-bb6e-caac-474a6bd11ec3,2,2026-05-18T19:45:52Z,2026-05-18T15:11:26Z
dfc71c0b-9d41-f7e5-4aa9-f388701c3166,8874ec74-3b5a-bb6e-caac-474a6bd11ec3,4,2026-05-20T18:49:52Z,2026-05-20T00:58:43Z
15d3a14e-0433-1abe-e444-4c4ce5e082f1,8874ec74-3b5a-bb6e-caac-474a6bd11ec3,5,2026-05-22T23:27:18Z,2026-05-22T08:29:44Z
357960b0-dc12-ebb5-cc17-d7545110e079,8874ec74-3b5a-bb6e-caac-474a6bd11ec3,6,2026-06-22T11:25:40Z,2026-06-22T05:23:46Z
d92756cf-91b8-0c29-6e86-0bed6caa71db,0f0793de-53f0-34e0-af38-1bc60a797c15,1,2026-05-27T19:54:18Z,2026-05-27T05:16:57Z
b57a3cbe-ee6e-7962-4fbd-6435e5014fc7,0f0793de-53f0-34e0-af38-1bc60a797c15,2,2026-05-28T09:26:26Z,2026-05-28T20:04:54Z
2eeac170-a067-d5c1-be44-403aac0494e7,0f0793de-53f0-34e0-af38-1bc60a797c15,8,2026-06-01T08:31:13Z,2026-06-01T03:07:25Z
f0b44d76-14bb-5d9b-2572-967dbf6792c2,2fa9013f-9528-b24f-49cb-d87a346d833e,1,2025-03-23T14:45:10Z,2025-03-23T00:40:37Z
186c354d-a1ec-f2e0-538a-202eb912f660,2fa9013f-9528-b24f-49cb-d87a346d833e,2,2025-03-24T08:30:46Z,2025-03-24T20:52:50Z
91472c1e-b873-45ca-ecab-c5ee094090eb,2fa9013f-9528-b24f-49cb-d87a346d833e,4,2025-03-26T13:07:39Z,2025-03-26T10:33:03Z
cbdc13c0-1d53-f927-82a4-0e819a3fdf7f,2fa9013f-9528-b24f-49cb-d87a346d833e,5,2025-03-29T01:48:53Z,2025-03-29T17:35:07Z
1038bcaa-71bb-a287-4dfa-0637cbd87cac,2fa9013f-9528-b24f-49cb-d87a346d833e,6,2025-09-29T19:37:47Z,2025-09-29T11:03:13Z
d7b3c9d5-7917-d006-f68c-982e993f3371,a0d40730-f0a3-9f73-9672-6f389630afad,1,2025-08-14T13:27:43Z,2025-08-14T21:57:34Z
f36c5c85-af7e-c695-a916-faaf7191557d,a0d40730-f0a3-9f73-9672-6f389630afad,2,2025-08-17T19:44:49Z,2025-08-17T07:46:29Z
d28f27ba-78b2-6c97-f251-3c94940b73bd,a0d40730-f0a3-9f73-9672-6f389630afad,4,2025-08-19T14:50:06Z,2025-08-19T14:08:57Z
e43f5551-b459-5c08-9936-d7bcb630de05,a0d40730-f0a3-9f73-9672-6f389630afad,5,2025-08-20T20:25:34Z,2025-08-20T23:48:24Z
44dd2b92-cb17-a4e1-d5c4-bdf6a9158925,a0d40730-f0a3-9f73-9672-6f389630afad,6,2025-11-20T18:46:45Z,2025-11-20T22:55:19Z
6f10a224-413e-6327-a193-7946107d04d5,6368e97f-931b-79b8-284a-273f05cf23d0,1,2025-04-25T09:18:12Z,2025-04-25T15:52:05Z
64b7b8a7-cd5f-8035-41ae-538afbc8cd28,6368e97f-931b-79b8-284a-273f05cf23d0,2,2025-04-25T03:29:55Z,2025-04-25T12:30:59Z
46b62b14-2544-0280-366f-d19c3108c272,6368e97f-931b-79b8-284a-273f05cf23d0,4,2025-04-26T17:53:33Z,2025-04-26T03:55:08Z
301af11c-3c25-24c7-1aff-a00558c89cef,6368e97f-931b-79b8-284a-273f05cf23d0,5,2025-04-27T23:00:59Z,2025-04-27T09:21:09Z
977c8183-6e20-96c6-fde7-7c7d2248f36b,6368e97f-931b-79b8-284a-273f05cf23d0,7,2026-02-23T10:09:21Z,2026-02-23T19:26:31Z
dac5ff2a-1922-780d-e64e-0746d84691d6,2cc29eeb-71c5-e25c-1c2c-394f251c69fc,1,2025-02-06T12:29:29Z,2025-02-06T14:30:26Z
a1de93f1-d32a-6fbc-6ff4-9858aecaf0ce,2cc29eeb-71c5-e25c-1c2c-394f251c69fc,2,2025-02-06T07:27:30Z,2025-02-06T17:10:00Z
e3724bed-af18-ada5-7663-8f49adf0f815,2cc29eeb-71c5-e25c-1c2c-394f251c69fc,4,2025-02-06T06:48:36Z,2025-02-06T06:07:28Z
8565f197-bd4b-8dee-c927-23b0a2f78314,2cc29eeb-71c5-e25c-1c2c-394f251c69fc,5,2025-02-10T13:30:15Z,2025-02-10T04:12:10Z
50fa691e-cf50-0183-6d15-36dd98797351,2cc29eeb-71c5-e25c-1c2c-394f251c69fc,6,2026-02-10T18:04:23Z,2026-02-10T09:22:03Z
0d986a1d-0319-ee78-5838-8a0b6e12b44f,d45cef8f-3b77-476a-7806-dffc3a44b8f4,1,2026-03-31T21:31:23Z,2026-03-31T19:21:28Z
78baefb7-ebc6-5831-8eb9-bac775134b1c,d45cef8f-3b77-476a-7806-dffc3a44b8f4,2,2026-04-01T07:16:01Z,2026-04-01T09:56:44Z
aa12d3c5-66dc-407d-6c47-79cd25da4160,d45cef8f-3b77-476a-7806-dffc3a44b8f4,4,2026-04-03T13:36:16Z,2026-04-03T14:44:48Z
9c31ba60-194c-df61-d311-300aa8a06f6d,d45cef8f-3b77-476a-7806-dffc3a44b8f4,5,2026-04-07T06:08:24Z,2026-04-07T17:59:17Z
689dfaae-48e4-b61c-cd05-c7d99e0ac72e,5ea52768-b26d-8e2c-3de7-ae02c0e540eb,1,2026-07-07T17:02:39Z,2026-07-07T00:42:59Z
7951b22d-5fd8-083b-1b80-5061367d825c,5ea52768-b26d-8e2c-3de7-ae02c0e540eb,3,2026-07-09T05:17:51Z,2026-07-09T13:48:02Z
66b5d19f-2d8f-daae-d1f4-b3bef54c9c22,d9dede5d-d565-b8de-f46e-afadbdf948d9,1,2025-04-27T03:13:49Z,2025-04-27T16:58:56Z
70dff6a1-46ed-191f-8996-dc9327a3ff40,d9dede5d-d565-b8de-f46e-afadbdf948d9,2,2025-04-30T23:22:43Z,2025-04-30T04:10:07Z
94fd688f-3d5e-406b-f0d2-0ee67e8032e0,d9dede5d-d565-b8de-f46e-afadbdf948d9,4,2025-04-30T13:44:13Z,2025-04-30T19:58:58Z
f6a19b22-9c34-49de-7459-2b3dbd08776e,d9dede5d-d565-b8de-f46e-afadbdf948d9,5,2025-05-04T13:02:20Z,2025-05-04T04:57:12Z
eb80581b-c938-888b-1dec-7c5462ee9f02,d9dede5d-d565-b8de-f46e-afadbdf948d9,6,2025-06-04T17:20:38Z,2025-06-04T18:17:41Z
e851ceeb-6112-8499-89e3-21ae2daa0cff,f4656d36-4acb-ff8c-85d9-4bb70e72db28,1,2025-01-19T07:37:09Z,2025-01-19T00:59:01Z
44ec2b93-cf6b-330e-c196-317b9146cecc,f4656d36-4acb-ff8c-85d9-4bb70e72db28,2,2025-01-20T18:21:42Z,2025-01-20T04:10:40Z
c9ab9ffe-3f9d-ffad-6698-55390fa315b0,f4656d36-4acb-ff8c-85d9-4bb70e72db28,8,2025-01-21T19:38:47Z,2025-01-21T08:44:47Z
cd62a45b-4599-693c-bfbe-3329fe5bc9ea,ba86db27-d6fa-688f-bf1b-35cd220fcce0,1,2025-07-25T12:00:09Z,2025-07-25T04:31:01Z
8804682e-ecc9-691c-e878-316a44cd70c0,ba86db27-d6fa-688f-bf1b-35cd220fcce0,2,2025-07-28T20:00:35Z,2025-07-28T00:44:02Z
c838d9de-058a-b119-e173-bcb63f3162ed,ba86db27-d6fa-688f-bf1b-35cd220fcce0,4,2025-07-28T04:19:27Z,2025-07-28T00:15:52Z
9ae2507c-3dad-d073-b206-97cab6e567ae,ba86db27-d6fa-688f-bf1b-35cd220fcce0,5,2025-07-31T19:46:39Z,2025-07-31T03:46:05Z
03cd128a-2981-f898-3762-194dbdb5273e,557ee8b6-2a6d-97ce-a78f-c71a7a645552,1,2026-06-17T18:58:47Z,2026-06-17T16:10:53Z
69d0acd8-a6e2-83b3-2147-8893aea38b84,557ee8b6-2a6d-97ce-a78f-c71a7a645552,2,2026-06-19T08:34:07Z,2026-06-19T19:59:24Z
00712dfc-0d63-5c2a-a884-fcf4439c994c,557ee8b6-2a6d-97ce-a78f-c71a7a645552,4,2026-06-21T09:03:31Z,2026-06-21T11:09:23Z
09953c04-9c66-d801-85d5-44f908e61229,557ee8b6-2a6d-97ce-a78f-c71a7a645552,5,2026-06-23T21:12:41Z,2026-06-23T05:40:01Z
5505acb7-e869-3770-b4f0-9217161eb030,25fe56e2-6f3c-9da3-1d1b-89fb655522c0,1,2025-03-17T20:03:21Z,2025-03-17T12:14:02Z
53d24081-0494-724b-28b7-7ded2add9459,25fe56e2-6f3c-9da3-1d1b-89fb655522c0,2,2025-03-19T16:45:28Z,2025-03-19T18:35:48Z
08e84837-08a2-0ed7-ac3f-032d3381fdd7,25fe56e2-6f3c-9da3-1d1b-89fb655522c0,4,2025-03-20T12:41:14Z,2025-03-20T19:24:53Z
6521fd37-051d-9368-f7c2-9cd5dbb9d00a,25fe56e2-6f3c-9da3-1d1b-89fb655522c0,5,2025-03-23T15:56:11Z,2025-03-23T01:56:18Z
9268eb53-2b1d-31db-5a8c-8f8cdbc32584,25fe56e2-6f3c-9da3-1d1b-89fb655522c0,6,2025-09-23T06:35:20Z,2025-09-23T07:33:31Z
4e30d45a-ee6e-8bc5-1295-a6baa631a4a3,39a82876-06a5-39a6-9d1f-fb79ab4acef3,1,2026-06-01T02:04:48Z,2026-06-01T04:52:26Z
d51b9c31-5f61-8806-b457-0062d252c5f4,39a82876-06a5-39a6-9d1f-fb79ab4acef3,2,2026-06-03T10:49:54Z,2026-06-03T11:16:58Z
61d3da5c-e92a-ee7a-93d3-8476a1baae0b,39a82876-06a5-39a6-9d1f-fb79ab4acef3,4,2026-06-03T22:22:27Z,2026-06-03T07:48:08Z
9bd297dd-8f49-3490-c618-8a63d00c35ea,9d77190c-06dd-920c-7693-33c6035f3064,1,2025-09-05T04:01:00Z,2025-09-05T17:42:37Z
d7e9b117-b0d9-72a1-5f39-d21e55f3dd12,9d77190c-06dd-920c-7693-33c6035f3064,2,2025-09-08T19:49:49Z,2025-09-08T09:45:29Z
9d00f06f-8712-8294-eaa4-5d3bfd391d64,9d77190c-06dd-920c-7693-33c6035f3064,4,2025-09-09T07:23:21Z,2025-09-09T06:44:01Z
b71d7c61-74b3-b58e-8cc4-ad94a5af44e9,9d77190c-06dd-920c-7693-33c6035f3064,5,2025-09-11T01:56:48Z,2025-09-11T15:28:34Z
873ccc2d-7dba-2fdf-3572-b4492e301b31,9d77190c-06dd-920c-7693-33c6035f3064,6,2025-10-11T22:52:44Z,2025-10-11T00:31:22Z
40694f2f-7eec-ed08-c6bb-00a4cd269bbe,e47f98d2-e499-51d8-a6a7-47c28fb457a3,1,2025-05-14T08:44:54Z,2025-05-14T11:45:48Z
2cf6ee35-9b9a-60cc-1491-1e8e64d20aec,e47f98d2-e499-51d8-a6a7-47c28fb457a3,2,2025-05-17T23:29:01Z,2025-05-17T21:14:45Z
ceef887b-4150-96b7-f3a9-fefc2e62cb52,e47f98d2-e499-51d8-a6a7-47c28fb457a3,4,2025-05-17T21:15:54Z,2025-05-17T03:05:14Z
5b79dced-4fa7-e9d4-8306-a609fe55d4e6,e47f98d2-e499-51d8-a6a7-47c28fb457a3,5,2025-05-21T05:37:03Z,2025-05-21T03:47:25Z
467d6859-4ae3-d799-6b83-0df4fcbf7b92,e47f98d2-e499-51d8-a6a7-47c28fb457a3,6,2025-06-21T07:02:11Z,2025-06-21T02:33:12Z
1f8c3763-f971-1f27-7ffd-010af374e0a9,bad22cde-03ac-ef29-ae73-abe148a0249b,1,2025-12-28T10:15:59Z,2025-12-28T15:07:16Z
e0331cc8-e405-a162-617f-1f054424ebff,bad22cde-03ac-ef29-ae73-abe148a0249b,2,2025-12-30T19:08:00Z,2025-12-30T18:17:56Z
80d31f9b-a34d-ed51-3dac-de0ba2f06218,bad22cde-03ac-ef29-ae73-abe148a0249b,4,2026-01-01T08:44:17Z,2026-01-01T06:35:05Z
20723e43-4576-fcde-775d-fdf44f4c0c76,bad22cde-03ac-ef29-ae73-abe148a0249b,5,2026-01-01T10:07:20Z,2026-01-01T03:37:22Z
fd498451-ae5a-3bca-b6c6-40989f115407,bad22cde-03ac-ef29-ae73-abe148a0249b,6,2026-02-01T14:41:49Z,2026-02-01T00:37:36Z
7ce43561-a550-45ca-4f83-91574e6129eb,b3661c7b-844b-9fdd-1137-2d83449f89ef,1,2025-01-09T09:09:51Z,2025-01-09T21:37:16Z
977d6e19-c423-a6a6-80b2-e9bec65d435b,b3661c7b-844b-9fdd-1137-2d83449f89ef,3,2025-01-12T19:48:09Z,2025-01-12T18:08:47Z
f454b954-60e4-ed85-9121-ccead5298c8c,8d4ba57c-9a0a-15e1-5d68-d5521a7e663a,1,2025-10-14T06:37:44Z,2025-10-14T08:49:23Z
0b5b3445-e8e0-48da-ac1f-0d80498a5f1d,8d4ba57c-9a0a-15e1-5d68-d5521a7e663a,2,2025-10-14T17:06:47Z,2025-10-14T04:36:24Z
efd74d4d-c5f5-88b1-3676-119f854d46d9,8d4ba57c-9a0a-15e1-5d68-d5521a7e663a,4,2025-10-16T09:36:22Z,2025-10-16T11:03:39Z
7cfe74ed-e5fb-181c-bb5d-87955c55ed20,8d4ba57c-9a0a-15e1-5d68-d5521a7e663a,5,2025-10-16T21:51:49Z,2025-10-16T12:14:50Z
dd3be46a-9f22-dc82-8c56-39db828859b7,e129dc1c-adcd-64bc-4238-8cd53811a6e5,1,2025-01-06T10:40:46Z,2025-01-06T00:44:03Z
dacd3cb1-6796-c2cb-f62e-ce2573c63475,e129dc1c-adcd-64bc-4238-8cd53811a6e5,3,2025-01-08T01:23:36Z,2025-01-08T06:32:52Z
65fe30de-9572-b9c8-7281-54209c6981c5,0a2c7a7d-3af2-5da6-8b5b-0eeacb41ddd8,1,2026-07-17T03:33:26Z,2026-07-17T13:38:33Z
45ecd48b-ab10-5ee3-f93f-7493b725f65e,0a2c7a7d-3af2-5da6-8b5b-0eeacb41ddd8,2,2026-07-17T23:54:06Z,2026-07-17T03:35:48Z
30337c8c-edae-3f0c-5c1d-1118a4d9a926,0a2c7a7d-3af2-5da6-8b5b-0eeacb41ddd8,4,2026-07-19T18:56:23Z,2026-07-19T00:11:18Z
d7508d48-a97f-03ec-bbb6-8f05c756d144,0a2c7a7d-3af2-5da6-8b5b-0eeacb41ddd8,5,2026-07-20T11:11:22Z,2026-07-20T14:02:24Z
327bc693-dfc0-7630-a4a7-c9266495dbf4,a3e16596-b937-e57c-da9c-34081c0ad7a9,1,2025-08-19T01:59:45Z,2025-08-19T14:31:35Z
730e1aca-43d3-23c0-9971-1571d59ca77b,a3e16596-b937-e57c-da9c-34081c0ad7a9,2,2025-08-21T12:36:25Z,2025-08-21T05:45:14Z
20efb624-e818-7079-12ad-634930af409c,a3e16596-b937-e57c-da9c-34081c0ad7a9,4,2025-08-22T22:59:34Z,2025-08-22T12:24:16Z
63fdd06a-e086-43ea-072a-ee12f0aa8d0b,a3e16596-b937-e57c-da9c-34081c0ad7a9,5,2025-08-23T18:14:34Z,2025-08-23T10:21:55Z
75c581dc-7dd7-526a-0d6b-a8382e0b39cb,a3e16596-b937-e57c-da9c-34081c0ad7a9,6,2025-09-23T23:22:10Z,2025-09-23T16:48:53Z
f301a18c-2a6f-5af0-7e74-2047b5e72308,5308a99a-6d1a-5bfa-d39d-4de30aaabfc1,1,2026-02-07T23:53:05Z,2026-02-07T05:19:21Z
e809d05b-0dae-bcfb-f8e1-30fb96bc4d58,5308a99a-6d1a-5bfa-d39d-4de30aaabfc1,2,2026-02-09T03:35:56Z,2026-02-09T03:55:55Z
33960d3d-9e5f-ecbf-6122-b35dddd66679,5308a99a-6d1a-5bfa-d39d-4de30aaabfc1,4,2026-02-09T00:17:47Z,2026-02-09T16:44:40Z
93d8f360-778b-b2b5-aeef-f2d5f7329261,5308a99a-6d1a-5bfa-d39d-4de30aaabfc1,5,2026-02-11T17:51:50Z,2026-02-11T19:43:31Z
cb944bbd-f160-7f1a-e9c0-d1c645134c86,f59a05e0-1fc7-f0b3-9ee2-158e72547304,1,2025-11-20T03:25:04Z,2025-11-20T03:40:57Z
3fa1bdfb-fdfa-3c0f-ec91-c98a2b6078d7,f59a05e0-1fc7-f0b3-9ee2-158e72547304,2,2025-11-20T07:17:19Z,2025-11-20T07:40:17Z
36e0abcf-e589-b3c8-11c2-8e82673b8ca8,f59a05e0-1fc7-f0b3-9ee2-158e72547304,4,2025-11-22T14:42:48Z,2025-11-22T15:52:28Z
22485c0f-1399-5b8f-a18d-3b088fd99cfb,69032a0d-937f-5611-1c36-86c41acd8922,1,2026-03-01T18:59:38Z,2026-03-01T23:11:58Z
443c54e4-4db6-db5f-cab4-19a7278fe577,69032a0d-937f-5611-1c36-86c41acd8922,2,2026-03-02T00:16:28Z,2026-03-02T17:11:44Z
c0333e6b-4703-9226-4608-9772d2b56f46,69032a0d-937f-5611-1c36-86c41acd8922,4,2026-03-03T20:01:23Z,2026-03-03T10:08:01Z
db2a7604-0dea-1742-85c0-45b9233cc2d1,69032a0d-937f-5611-1c36-86c41acd8922,5,2026-03-04T15:22:22Z,2026-03-04T11:27:30Z
993ac074-747a-3956-3d6c-fbf631394cff,ffdaf578-cf11-395d-92c3-bd35158ae1b0,1,2026-03-23T00:56:34Z,2026-03-23T10:50:19Z
dd2310f5-8b17-c0f4-5d91-389d4ccc085a,ffdaf578-cf11-395d-92c3-bd35158ae1b0,2,2026-03-26T10:40:26Z,2026-03-26T19:31:57Z
20968c35-a797-00cc-f6e9-e58511c5c141,ffdaf578-cf11-395d-92c3-bd35158ae1b0,4,2026-03-28T18:43:01Z,2026-03-28T19:18:07Z
a0322181-e00e-499e-435a-f80cf35a2425,ffdaf578-cf11-395d-92c3-bd35158ae1b0,5,2026-03-30T15:23:23Z,2026-03-30T11:34:33Z
f826985a-985c-ffe0-73ed-d4e0b0c52bd6,1142aaa2-ebcf-3d42-72c3-3b9ae67f8c16,1,2026-02-27T08:03:31Z,2026-02-27T19:34:43Z
f5738967-516a-feef-210b-e043cf7b6919,1142aaa2-ebcf-3d42-72c3-3b9ae67f8c16,2,2026-02-27T14:05:31Z,2026-02-27T02:05:26Z
9c3bd960-d483-edf8-cf86-354b4bbabeeb,1142aaa2-ebcf-3d42-72c3-3b9ae67f8c16,4,2026-02-28T17:06:32Z,2026-02-28T02:38:39Z
4cb2858f-620c-1e85-76de-5b953abbd3c5,1142aaa2-ebcf-3d42-72c3-3b9ae67f8c16,5,2026-03-01T23:39:24Z,2026-03-01T00:31:58Z
66227321-4300-c6d1-7bc9-48d5cf178519,1142aaa2-ebcf-3d42-72c3-3b9ae67f8c16,6,2026-06-01T21:07:31Z,2026-06-01T23:41:03Z
73ed8e6f-66e7-0710-0efd-a6ff928ca7c4,ac3c6a0b-5372-1196-3c53-4a41b26d1fc4,1,2026-02-12T05:10:09Z,2026-02-12T20:01:09Z
3d8417f0-4a29-2be0-eb7b-727d2f973d35,ac3c6a0b-5372-1196-3c53-4a41b26d1fc4,2,2026-02-15T03:54:46Z,2026-02-15T08:40:20Z
79c9c2dc-909a-9b44-2073-cfee1e263f38,ac3c6a0b-5372-1196-3c53-4a41b26d1fc4,4,2026-02-15T20:43:50Z,2026-02-15T22:17:26Z
4339560b-99b3-683b-c9fc-1ab57c686ae4,ac3c6a0b-5372-1196-3c53-4a41b26d1fc4,5,2026-02-15T19:39:27Z,2026-02-15T06:55:40Z
e30b0db3-f2d6-dbf0-16af-741db53eb737,622d31ba-8849-b956-efff-5eb5c7065d0c,1,2025-09-25T10:38:20Z,2025-09-25T01:55:18Z
612b211c-944d-6ceb-131b-5459b2e318cb,622d31ba-8849-b956-efff-5eb5c7065d0c,2,2025-09-25T18:11:36Z,2025-09-25T02:02:01Z
3a3fde68-6c57-abe0-61d1-e6d72ec24967,622d31ba-8849-b956-efff-5eb5c7065d0c,4,2025-09-26T06:56:23Z,2025-09-26T01:22:16Z
d7ca2e4a-18ae-1cd0-934d-7cad495d9bf9,622d31ba-8849-b956-efff-5eb5c7065d0c,5,2025-09-29T19:52:40Z,2025-09-29T15:50:26Z
87d624a5-ab0c-6c8c-14c3-d719c43f163c,622d31ba-8849-b956-efff-5eb5c7065d0c,6,2025-10-29T19:29:17Z,2025-10-29T15:00:32Z
72794e89-6190-ec4f-d4f1-efaa59719497,c712c48c-8935-bcac-4211-097b38b42fc5,1,2026-02-21T19:58:57Z,2026-02-21T01:16:56Z
6c085e07-0bc0-6959-9e25-edff9fd1b821,c712c48c-8935-bcac-4211-097b38b42fc5,2,2026-02-22T06:13:28Z,2026-02-22T06:56:05Z
9ee89ba3-6e90-ec6e-5c60-f389dc2106c6,c712c48c-8935-bcac-4211-097b38b42fc5,4,2026-02-24T11:18:01Z,2026-02-24T14:49:46Z
e2bad7eb-9b65-7c87-4a90-e926fae0e729,c712c48c-8935-bcac-4211-097b38b42fc5,5,2026-02-25T00:33:23Z,2026-02-25T19:22:42Z
276ca81b-b086-afe3-a5b2-5a8815992919,8031ef4e-cf61-f9c1-6cbb-8321e2b7bda3,1,2026-03-30T23:25:06Z,2026-03-30T17:59:55Z
22876879-730b-1fd2-b931-da126bf0b40b,8031ef4e-cf61-f9c1-6cbb-8321e2b7bda3,2,2026-04-01T06:03:55Z,2026-04-01T11:21:09Z
3314530e-859c-38c1-5bda-409b334356f7,8031ef4e-cf61-f9c1-6cbb-8321e2b7bda3,4,2026-04-03T23:44:13Z,2026-04-03T16:27:18Z
9c6202d1-95c9-2ac7-1859-cb652e840330,8031ef4e-cf61-f9c1-6cbb-8321e2b7bda3,5,2026-04-06T18:26:41Z,2026-04-06T00:58:09Z
04d66b36-df59-5809-9178-1b543b2c4c65,71fffbd9-892a-beeb-becd-7921e61238a0,1,2025-06-16T09:44:20Z,2025-06-16T14:12:37Z
c76cab9c-6e82-8a63-f88a-a55194bdf842,71fffbd9-892a-beeb-becd-7921e61238a0,2,2025-06-17T08:24:23Z,2025-06-17T19:32:37Z
4fde2fc4-0098-5ea9-0351-9900871588e0,71fffbd9-892a-beeb-becd-7921e61238a0,4,2025-06-19T02:20:44Z,2025-06-19T04:00:11Z
ce1908b9-8644-9d9e-cb92-2f22d645d873,71fffbd9-892a-beeb-becd-7921e61238a0,5,2025-06-21T05:21:10Z,2025-06-21T09:00:51Z
a440b2e8-3952-61df-dfc3-c6031eb50b76,71fffbd9-892a-beeb-becd-7921e61238a0,6,2025-09-21T00:24:38Z,2025-09-21T13:02:15Z
927afb50-68ac-ec72-04b7-a2eda3664861,a4fcbc5e-c52b-2f35-ccfa-d258932df215,1,2026-07-07T01:04:11Z,2026-07-07T07:47:07Z
21f82436-2cc6-f0e8-a73f-fb370ce7af52,a4fcbc5e-c52b-2f35-ccfa-d258932df215,2,2026-07-07T15:33:59Z,2026-07-07T20:17:04Z
de7272b2-ec65-d486-3b5a-11870f6268d9,a4fcbc5e-c52b-2f35-ccfa-d258932df215,4,2026-07-08T00:24:52Z,2026-07-08T09:12:26Z
be9e010e-6f13-2ede-c433-352421013f58,a4fcbc5e-c52b-2f35-ccfa-d258932df215,5,2026-07-10T15:39:56Z,2026-07-10T12:03:36Z
987b0d22-d7b9-4259-68ad-a44d7c87722a,937da97f-3bfb-73e3-affa-e7cfeb6876f1,1,2025-05-16T09:28:44Z,2025-05-16T22:39:26Z
bf774ac9-440a-c239-28b5-875711f6819c,937da97f-3bfb-73e3-affa-e7cfeb6876f1,2,2025-05-17T06:48:08Z,2025-05-17T08:41:55Z
5bfa55cc-ce33-eb5d-f3ae-2af3663934d4,937da97f-3bfb-73e3-affa-e7cfeb6876f1,4,2025-05-18T09:27:57Z,2025-05-18T18:24:37Z
5accaddb-ea60-7d0a-ec92-6124195cb6a4,937da97f-3bfb-73e3-affa-e7cfeb6876f1,5,2025-05-21T04:29:46Z,2025-05-21T19:18:46Z
249699cc-4566-b3ee-cfd9-ac883a997e93,937da97f-3bfb-73e3-affa-e7cfeb6876f1,6,2025-08-21T13:24:42Z,2025-08-21T15:03:04Z
e7178f6f-ef48-5284-a388-b50478edf4c8,9af6856e-1ad9-bf5c-5948-1e6cba28e56f,1,2026-04-08T23:24:56Z,2026-04-08T10:01:00Z
18c793dc-87ae-e8a3-ee3d-74726c09011a,9af6856e-1ad9-bf5c-5948-1e6cba28e56f,2,2026-04-09T08:10:36Z,2026-04-09T12:16:02Z
2cef24ef-7e53-9d6d-9e1f-6dd530dabecf,9af6856e-1ad9-bf5c-5948-1e6cba28e56f,4,2026-04-09T13:53:43Z,2026-04-09T12:38:48Z
39a41757-08ad-7d81-4475-da0a6ae2e15c,9af6856e-1ad9-bf5c-5948-1e6cba28e56f,5,2026-04-10T05:19:10Z,2026-04-10T07:34:16Z
55922224-7e60-ebf2-1985-eb84d3118a8b,0ff3f12a-3c40-cd4e-adc8-6e13b98b7937,1,2026-04-24T10:39:22Z,2026-04-24T00:30:10Z
2778eb31-e09e-c426-be4b-58b29f35eeeb,0ff3f12a-3c40-cd4e-adc8-6e13b98b7937,2,2026-04-27T14:38:01Z,2026-04-27T01:42:17Z
293a00dc-3ce4-06da-f48f-c1d157cc6788,0ff3f12a-3c40-cd4e-adc8-6e13b98b7937,4,2026-04-27T14:35:22Z,2026-04-27T15:11:40Z
c744225b-9782-78f8-5592-80cc3371ed10,0ff3f12a-3c40-cd4e-adc8-6e13b98b7937,5,2026-05-01T14:39:55Z,2026-05-01T09:34:25Z
7613edbc-b76b-aa0a-a929-293287d99088,0ff3f12a-3c40-cd4e-adc8-6e13b98b7937,6,2026-06-01T07:36:45Z,2026-06-01T16:33:29Z
66242fc7-ceef-d239-3958-00484502674d,f06f61e2-9b44-196e-0a69-9f12f323db8c,1,2026-04-15T21:23:15Z,2026-04-15T19:03:31Z
6d90c0d0-47a2-57f6-9ee4-6962e7f646f9,f06f61e2-9b44-196e-0a69-9f12f323db8c,2,2026-04-16T16:54:10Z,2026-04-16T16:59:23Z
1eeb2a52-a81b-d07e-a64c-cbbcb154a7c3,f06f61e2-9b44-196e-0a69-9f12f323db8c,4,2026-04-18T04:05:50Z,2026-04-18T01:46:32Z
4f441a45-a970-19cd-c7c9-ec8d646f4126,f06f61e2-9b44-196e-0a69-9f12f323db8c,5,2026-04-18T23:45:46Z,2026-04-18T19:53:35Z
6a5b5857-8726-c520-fb01-519995821fa4,6762b5e0-2b1e-9544-0ce8-34f683cf63c2,1,2026-01-27T16:53:40Z,2026-01-27T11:23:05Z
0e684871-abfb-eba7-15f7-37b1007f7adc,6762b5e0-2b1e-9544-0ce8-34f683cf63c2,2,2026-01-27T13:21:52Z,2026-01-27T01:20:59Z
ecd84d71-054d-e117-00bb-cf1d6fc5f0da,6762b5e0-2b1e-9544-0ce8-34f683cf63c2,4,2026-01-27T09:02:19Z,2026-01-27T04:42:19Z
06714087-7ae6-b661-eacc-61c422e209e4,6762b5e0-2b1e-9544-0ce8-34f683cf63c2,5,2026-01-27T06:01:11Z,2026-01-27T08:43:24Z
e2d6a1df-206b-a079-2f2b-78004d658e7f,6762b5e0-2b1e-9544-0ce8-34f683cf63c2,6,2026-02-27T03:31:50Z,2026-02-27T11:55:57Z
670f73d5-9476-d661-9c79-141651427cf5,ae222bfe-cce3-0bb9-4ea9-d3f7be74a4c8,1,2025-06-15T06:13:09Z,2025-06-15T07:01:21Z
3ed843b1-cccf-4e37-08dd-744c8042b9f2,ae222bfe-cce3-0bb9-4ea9-d3f7be74a4c8,2,2025-06-16T21:10:01Z,2025-06-16T14:35:07Z
1a3ea11c-7216-0e49-09dd-5f5ab5571482,ae222bfe-cce3-0bb9-4ea9-d3f7be74a4c8,4,2025-06-18T15:08:55Z,2025-06-18T00:56:26Z
e8b4df48-4280-bcc8-2ffc-bad2b09cd705,ae222bfe-cce3-0bb9-4ea9-d3f7be74a4c8,5,2025-06-19T04:28:54Z,2025-06-19T20:08:40Z
d89df91a-b7d6-e96f-080d-496ce17cfc19,ae222bfe-cce3-0bb9-4ea9-d3f7be74a4c8,6,2025-07-19T10:48:29Z,2025-07-19T08:50:10Z
c41a1d68-77e8-d4d3-ef7f-522bb69b9f98,3755c862-6fb0-cce8-fa6f-ef4ce50bfa78,1,2026-04-22T16:46:59Z,2026-04-22T09:11:41Z
4f0e48cf-90b8-cd3c-57ac-9ef7cbedfe6c,3755c862-6fb0-cce8-fa6f-ef4ce50bfa78,2,2026-04-25T07:16:38Z,2026-04-25T15:55:39Z
b0840b8b-0af4-cc11-57e6-3f75bf1b621c,3755c862-6fb0-cce8-fa6f-ef4ce50bfa78,4,2026-04-25T00:25:44Z,2026-04-25T16:50:08Z
c30dfbef-b87e-cb50-9892-1946f0972406,3755c862-6fb0-cce8-fa6f-ef4ce50bfa78,5,2026-04-25T08:23:46Z,2026-04-25T17:30:25Z
50f56689-9886-ca53-dd87-0e4e16741c5c,3755c862-6fb0-cce8-fa6f-ef4ce50bfa78,6,2026-05-25T13:56:03Z,2026-05-25T01:50:03Z
c14fac4e-a3eb-244f-105c-f6cb5e981535,fdf7997a-fb7f-701d-6df6-bf855cd1bcb4,1,2025-09-21T22:06:47Z,2025-09-21T23:35:14Z
5854b254-25bb-fd4d-c228-55ced634775f,fdf7997a-fb7f-701d-6df6-bf855cd1bcb4,2,2025-09-24T03:54:42Z,2025-09-24T08:02:38Z
d075c678-9775-551a-0ed3-70bad9869d3b,fdf7997a-fb7f-701d-6df6-bf855cd1bcb4,4,2025-09-24T15:37:23Z,2025-09-24T17:12:16Z
edc65bfb-984c-921b-29ad-761237ff09a9,de430733-cb22-872c-1256-7842523ff5dd,1,2026-06-24T01:48:35Z,2026-06-24T19:09:56Z
bcc12d63-792d-8730-d0d1-9e8efcc6f261,de430733-cb22-872c-1256-7842523ff5dd,2,2026-06-24T05:46:41Z,2026-06-24T14:41:02Z
9752ca54-d0d6-552b-3091-0bc8596bc8f5,de430733-cb22-872c-1256-7842523ff5dd,4,2026-06-24T04:47:14Z,2026-06-24T12:43:27Z
016b7853-6b82-e277-322c-3da126499962,de430733-cb22-872c-1256-7842523ff5dd,5,2026-06-28T23:23:59Z,2026-06-28T21:57:15Z
089824cd-af8a-2573-b1c5-b62699eb80b6,db16f1e4-8755-3e01-6233-4a8b3f90b5b6,1,2025-06-17T14:19:38Z,2025-06-17T12:29:45Z
56858aba-1820-f98e-01ec-5e18aedde68e,db16f1e4-8755-3e01-6233-4a8b3f90b5b6,2,2025-06-20T06:18:21Z,2025-06-20T12:26:01Z
4e85991c-0c04-84bf-f138-a31949bdce8f,db16f1e4-8755-3e01-6233-4a8b3f90b5b6,4,2025-06-22T07:51:31Z,2025-06-22T20:21:51Z
27d6613e-0196-d4a0-34b0-a4ad049ab715,db16f1e4-8755-3e01-6233-4a8b3f90b5b6,5,2025-06-26T01:48:57Z,2025-06-26T19:29:39Z
c73f35bc-93ae-ad16-18d9-9867c42eb343,db16f1e4-8755-3e01-6233-4a8b3f90b5b6,6,2025-07-26T20:41:45Z,2025-07-26T06:37:14Z
2d528d76-01b6-a927-e129-9a77f98f9d87,36600c5b-638d-4a69-3d91-eb3940dffe4f,1,2026-06-13T23:09:57Z,2026-06-13T16:04:41Z
a4f8dc7b-5179-ebbb-b0cc-68432af291f3,36600c5b-638d-4a69-3d91-eb3940dffe4f,2,2026-06-15T19:38:10Z,2026-06-15T15:24:39Z
9461a863-3b38-bae4-32f9-541568992c34,36600c5b-638d-4a69-3d91-eb3940dffe4f,8,2026-06-16T07:21:54Z,2026-06-16T13:10:39Z
0a571598-4fcc-ac3f-6bde-74ee9d04f8b7,2ceeaec8-c123-53ae-bf0c-eb784bc89605,1,2025-11-26T10:06:17Z,2025-11-26T04:03:59Z
59d961e6-ff71-fa65-0127-99da7f6eb4bc,2ceeaec8-c123-53ae-bf0c-eb784bc89605,2,2025-11-26T21:08:35Z,2025-11-26T22:51:06Z
9b84e42c-5f8d-57b0-202f-100f3164e3e4,2ceeaec8-c123-53ae-bf0c-eb784bc89605,4,2025-11-26T08:34:58Z,2025-11-26T12:49:00Z
126a5f04-4335-94ca-e76e-1dc6ad21cdcb,2ceeaec8-c123-53ae-bf0c-eb784bc89605,5,2025-11-27T10:12:35Z,2025-11-27T12:36:00Z
1c7cb72a-0509-03e4-63b6-e4ef4fd6bce5,2ceeaec8-c123-53ae-bf0c-eb784bc89605,6,2025-12-27T03:33:10Z,2025-12-27T11:58:32Z
7e3f8912-9da8-b757-8be0-4fe8e066d6b8,89055d64-3545-02cb-a115-3f91ec672880,1,2025-06-20T00:38:06Z,2025-06-20T06:10:54Z
3ee8ea66-cfc4-449e-91c7-ded2edc99b8d,89055d64-3545-02cb-a115-3f91ec672880,2,2025-06-23T18:04:24Z,2025-06-23T10:36:02Z
e2bf5417-ddd1-4c47-1067-eaeff3ffcaf6,89055d64-3545-02cb-a115-3f91ec672880,4,2025-06-23T10:09:38Z,2025-06-23T10:50:34Z
806f3189-1991-6ccc-e912-ba3214afbb1b,89055d64-3545-02cb-a115-3f91ec672880,5,2025-06-25T03:29:06Z,2025-06-25T14:02:57Z
d11ec855-d6c2-093c-247c-afb7a32b5b9c,89055d64-3545-02cb-a115-3f91ec672880,7,2026-01-03T18:57:18Z,2026-01-03T02:56:40Z
ef64b03b-9f88-d1f6-682d-27b195540d48,edd88024-58c3-fddf-59c5-28706a863c1b,1,2025-01-04T13:54:42Z,2025-01-04T16:17:04Z
a3dfa6d1-d3bf-0f09-cb98-30ae000dab50,edd88024-58c3-fddf-59c5-28706a863c1b,2,2025-01-04T10:14:31Z,2025-01-04T19:41:00Z
a6c14694-ed57-621e-3b35-e673f9da5d5a,edd88024-58c3-fddf-59c5-28706a863c1b,4,2025-01-06T16:40:40Z,2025-01-06T21:15:39Z
50ce0aad-d68d-d587-c439-579508f9606b,edd88024-58c3-fddf-59c5-28706a863c1b,5,2025-01-07T13:14:49Z,2025-01-07T10:55:49Z
553b9115-1d9b-7664-9b8c-7079e398cfd3,edd88024-58c3-fddf-59c5-28706a863c1b,6,2025-02-07T13:39:33Z,2025-02-07T17:31:24Z
89bd4c30-02d0-fedf-5b5d-0a21fde4c6fb,ca01e7d1-a4d9-8dd5-e711-26aeb668f6b8,1,2026-06-21T20:23:37Z,2026-06-21T21:38:55Z
ed4b48f3-bb9f-0960-638b-71e904d41652,ca01e7d1-a4d9-8dd5-e711-26aeb668f6b8,2,2026-06-23T04:11:10Z,2026-06-23T18:48:10Z
e4dacb35-47c7-9222-5fa6-9f0b94cc23b7,ca01e7d1-a4d9-8dd5-e711-26aeb668f6b8,4,2026-06-24T15:01:35Z,2026-06-24T17:36:37Z
16275c81-b33a-85d4-9ad1-8804688327b4,ca01e7d1-a4d9-8dd5-e711-26aeb668f6b8,5,2026-06-27T03:50:25Z,2026-06-27T19:21:26Z
b4957465-a631-1dd7-5710-8bece5b6340d,845f6c6e-a1cd-02ea-6cdf-cfe1b6a73eeb,1,2025-10-16T00:05:25Z,2025-10-16T12:44:27Z
f8f7ffd0-95bc-7154-7421-2c242927bcc7,845f6c6e-a1cd-02ea-6cdf-cfe1b6a73eeb,3,2025-10-19T16:29:21Z,2025-10-19T03:52:20Z
8e6b060a-da12-d6ba-3359-c06943293147,93708e24-96fe-444d-c75f-95521c42dd49,1,2025-05-22T01:14:43Z,2025-05-22T07:34:42Z
278a5151-66ba-dbcf-d307-6156b40be2df,93708e24-96fe-444d-c75f-95521c42dd49,2,2025-05-24T08:16:03Z,2025-05-24T22:36:13Z
eb2a27b4-50a3-b344-a2e0-52e9b151d3c2,93708e24-96fe-444d-c75f-95521c42dd49,4,2025-05-24T21:12:57Z,2025-05-24T06:46:06Z
6aec4c54-f45a-0cfd-692e-1cce9a3f6cd5,93708e24-96fe-444d-c75f-95521c42dd49,5,2025-05-24T10:28:36Z,2025-05-24T19:39:28Z
6ac8fbff-80be-6802-9c4e-d61db22ac09d,93708e24-96fe-444d-c75f-95521c42dd49,6,2025-06-24T16:42:22Z,2025-06-24T04:22:22Z
49fcd7eb-c343-96fe-b663-97eb038fb78c,671e332e-893c-a7e0-b869-c90cccbee503,1,2025-08-06T05:38:57Z,2025-08-06T21:10:13Z
684419ba-8c4b-d31c-ac34-4bd732226129,671e332e-893c-a7e0-b869-c90cccbee503,2,2025-08-07T16:35:51Z,2025-08-07T00:18:46Z
20b835fb-46a0-bf64-f5bb-b97fb233397f,671e332e-893c-a7e0-b869-c90cccbee503,4,2025-08-08T05:51:52Z,2025-08-08T05:23:10Z
ffb3589e-e3dd-2f85-627a-c3ba6434ecac,671e332e-893c-a7e0-b869-c90cccbee503,5,2025-08-10T17:34:38Z,2025-08-10T14:04:00Z
efce606e-284b-3970-d774-12387995b9d4,671e332e-893c-a7e0-b869-c90cccbee503,6,2025-09-10T04:26:38Z,2025-09-10T06:45:20Z
207dfae2-c627-bcdf-12d0-c7dde2d4ba35,9e2bd964-db44-f88b-ccb6-1a1b64452c13,1,2026-03-03T11:45:47Z,2026-03-03T10:03:37Z
fc579117-3ed8-2ff0-3e3f-2be977c1273f,9e2bd964-db44-f88b-ccb6-1a1b64452c13,2,2026-03-05T10:39:53Z,2026-03-05T00:52:58Z
e76d1859-74b0-eaa7-b069-49596698b02b,9e2bd964-db44-f88b-ccb6-1a1b64452c13,4,2026-03-06T07:01:44Z,2026-03-06T14:37:28Z
c6ac0630-49f1-b021-36be-6f813360f0eb,9e2bd964-db44-f88b-ccb6-1a1b64452c13,5,2026-03-09T10:04:55Z,2026-03-09T06:15:44Z
ab3f1985-c13c-0038-5a68-14afdfddd0a3,acbce845-800a-2cd1-2ae9-d7f4773f663f,1,2025-10-02T22:17:56Z,2025-10-02T00:25:48Z
aabad7b4-77f2-df53-0356-cdeec7535697,acbce845-800a-2cd1-2ae9-d7f4773f663f,2,2025-10-03T10:35:08Z,2025-10-03T12:48:31Z
3d140af8-e357-6dcf-c52f-cdf72b22601c,acbce845-800a-2cd1-2ae9-d7f4773f663f,8,2025-10-07T12:39:52Z,2025-10-07T10:23:55Z
3bdb8161-91f3-d1a5-3aba-634c939fea79,cc206997-2256-9a84-bb49-331c5fa7ef49,1,2025-09-26T17:07:13Z,2025-09-26T13:35:30Z
1fe09473-966c-f189-66e9-c1c9ca50369d,cc206997-2256-9a84-bb49-331c5fa7ef49,2,2025-09-28T16:37:48Z,2025-09-28T23:37:38Z
9c3fde7e-9bfb-6b0f-024c-56e87915f5ca,cc206997-2256-9a84-bb49-331c5fa7ef49,4,2025-09-29T16:32:27Z,2025-09-29T13:59:05Z
8d2d2ef9-74df-c689-a354-17857cf41f14,cc206997-2256-9a84-bb49-331c5fa7ef49,5,2025-10-01T10:04:16Z,2025-10-01T15:03:15Z
74e68a4c-71db-d8e4-f720-299a3f6a1cf5,cc206997-2256-9a84-bb49-331c5fa7ef49,6,2025-11-01T19:35:47Z,2025-11-01T04:42:19Z
2d0aaff5-98f8-5f36-0d1f-6c6dd7cb935c,6d134069-205c-eb23-c530-0e3d51746203,1,2025-02-05T07:42:58Z,2025-02-05T19:52:33Z
5157605e-c6e8-3190-cd5e-f1d7ab43b60a,6d134069-205c-eb23-c530-0e3d51746203,2,2025-02-06T21:24:49Z,2025-02-06T04:07:55Z
4050f11d-ae06-59ad-282d-96e135b589e1,6d134069-205c-eb23-c530-0e3d51746203,4,2025-02-07T14:56:21Z,2025-02-07T03:30:33Z
75128967-855d-615e-a925-f2cadd4e267e,6d134069-205c-eb23-c530-0e3d51746203,5,2025-02-07T15:11:29Z,2025-02-07T10:39:47Z
e77a8ccd-c7d3-bcfa-18bb-f9dd4b824485,6d134069-205c-eb23-c530-0e3d51746203,6,2025-03-07T15:25:29Z,2025-03-07T17:33:19Z
c57f9edb-8a1d-be55-72bf-c605a6cc4e09,61ba6cd5-15b5-c636-48b8-1f2642091194,1,2025-10-25T01:18:49Z,2025-10-25T23:54:19Z
cedbf24e-d8aa-270f-45a2-3004933e24e4,61ba6cd5-15b5-c636-48b8-1f2642091194,2,2025-10-28T16:30:10Z,2025-10-28T14:03:53Z
044a9c11-c5bb-2271-1346-ff238f7c1e8d,61ba6cd5-15b5-c636-48b8-1f2642091194,4,2025-10-29T16:46:37Z,2025-10-29T08:45:59Z
9ea08c13-9741-86b3-6d1d-97dcae4137e0,61ba6cd5-15b5-c636-48b8-1f2642091194,5,2025-10-31T17:04:12Z,2025-10-31T02:39:34Z
0f19bd07-c75c-6f81-2dc4-a74eb20c4d1d,61ba6cd5-15b5-c636-48b8-1f2642091194,6,2025-11-30T06:08:19Z,2025-11-30T07:01:53Z
9ae2d956-6bb3-334f-91ac-a709444de3ea,babb605e-58b3-64aa-45f4-cd38f6ee0b40,1,2026-03-01T04:05:02Z,2026-03-01T16:26:21Z
be9487c3-e456-1d30-42da-c250646cdbc3,babb605e-58b3-64aa-45f4-cd38f6ee0b40,2,2026-03-01T13:36:14Z,2026-03-01T14:58:13Z
422d35f8-fd31-3591-b797-aa7fc55ccf4f,babb605e-58b3-64aa-45f4-cd38f6ee0b40,4,2026-03-01T06:40:05Z,2026-03-01T11:14:33Z
ccc0a0b7-8b1b-9328-c069-186ed5bf4017,3d466657-b22c-00ab-4fcf-53c5d45c6706,1,2026-06-14T07:49:47Z,2026-06-14T03:19:13Z
273251c4-8961-ad68-dbc4-bb9472fbd49b,3d466657-b22c-00ab-4fcf-53c5d45c6706,2,2026-06-17T10:03:05Z,2026-06-17T05:37:58Z
0de2ea01-3588-a337-90e5-7f94f261d298,3d466657-b22c-00ab-4fcf-53c5d45c6706,4,2026-06-18T05:51:30Z,2026-06-18T16:23:11Z
096737f9-9c24-aee0-b2b8-f8987cbeabdc,3d466657-b22c-00ab-4fcf-53c5d45c6706,5,2026-06-20T15:32:23Z,2026-06-20T11:07:23Z
85e389de-8502-aea5-2348-249c67f3e89f,3d466657-b22c-00ab-4fcf-53c5d45c6706,6,2026-07-20T20:10:31Z,2026-07-20T23:45:00Z
35e1f7d5-a549-3e47-bc37-5059cb6669d0,ede01e29-f67f-ae51-9ce1-a213bf4ace4c,1,2025-07-03T12:21:05Z,2025-07-03T19:05:37Z
0fd84c11-7eac-6a8c-73b2-aaef21159f26,ede01e29-f67f-ae51-9ce1-a213bf4ace4c,2,2025-07-06T08:24:27Z,2025-07-06T12:32:22Z
656004ae-ecc1-cf89-42e8-b7f4d8841a37,ede01e29-f67f-ae51-9ce1-a213bf4ace4c,4,2025-07-06T09:25:24Z,2025-07-06T15:08:15Z
235805d9-513d-4c74-1bc2-15f8c7cb4d80,ede01e29-f67f-ae51-9ce1-a213bf4ace4c,5,2025-07-09T00:50:38Z,2025-07-09T22:14:18Z
aff6748d-2e59-e225-ccc9-f7c7fdb3d9f0,ede01e29-f67f-ae51-9ce1-a213bf4ace4c,6,2026-07-09T03:47:34Z,2026-07-09T17:16:29Z
2dd70612-5337-9c3a-d4d1-178c77e4a0ee,3d2814ef-4fa9-e165-a447-0325202a293b,1,2025-11-02T00:41:53Z,2025-11-02T00:40:30Z
c776b913-6ad3-374c-a239-5be7839f2874,3d2814ef-4fa9-e165-a447-0325202a293b,2,2025-11-05T13:36:12Z,2025-11-05T12:30:36Z
34bf5951-0567-c587-362d-a1bcba8657b1,3d2814ef-4fa9-e165-a447-0325202a293b,4,2025-11-06T04:01:34Z,2025-11-06T21:20:44Z
e9ba0729-2436-91cf-f5bd-a8be1df9bc53,3d2814ef-4fa9-e165-a447-0325202a293b,5,2025-11-08T02:37:34Z,2025-11-08T15:28:20Z
2f0147d7-83a1-5789-b461-e2a72c79e7ed,3d2814ef-4fa9-e165-a447-0325202a293b,7,2026-05-15T09:38:29Z,2026-05-15T11:57:18Z
df7be49a-83bb-73db-971e-e05aaa176905,ae39e2a6-7822-5d8c-612e-fdec3b0c18aa,1,2025-11-18T05:40:33Z,2025-11-18T13:47:17Z
6fcc19b9-0ee4-14e8-f9d6-a63fd8c70f7b,ae39e2a6-7822-5d8c-612e-fdec3b0c18aa,2,2025-11-20T06:48:48Z,2025-11-20T20:34:36Z
04245b14-33f2-9a4f-e7db-3f7df1f02434,ae39e2a6-7822-5d8c-612e-fdec3b0c18aa,4,2025-11-21T21:30:09Z,2025-11-21T14:09:10Z
d29c475a-32c5-cea6-d280-71a18ba3730e,ae39e2a6-7822-5d8c-612e-fdec3b0c18aa,5,2025-11-24T02:36:04Z,2025-11-24T17:17:16Z
2655f348-2025-1041-7354-e2328dcd4d22,af74184c-c3ee-e06a-058e-5735ac16fca1,1,2025-03-14T15:00:47Z,2025-03-14T06:14:40Z
97028ed8-0119-f816-f4c0-12b6633e85b1,af74184c-c3ee-e06a-058e-5735ac16fca1,2,2025-03-17T15:57:22Z,2025-03-17T13:05:22Z
8709c798-8a5a-ac99-5e41-186874e5fb64,af74184c-c3ee-e06a-058e-5735ac16fca1,4,2025-03-17T07:57:04Z,2025-03-17T04:36:44Z
fd5c388c-7e8d-670f-fde0-04a2dd79baac,af74184c-c3ee-e06a-058e-5735ac16fca1,5,2025-03-21T01:29:29Z,2025-03-21T19:36:07Z
441b5eab-b80a-0620-1b67-990f2afab388,af74184c-c3ee-e06a-058e-5735ac16fca1,6,2025-09-21T04:33:20Z,2025-09-21T19:14:31Z
c68880ad-1e29-8ce5-24b5-280b19d4797c,8225d52e-f7b6-2365-ec0e-b9953c9b9db0,1,2025-03-11T00:30:26Z,2025-03-11T10:30:21Z
15a47335-ebca-d2d5-2f92-718c9d627187,8225d52e-f7b6-2365-ec0e-b9953c9b9db0,2,2025-03-11T20:13:53Z,2025-03-11T13:53:11Z
9bca5ada-b8e8-a89f-dd88-b7c63938b616,8225d52e-f7b6-2365-ec0e-b9953c9b9db0,4,2025-03-13T16:13:40Z,2025-03-13T18:39:21Z
271082b7-73b1-bd85-a1c5-e0a8ae1db6ea,8225d52e-f7b6-2365-ec0e-b9953c9b9db0,5,2025-03-13T00:07:46Z,2025-03-13T00:30:58Z
9fead1ec-154b-1b1d-f975-28974de50036,4057c5f9-ab5b-3c9f-6d09-879b419c6043,1,2026-03-29T18:27:13Z,2026-03-29T10:33:05Z
d37eb9b6-c8d0-f897-001a-804d7c90b802,4057c5f9-ab5b-3c9f-6d09-879b419c6043,2,2026-03-29T10:45:49Z,2026-03-29T22:08:55Z
73638b1d-c33b-dbb1-89a7-0b41895f5b63,4057c5f9-ab5b-3c9f-6d09-879b419c6043,4,2026-03-29T10:11:41Z,2026-03-29T22:10:18Z
59946922-995f-aa97-5dd7-97a19f4e0fc9,4057c5f9-ab5b-3c9f-6d09-879b419c6043,5,2026-03-29T16:04:54Z,2026-03-29T06:21:44Z
9f05a177-7e49-09ea-ac24-50d9d6bdc179,4057c5f9-ab5b-3c9f-6d09-879b419c6043,6,2026-04-29T10:14:30Z,2026-04-29T22:22:07Z
01a0b120-8413-545e-b618-2c87b2db31db,89074d59-7d64-2428-8088-5cdc0a0fa241,1,2025-07-01T17:28:30Z,2025-07-01T20:39:33Z
e9ab66ee-ac19-33fd-cfb8-0735f11f7ced,89074d59-7d64-2428-8088-5cdc0a0fa241,2,2025-07-03T14:26:25Z,2025-07-03T07:53:24Z
6b12c94c-5c1a-2cbb-ee9d-f79115955c9b,89074d59-7d64-2428-8088-5cdc0a0fa241,4,2025-07-03T17:06:01Z,2025-07-03T21:15:44Z
16aa7d5c-c414-8dab-8b98-47509d0ef1aa,0430a7c6-2b9c-1f09-e5b5-323d9ba8aad2,1,2025-06-07T11:07:53Z,2025-06-07T07:00:59Z
4689761b-fcba-b9f0-e017-2f5fa243c105,0430a7c6-2b9c-1f09-e5b5-323d9ba8aad2,2,2025-06-10T21:09:46Z,2025-06-10T02:24:48Z
9a16d0c0-b7fc-a9c5-05a1-b9eaada8e6bb,0430a7c6-2b9c-1f09-e5b5-323d9ba8aad2,4,2025-06-10T18:52:01Z,2025-06-10T03:31:06Z
c8cf62d8-e864-b751-030a-95919c8d1e4b,0430a7c6-2b9c-1f09-e5b5-323d9ba8aad2,5,2025-06-14T03:19:43Z,2025-06-14T16:29:59Z
73acc2d4-73f0-258a-230b-935edc067ad8,0430a7c6-2b9c-1f09-e5b5-323d9ba8aad2,7,2025-11-04T14:41:07Z,2025-11-04T08:57:01Z
6d83881e-daeb-e921-335e-6be1afb0b4fd,53517e3e-b5a2-2aa1-323b-22b833baced1,1,2025-11-14T03:29:25Z,2025-11-14T10:40:25Z
231576dc-8790-7006-440f-84bcc86be59f,53517e3e-b5a2-2aa1-323b-22b833baced1,2,2025-11-15T14:52:13Z,2025-11-15T19:02:40Z
a4a08814-fa57-27b1-c9a3-9a2cc9bdb8bf,53517e3e-b5a2-2aa1-323b-22b833baced1,4,2025-11-17T07:02:32Z,2025-11-17T04:29:56Z
e4541c1c-e42b-0148-0529-d567970eb201,53517e3e-b5a2-2aa1-323b-22b833baced1,5,2025-11-17T22:35:30Z,2025-11-17T20:26:08Z
963aae3b-0b64-8fcc-2284-48e5f0f36c42,53517e3e-b5a2-2aa1-323b-22b833baced1,6,2026-02-17T19:02:24Z,2026-02-17T01:34:49Z
97d71327-1e19-9a84-5e3e-476167aaef1d,0ee5fa8e-69cd-c2a5-7e37-f879d41b5eb4,1,2026-01-29T21:16:45Z,2026-01-29T21:08:58Z
0601de0f-f168-6941-4371-58606fd14740,0ee5fa8e-69cd-c2a5-7e37-f879d41b5eb4,2,2026-02-01T23:22:14Z,2026-02-01T20:20:38Z
762ef877-ad75-5c54-d8d5-5ee07129efbb,0ee5fa8e-69cd-c2a5-7e37-f879d41b5eb4,4,2026-02-03T00:52:34Z,2026-02-03T08:45:19Z
200c8d1a-0936-9cec-1deb-0ed6f7d956c8,0ee5fa8e-69cd-c2a5-7e37-f879d41b5eb4,5,2026-02-04T06:48:40Z,2026-02-04T15:00:53Z
9afb4c6b-ec8d-edfa-c7e1-0d2b9dfc2af1,0ee5fa8e-69cd-c2a5-7e37-f879d41b5eb4,6,2026-03-04T11:25:18Z,2026-03-04T05:57:55Z
442c6040-538b-9566-a54b-0b0e89334069,525a1ce6-62db-181f-c27c-da97f46ad925,1,2025-09-12T08:55:59Z,2025-09-12T12:09:09Z
f51d872b-62d6-82db-3c6c-c2caecfc7787,525a1ce6-62db-181f-c27c-da97f46ad925,2,2025-09-14T03:32:21Z,2025-09-14T23:53:34Z
c53e9d26-ce09-6985-5118-57996612f034,525a1ce6-62db-181f-c27c-da97f46ad925,4,2025-09-15T05:06:16Z,2025-09-15T23:59:03Z
507d3ebb-4e2d-5f7a-5a25-a8a8d73ef33c,525a1ce6-62db-181f-c27c-da97f46ad925,5,2025-09-19T08:33:48Z,2025-09-19T17:57:12Z
ecc89568-e74b-02f1-ae17-54b54abac025,525a1ce6-62db-181f-c27c-da97f46ad925,6,2025-10-19T09:52:19Z,2025-10-19T08:29:36Z
6af8753c-061e-29e2-8263-8105f5dab307,447fcdb3-62b7-1845-5683-93e3c86e447d,1,2026-05-10T04:57:43Z,2026-05-10T10:24:16Z
2f80b691-652a-8a4f-8c04-6fb8760f0183,447fcdb3-62b7-1845-5683-93e3c86e447d,2,2026-05-12T08:52:42Z,2026-05-12T11:41:19Z
c05ff664-bccf-e169-6ee1-b2a149820ca5,447fcdb3-62b7-1845-5683-93e3c86e447d,4,2026-05-12T18:05:12Z,2026-05-12T21:47:27Z
5f19cacb-cc6f-18d0-bff1-6600f26e8b06,447fcdb3-62b7-1845-5683-93e3c86e447d,5,2026-05-13T02:15:05Z,2026-05-13T09:26:14Z
43e73a6d-9813-49c8-0f7e-113541ffc67c,5cdfc415-08db-1a74-a54a-2c08442fc540,1,2025-03-02T17:37:21Z,2025-03-02T04:53:47Z
af8a719f-0f37-80af-8e43-058c3349b5eb,5cdfc415-08db-1a74-a54a-2c08442fc540,2,2025-03-02T14:15:48Z,2025-03-02T01:31:35Z
c71c389a-b67e-3fa3-74bf-bb55982c9d52,5cdfc415-08db-1a74-a54a-2c08442fc540,4,2025-03-03T01:40:14Z,2025-03-03T05:05:21Z
9571c4f1-cae1-0533-499d-324611335eb6,5cdfc415-08db-1a74-a54a-2c08442fc540,5,2025-03-04T18:07:03Z,2025-03-04T02:02:29Z
0a89ee2d-8de1-b3b2-0555-35627a5d50b6,5cdfc415-08db-1a74-a54a-2c08442fc540,6,2026-03-04T23:01:55Z,2026-03-04T19:21:03Z
6a0c3413-6b6f-77b5-c94e-cb9bcfaaa1e3,23f241f2-900c-ca30-cbe2-00b46dfa4be2,1,2025-03-17T23:34:40Z,2025-03-17T01:54:09Z
f442ecbc-399b-39e5-1e46-e6c2e3af57f7,23f241f2-900c-ca30-cbe2-00b46dfa4be2,3,2025-03-18T01:41:08Z,2025-03-18T15:35:49Z
57b44bea-89a4-15e7-8dc6-be9e3d4eb295,2da7a143-7ebd-3f19-e2f4-05b7150e8cc0,1,2025-04-16T12:28:28Z,2025-04-16T00:16:47Z
37474891-a0a3-639d-892f-583163881a3b,2da7a143-7ebd-3f19-e2f4-05b7150e8cc0,2,2025-04-17T03:16:01Z,2025-04-17T13:58:36Z
02116d4d-58bf-777e-5de0-6ebc85672098,2da7a143-7ebd-3f19-e2f4-05b7150e8cc0,4,2025-04-19T20:21:08Z,2025-04-19T01:34:45Z
fd1f5d51-f904-25db-d4e5-b9c099905cd1,2da7a143-7ebd-3f19-e2f4-05b7150e8cc0,5,2025-04-19T10:05:45Z,2025-04-19T17:27:49Z
1b3b221e-6971-7c51-2bbf-1c81dd993fc7,2da7a143-7ebd-3f19-e2f4-05b7150e8cc0,6,2026-04-19T01:35:14Z,2026-04-19T04:03:54Z
55359356-4704-b54d-c6e3-c622809ad5e6,5c9b3254-ed6f-e12e-9b43-05ca7333e5b1,1,2025-04-24T15:27:44Z,2025-04-24T11:50:04Z
6376662f-eb32-c464-a107-af8c879c1ac1,5c9b3254-ed6f-e12e-9b43-05ca7333e5b1,3,2025-04-25T15:43:54Z,2025-04-25T12:08:47Z
13a17b7e-355a-ac7e-9607-5a20ee2924d4,724840aa-b9e9-15c7-36f9-f4c19aa6f28b,1,2026-03-31T14:04:00Z,2026-03-31T07:24:58Z
94c992e5-e66d-0201-a543-bd61ccf973cb,724840aa-b9e9-15c7-36f9-f4c19aa6f28b,2,2026-04-01T01:34:30Z,2026-04-01T17:32:56Z
c8112222-098e-e4a4-13bc-f2c9a739fe4a,724840aa-b9e9-15c7-36f9-f4c19aa6f28b,4,2026-04-01T21:39:40Z,2026-04-01T12:35:26Z
9dc13d9e-8a0a-6154-afed-b02192a89cec,724840aa-b9e9-15c7-36f9-f4c19aa6f28b,5,2026-04-03T14:18:02Z,2026-04-03T10:58:29Z
ec8d5137-7763-f3c1-f888-35dd0f8f9a3f,724840aa-b9e9-15c7-36f9-f4c19aa6f28b,6,2026-05-03T13:05:16Z,2026-05-03T22:11:45Z
c8a7df8a-88f1-ff5a-c1c6-0d1dfc42a066,48f2d940-d5e9-400e-6007-b755d1b44ba2,1,2025-05-14T15:33:24Z,2025-05-14T06:06:43Z
5fb22fc6-97ca-e1ea-1c81-786e74b0a530,48f2d940-d5e9-400e-6007-b755d1b44ba2,2,2025-05-16T05:01:22Z,2025-05-16T18:07:16Z
81c87ec7-879b-ff42-cbb4-d540705c98cd,48f2d940-d5e9-400e-6007-b755d1b44ba2,4,2025-05-18T01:17:55Z,2025-05-18T06:52:13Z
845f0507-18f3-5795-2988-6eb69a4856e3,48f2d940-d5e9-400e-6007-b755d1b44ba2,5,2025-05-19T01:44:51Z,2025-05-19T12:04:07Z
72f6d63b-bfc9-6c01-06eb-893fd839128a,89e9cc6c-aa3c-48af-fb33-02ed60ecda95,1,2026-05-16T07:57:46Z,2026-05-16T13:13:15Z
be4dda33-e037-4b3b-768b-35ae964a9ace,89e9cc6c-aa3c-48af-fb33-02ed60ecda95,2,2026-05-17T00:06:12Z,2026-05-17T18:34:49Z
e2beb0e2-c739-a9f8-3a39-378e9b4827c5,89e9cc6c-aa3c-48af-fb33-02ed60ecda95,4,2026-05-17T11:35:07Z,2026-05-17T11:00:28Z
3a368ec5-96b5-5e7c-a8df-e6c3dfa3c00f,89e9cc6c-aa3c-48af-fb33-02ed60ecda95,5,2026-05-17T16:42:11Z,2026-05-17T07:11:53Z
c426d8bf-cdae-d52a-0eaf-7d1ca89c060c,24f30a87-d0d3-6943-8efa-d613111c26d3,1,2026-05-05T10:24:11Z,2026-05-05T17:30:04Z
e5f81c0c-395c-568b-c555-7f4a63de6468,24f30a87-d0d3-6943-8efa-d613111c26d3,2,2026-05-05T10:37:42Z,2026-05-05T17:44:24Z
f5b51e9b-ef8f-d9b1-05b5-79895156ebfc,24f30a87-d0d3-6943-8efa-d613111c26d3,4,2026-05-07T06:07:29Z,2026-05-07T13:45:36Z
f729eb5c-5f0c-0427-ac73-cb40c825f229,24f30a87-d0d3-6943-8efa-d613111c26d3,5,2026-05-10T03:50:06Z,2026-05-10T20:22:52Z
432ea331-d043-9452-4639-b1555ae2ed8a,24f30a87-d0d3-6943-8efa-d613111c26d3,6,2026-06-10T09:15:51Z,2026-06-10T17:33:13Z
dd9f806f-3222-1029-46cb-dbcc4f1e3356,2081a974-2283-dc7a-dca5-99db4d06900c,1,2025-03-21T11:09:27Z,2025-03-21T05:08:55Z
9b733fe9-9f33-bd50-6b6e-e260a39b472a,2081a974-2283-dc7a-dca5-99db4d06900c,2,2025-03-22T15:55:05Z,2025-03-22T08:26:24Z
41e99282-6fb2-afde-ed9e-efb70dd50995,2081a974-2283-dc7a-dca5-99db4d06900c,8,2025-03-26T12:24:12Z,2025-03-26T21:35:53Z
b9571b03-02f3-4528-4860-ee192c1afa97,76dcadb2-ec14-e0c2-5ad3-7fa4029b680d,1,2025-09-11T21:13:04Z,2025-09-11T16:33:26Z
d2c841bf-46c7-e4c0-63b2-dd1d2ab0feac,76dcadb2-ec14-e0c2-5ad3-7fa4029b680d,2,2025-09-14T11:56:51Z,2025-09-14T22:28:27Z
fd4d4493-39ac-a4c3-e332-7d5c1cf2cbda,76dcadb2-ec14-e0c2-5ad3-7fa4029b680d,4,2025-09-14T11:22:25Z,2025-09-14T12:42:21Z
0bb8ca1b-08b1-231a-2e86-5cff2902ec72,76dcadb2-ec14-e0c2-5ad3-7fa4029b680d,5,2025-09-15T13:21:59Z,2025-09-15T05:42:55Z
99e74606-969d-fe13-cf1f-a1a83b726970,76dcadb2-ec14-e0c2-5ad3-7fa4029b680d,6,2025-10-15T02:30:24Z,2025-10-15T10:04:17Z
1d240378-4902-998f-f4fa-b3f9df9c0de7,744b6ede-b538-2451-0664-aa1201269d7b,1,2025-11-08T11:30:00Z,2025-11-08T02:29:32Z
0b15b0cc-1675-40ab-8eed-f0b5578416a0,744b6ede-b538-2451-0664-aa1201269d7b,2,2025-11-11T07:33:15Z,2025-11-11T02:51:48Z
d37487d9-43af-7e43-89b0-8bd4b3402084,744b6ede-b538-2451-0664-aa1201269d7b,4,2025-11-13T17:04:19Z,2025-11-13T02:23:23Z
bf4f6122-eecd-49ba-1d17-9e6f39a9c5d4,744b6ede-b538-2451-0664-aa1201269d7b,5,2025-11-17T10:00:27Z,2025-11-17T18:00:12Z
daacefce-a405-919d-3e64-d5e35c898a4d,744b6ede-b538-2451-0664-aa1201269d7b,6,2025-12-17T13:55:04Z,2025-12-17T10:36:27Z
06571ab8-adbf-46e8-5f59-c8c8b1e4f172,72b0b877-ae4b-b39f-9226-f5039ee362b1,1,2025-07-19T21:25:52Z,2025-07-19T20:31:40Z
09b7ba4b-ad3e-69ee-9830-7dab2d632e0f,72b0b877-ae4b-b39f-9226-f5039ee362b1,2,2025-07-22T08:34:44Z,2025-07-22T22:50:40Z
b70197cc-0dba-3428-9c6e-03eb2e42e645,72b0b877-ae4b-b39f-9226-f5039ee362b1,4,2025-07-23T06:40:16Z,2025-07-23T14:23:29Z
0401c69a-75f8-fa37-e7e6-cbe928fde3bf,72b0b877-ae4b-b39f-9226-f5039ee362b1,5,2025-07-25T08:15:22Z,2025-07-25T00:22:28Z
2fb0c6b9-b679-8dc8-4a9e-7b7605dd0160,72b0b877-ae4b-b39f-9226-f5039ee362b1,6,2025-08-25T22:17:18Z,2025-08-25T21:27:07Z
f29c72ea-08a9-c18f-3ce6-c9dd27bc7a23,7f607194-9725-b519-7e59-85baee664b37,1,2026-01-10T13:19:02Z,2026-01-10T08:35:19Z
0caf53ff-d131-c308-9eda-90182cdd0bb1,7f607194-9725-b519-7e59-85baee664b37,2,2026-01-13T01:58:52Z,2026-01-13T00:22:59Z
1663f1f8-c425-f3be-5907-579c4b9bc15f,7f607194-9725-b519-7e59-85baee664b37,4,2026-01-15T13:03:13Z,2026-01-15T16:05:46Z
fdad17a3-0c29-b1c1-ccf1-a52b03700972,7f607194-9725-b519-7e59-85baee664b37,5,2026-01-18T13:14:28Z,2026-01-18T18:51:52Z
c6c05820-c9be-66a0-603a-2ff5d113e73c,7f607194-9725-b519-7e59-85baee664b37,6,2026-02-18T01:20:26Z,2026-02-18T08:01:40Z
b57e5f0e-7bb7-c5b3-086d-d89052bf3e1d,c498e426-1601-f7a4-d732-1baa725a8a60,1,2025-12-20T01:56:55Z,2025-12-20T13:48:07Z
aa95c365-56d7-ab81-9916-5f2c163e5a6d,c498e426-1601-f7a4-d732-1baa725a8a60,2,2025-12-21T04:43:01Z,2025-12-21T23:30:54Z
f48cc3c4-2c38-56a3-4e98-ab1cef538580,c498e426-1601-f7a4-d732-1baa725a8a60,4,2025-12-21T16:00:24Z,2025-12-21T12:54:43Z
1d3091e1-5090-430e-15fb-fc23d688038c,c498e426-1601-f7a4-d732-1baa725a8a60,5,2025-12-21T10:43:55Z,2025-12-21T17:59:29Z
930dca4a-222c-1fbb-6e34-f327c1b1974a,c498e426-1601-f7a4-d732-1baa725a8a60,7,2026-05-10T16:58:34Z,2026-05-10T09:50:42Z
